mu_MnOH2_eV,mu_H2O_eV,span_001_eV,span_011_eV,delta_span_011_minus_001_eV,log10_TOF_001_s-1,log10_TOF_011_s-1,log10_velocity_001_A_s-1,log10_velocity_011_A_s-1,log10_velocity_ratio_001_over_011,path_region_001,path_id_001,TDI_001,TDTS_001,cooptimal_paths_001,path_region_011,path_id_011,TDI_011,TDTS_011,cooptimal_paths_011
-4,-4,0.935398219,3.0360715,2.10067328,-3.01824066,-38.5269691,-2.6464342,-37.8362415,35.1898073,R017,P00065,S221,S222,2,R061,P68636,S433,S533,1
-3.95,-4,0.935398219,2.9860715,2.05067328,-3.01824066,-37.6817941,-2.6464342,-36.9910666,34.3446324,R017,P00065,S221,S222,2,R061,P68636,S433,S533,1
-3.9,-4,0.935398219,2.91933647,1.98393825,-3.01824066,-36.5537386,-2.6464342,-35.8630111,33.2165769,R017,P00065,S221,S222,3,R056,P68478,S544,S211,5
-3.85,-4,0.935398219,2.8156115,1.88021328,-3.01824066,-34.8004237,-2.6464342,-34.1096962,31.463262,R017,P00065,S221,S222,3,R056,P68478,S111,S211,5
-3.8,-4,0.935398219,2.7656115,1.83021328,-3.01824066,-33.9552488,-2.6464342,-33.2645212,30.618087,R017,P00065,S221,S222,3,R056,P68478,S111,S211,5
-3.75,-4,0.935398219,2.7156115,1.78021328,-3.01824066,-33.1100738,-2.6464342,-32.4193463,29.7729121,R017,P00065,S221,S222,3,R056,P68478,S111,S211,10
-3.7,-4,0.935398219,2.6656115,1.73021328,-3.01824066,-32.2648989,-2.6464342,-31.5741713,28.9277371,R017,P00065,S221,S222,3,R054,P68422,S111,S211,12
-3.65,-4,0.935398219,2.6156115,1.68021328,-3.01824066,-31.4197239,-2.6464342,-30.7289964,28.0825622,R017,P00065,S221,S222,3,R054,P68422,S111,S211,12
-3.6,-4,0.935398219,2.5656115,1.63021328,-3.01824066,-30.574549,-2.6464342,-29.8838215,27.2373873,R017,P00065,S221,S222,3,R054,P68422,S111,S211,12
-3.55,-4,0.935398219,2.5156115,1.58021328,-3.01824066,-29.7293741,-2.6464342,-29.0386465,26.3922123,R017,P00065,S221,S222,3,R054,P68422,S111,S211,12
-3.5,-4,0.89277525,2.4656115,1.57283625,-2.29776335,-28.8841991,-1.9259569,-28.1934716,26.2675147,R013,P00056,S112,S222,2,R054,P68422,S111,S211,12
-3.45,-4,0.84277525,2.4156115,1.57283625,-1.45258841,-28.0390242,-1.08078195,-27.3482966,26.2675147,R013,P00056,S112,S222,2,R054,P68422,S111,S211,12
-3.4,-4,0.79277525,2.3656115,1.57283625,-0.607413468,-27.1938492,-0.23560701,-26.5031217,26.2675147,R013,P00056,S112,S222,2,R054,P68422,S111,S211,12
-3.35,-4,0.74277525,2.3156115,1.57283625,0.237761475,-26.3486743,0.609567933,-25.6579467,26.2675147,R013,P00056,S112,S222,2,R054,P68422,S111,S211,12
-3.3,-4,0.69277525,2.2656115,1.57283625,1.08293642,-25.5034993,1.45474288,-24.8127718,26.2675147,R013,P00056,S112,S222,2,R054,P68422,S111,S211,12
-3.25,-4,0.64277525,2.2156115,1.57283625,1.92811136,-24.6583244,2.29991782,-23.9675969,26.2675147,R013,P00056,S112,S222,2,R054,P68422,S111,S211,12
-3.2,-4,0.59277525,2.1656115,1.57283625,2.7732863,-23.8131495,3.14509276,-23.1224219,26.2675147,R013,P00056,S112,S222,2,R054,P68422,S111,S211,12
-3.15,-4,0.54277525,2.1156115,1.57283625,3.61846125,-22.9679745,3.99026771,-22.277247,26.2675147,R013,P00056,S112,S222,2,R054,P68422,S111,S211,12
-3.1,-4,0.49277525,2.0656115,1.57283625,4.46363619,-22.1227996,4.83544265,-21.432072,26.2675147,R013,P00056,S112,S222,2,R054,P68422,S111,S211,12
-3.05,-4,0.44277525,2.0156115,1.57283625,5.30881113,-21.2776246,5.68061759,-20.5868971,26.2675147,R013,P00056,S112,S222,2,R054,P68422,S111,S211,12
-3,-4,0.39277525,1.9656115,1.57283625,6.15398608,-20.4324497,6.52579253,-19.7417221,26.2675147,R013,P00056,S112,S222,2,R054,P68422,S111,S211,12
-2.95,-4,0.34277525,1.9156115,1.57283625,6.99916102,-19.5872747,7.37096748,-18.8965472,26.2675147,R013,P00056,S112,S222,2,R028,P22552,S111,S211,24
-2.9,-4,0.29277525,1.8656115,1.57283625,7.84433596,-18.7420998,8.21614242,-18.0513723,26.2675147,R013,P00056,S112,S222,2,R028,P22552,S111,S211,24
-2.85,-4,0.24277525,1.8156115,1.57283625,8.68951091,-17.8969249,9.06131736,-17.2061973,26.2675147,R013,P00056,S112,S222,2,R028,P22552,S111,S211,24
-2.8,-4,0.19277525,1.7656115,1.57283625,9.53468585,-17.0517499,9.90649231,-16.3610224,26.2675147,R013,P00056,S112,S222,2,R028,P22552,S111,S211,24
-2.75,-4,0.14277525,1.7156115,1.57283625,10.3798608,-16.206575,10.7516672,-15.5158474,26.2675147,R013,P00056,S112,S222,2,R028,P22552,S111,S211,24
-2.7,-4,0.09277525,1.6656115,1.57283625,11.2250357,-15.3614,11.5968422,-14.6706725,26.2675147,R013,P00056,S112,S222,2,R028,P22552,S111,S211,24
-2.65,-4,0.04277525,1.6156115,1.57283625,12.0702107,-14.5162251,12.4420171,-13.8254975,26.2675147,R013,P00056,S112,S222,2,R028,P22552,S111,S211,24
-2.6,-4,0,1.5656115,1.5656115,12.7932621,-13.6710501,13.1650685,-12.9803226,26.1453911,R013,P00056,S000,S000,2,R028,P22552,S111,S211,24
-2.55,-4,0,1.5156115,1.5156115,12.7932621,-12.8258752,13.1650685,-12.1351477,25.3002162,R013,P00056,S000,S000,2,R028,P22552,S111,S211,24
-2.5,-4,0,1.4656115,1.4656115,12.7932621,-11.9807003,13.1650685,-11.2899727,24.4550412,R013,P00056,S000,S000,2,R028,P22552,S111,S211,24
-2.45,-4,0,1.4156115,1.4156115,12.7932621,-11.1355253,13.1650685,-10.4447978,23.6098663,R013,P00056,S000,S000,2,R028,P22552,S111,S211,24
-2.4,-4,0,1.3656115,1.3656115,12.7932621,-10.2903504,13.1650685,-9.59962282,22.7646913,R013,P00056,S000,S000,2,R028,P22552,S111,S211,24
-2.35,-4,0,1.3156115,1.3156115,12.7932621,-9.44517542,13.1650685,-8.75444788,21.9195164,R013,P00056,S000,S000,2,R028,P22552,S111,S211,24
-2.3,-4,0,1.2656115,1.2656115,12.7932621,-8.60000048,13.1650685,-7.90927294,21.0743415,R013,P00056,S000,S000,2,R028,P22552,S111,S211,24
-2.25,-4,0,1.2156115,1.2156115,12.7932621,-7.75482554,13.1650685,-7.06409799,20.2291665,R013,P00056,S000,S000,2,R028,P22552,S111,S211,24
-2.2,-4,0,1.1656115,1.1656115,12.7932621,-6.9096506,13.1650685,-6.21892305,19.3839916,R013,P00056,S000,S000,2,R028,P22552,S111,S211,24
-2.15,-4,0,1.1156115,1.1156115,12.7932621,-6.06447565,13.1650685,-5.37374811,18.5388166,R013,P00056,S000,S000,2,R028,P22552,S111,S211,24
-2.1,-4,0,1.0656115,1.0656115,12.7932621,-5.21930071,13.1650685,-4.52857317,17.6936417,R013,P00056,S000,S000,2,R028,P22552,S111,S211,24
-2.05,-4,0,1.0156115,1.0156115,12.7932621,-4.37412577,13.1650685,-3.68339822,16.8484667,R013,P00056,S000,S000,2,R028,P22552,S111,S211,24
-2,-4,0,0.9656115,0.9656115,12.7932621,-3.52895082,13.1650685,-2.83822328,16.0032918,R013,P00056,S000,S000,2,R028,P22552,S111,S211,24
-1.95,-4,0,0.9156115,0.9156115,12.7932621,-2.68377588,13.1650685,-1.99304834,15.1581169,R013,P00056,S000,S000,2,R028,P22552,S111,S211,24
-1.9,-4,0,0.8656115,0.8656115,12.7932621,-1.83860094,13.1650685,-1.14787339,14.3129419,R013,P00056,S000,S000,2,R028,P22552,S111,S211,24
-1.85,-4,0,0.8156115,0.8156115,12.7932621,-0.993425994,13.1650685,-0.30269845,13.467767,R013,P00056,S000,S000,2,R028,P22552,S111,S211,24
-1.8,-4,0,0.7656115,0.7656115,12.7932621,-0.148251051,13.1650685,0.542476493,12.622592,R013,P00056,S000,S000,2,R028,P22552,S111,S211,24
-1.75,-4,0,0.7156115,0.7156115,12.7932621,0.696923892,13.1650685,1.38765144,11.7774171,R013,P00056,S000,S000,2,R028,P22552,S111,S211,24
-1.7,-4,0,0.6656115,0.6656115,12.7932621,1.54209883,13.1650685,2.23282638,10.9322421,R013,P00056,S000,S000,2,R028,P22552,S111,S211,24
-1.65,-4,0,0.6156115,0.6156115,12.7932621,2.38727378,13.1650685,3.07800132,10.0870672,R013,P00056,S000,S000,2,R028,P22552,S111,S211,24
-1.6,-4,0,0.5656115,0.5656115,12.7932621,3.23244872,13.1650685,3.92317626,9.24189226,R013,P00056,S000,S000,2,R028,P22552,S111,S211,24
-1.55,-4,0,0.5156115,0.5156115,12.7932621,4.07762366,13.1650685,4.76835121,8.39671732,R013,P00056,S000,S000,2,R028,P22552,S111,S211,24
-1.5,-4,0,0.4656115,0.4656115,12.7932621,4.92279861,13.1650685,5.61352615,7.55154237,R013,P00056,S000,S000,2,R028,P22552,S111,S211,24
-1.45,-4,0,0.4156115,0.4156115,12.7932621,5.76797355,13.1650685,6.45870109,6.70636743,R013,P00056,S000,S000,2,R028,P22552,S111,S211,24
-1.4,-4,0,0.3656115,0.3656115,12.7932621,6.61314849,13.1650685,7.30387604,5.86119249,R013,P00056,S000,S000,2,R028,P22552,S111,S211,24
-1.35,-4,0,0.3156115,0.3156115,12.7932621,7.45832344,13.1650685,8.14905098,5.01601755,R013,P00056,S000,S000,2,R028,P22552,S111,S211,24
-1.3,-4,0,0.2656115,0.2656115,12.7932621,8.30349838,13.1650685,8.99422592,4.1708426,R013,P00056,S000,S000,2,R028,P22552,S111,S211,24
-1.25,-4,0,0.2156115,0.2156115,12.7932621,9.14867332,13.1650685,9.83940087,3.32566766,R013,P00056,S000,S000,2,R028,P22552,S111,S211,24
-1.2,-4,0,0.1656115,0.1656115,12.7932621,9.99384827,13.1650685,10.6845758,2.48049272,R013,P00056,S000,S000,2,R028,P22552,S111,S211,24
-1.15,-4,0,0.1156115,0.1156115,12.7932621,10.8390232,13.1650685,11.5297508,1.63531777,R013,P00056,S000,S000,2,R028,P22552,S111,S211,24
-1.1,-4,0,0.0656115,0.0656115,12.7932621,11.6841982,13.1650685,12.3749257,0.79014283,R013,P00056,S000,S000,2,R028,P22552,S111,S211,24
-1.05,-4,0,0.0156115,0.0156115,12.7932621,12.5293731,13.1650685,13.2201006,-0.0550321129,R013,P00056,S000,S000,2,R028,P22552,S111,S211,24
-1,-4,0,0,0,12.7932621,12.7932621,13.1650685,13.4839896,-0.318921085,R010,P00053,S000,S000,8,R028,P22552,S000,S000,24
-0.95,-4,0,0,0,12.7932621,12.7932621,13.1650685,13.4839896,-0.318921085,R001,P00001,S000,S000,27,R028,P22552,S000,S000,56
-0.9,-4,0,0,0,12.7932621,12.7932621,13.1650685,13.4839896,-0.318921085,R001,P00001,S000,S000,39,R028,P22552,S000,S000,56
-0.85,-4,0,0,0,12.7932621,12.7932621,13.1650685,13.4839896,-0.318921085,R001,P00001,S000,S000,39,R028,P22552,S000,S000,56
-0.8,-4,0,0,0,12.7932621,12.7932621,13.1650685,13.4839896,-0.318921085,R001,P00001,S000,S000,39,R027,P22549,S000,S000,80
-0.75,-4,0,0,0,12.7932621,12.7932621,13.1650685,13.4839896,-0.318921085,R001,P00001,S000,S000,39,R027,P22549,S000,S000,80
-0.7,-4,0,0,0,12.7932621,12.7932621,13.1650685,13.4839896,-0.318921085,R001,P00001,S000,S000,49,R027,P22549,S000,S000,80
-0.65,-4,0,0,0,12.7932621,12.7932621,13.1650685,13.4839896,-0.318921085,R001,P00001,S000,S000,49,R012,P04429,S000,S000,140
-0.6,-4,0,0,0,12.7932621,12.7932621,13.1650685,13.4839896,-0.318921085,R001,P00001,S000,S000,68,R012,P04429,S000,S000,140
-0.55,-4,0,0,0,12.7932621,12.7932621,13.1650685,13.4839896,-0.318921085,R001,P00001,S000,S000,68,R012,P04429,S000,S000,140
-0.5,-4,0,0,0,12.7932621,12.7932621,13.1650685,13.4839896,-0.318921085,R001,P00001,S000,S000,68,R012,P04429,S000,S000,140
-0.45,-4,0,0,0,12.7932621,12.7932621,13.1650685,13.4839896,-0.318921085,R001,P00001,S000,S000,68,R012,P04429,S000,S000,182
-0.4,-4,0,0,0,12.7932621,12.7932621,13.1650685,13.4839896,-0.318921085,R001,P00001,S000,S000,68,R012,P04429,S000,S000,182
-0.35,-4,0,0,0,12.7932621,12.7932621,13.1650685,13.4839896,-0.318921085,R001,P00001,S000,S000,68,R012,P04429,S000,S000,182
-0.3,-4,0,0,0,12.7932621,12.7932621,13.1650685,13.4839896,-0.318921085,R001,P00001,S000,S000,68,R010,P03778,S000,S000,520
-0.25,-4,0,0,0,12.7932621,12.7932621,13.1650685,13.4839896,-0.318921085,R001,P00001,S000,S000,68,R010,P03778,S000,S000,520
-0.2,-4,0,0,0,12.7932621,12.7932621,13.1650685,13.4839896,-0.318921085,R001,P00001,S000,S000,69,R010,P03778,S000,S000,520
-0.15,-4,0,0,0,12.7932621,12.7932621,13.1650685,13.4839896,-0.318921085,R001,P00001,S000,S000,79,R010,P03778,S000,S000,520
-0.1,-4,0,0,0,12.7932621,12.7932621,13.1650685,13.4839896,-0.318921085,R001,P00001,S000,S000,79,R010,P03778,S000,S000,560
-0.05,-4,0,0,0,12.7932621,12.7932621,13.1650685,13.4839896,-0.318921085,R001,P00001,S000,S000,79,R010,P03778,S000,S000,700
0,-4,0,0,0,12.7932621,12.7932621,13.1650685,13.4839896,-0.318921085,R001,P00001,S000,S000,79,R010,P03778,S000,S000,700
-4,-3.95,0.960398219,3.0360715,2.07567328,-3.44082813,-38.5269691,-3.06902168,-37.8362415,34.7672199,R017,P00065,S221,S222,2,R061,P68636,S433,S533,1
-3.95,-3.95,0.960398219,2.9860715,2.02567328,-3.44082813,-37.6817941,-3.06902168,-36.9910666,33.9220449,R017,P00065,S221,S222,2,R061,P68636,S433,S533,1
-3.9,-3.95,0.960398219,2.9360715,1.97567328,-3.44082813,-36.8366192,-3.06902168,-36.1458916,33.07687,R017,P00065,S221,S222,2,R061,P68636,S433,S533,1
-3.85,-3.95,0.960398219,2.84433647,1.88393825,-3.44082813,-35.2859762,-3.06902168,-34.5952487,31.526227,R017,P00065,S221,S222,3,R056,P68478,S544,S211,5
-3.8,-3.95,0.960398219,2.7656115,1.80521328,-3.44082813,-33.9552488,-3.06902168,-33.2645212,30.1954996,R017,P00065,S221,S222,3,R056,P68478,S111,S211,5
-3.75,-3.95,0.960398219,2.7156115,1.75521328,-3.44082813,-33.1100738,-3.06902168,-32.4193463,29.3503246,R017,P00065,S221,S222,3,R056,P68478,S111,S211,5
-3.7,-3.95,0.960398219,2.6656115,1.70521328,-3.44082813,-32.2648989,-3.06902168,-31.5741713,28.5051497,R017,P00065,S221,S222,3,R056,P68478,S111,S211,10
-3.65,-3.95,0.960398219,2.6156115,1.65521328,-3.44082813,-31.4197239,-3.06902168,-30.7289964,27.6599747,R017,P00065,S221,S222,3,R054,P68422,S111,S211,12
-3.6,-3.95,0.960398219,2.5656115,1.60521328,-3.44082813,-30.574549,-3.06902168,-29.8838215,26.8147998,R017,P00065,S221,S222,3,R054,P68422,S111,S211,12
-3.55,-3.95,0.960398219,2.5156115,1.55521328,-3.44082813,-29.7293741,-3.06902168,-29.0386465,25.9696248,R017,P00065,S221,S222,3,R054,P68422,S111,S211,12
-3.5,-3.95,0.94277525,2.4656115,1.52283625,-3.1429383,-28.8841991,-2.77113184,-28.1934716,25.4223397,R013,P00056,S112,S222,2,R054,P68422,S111,S211,12
-3.45,-3.95,0.89277525,2.4156115,1.52283625,-2.29776335,-28.0390242,-1.9259569,-27.3482966,25.4223397,R013,P00056,S112,S222,2,R054,P68422,S111,S211,12
-3.4,-3.95,0.84277525,2.3656115,1.52283625,-1.45258841,-27.1938492,-1.08078195,-26.5031217,25.4223397,R013,P00056,S112,S222,2,R054,P68422,S111,S211,12
-3.35,-3.95,0.79277525,2.3156115,1.52283625,-0.607413468,-26.3486743,-0.23560701,-25.6579467,25.4223397,R013,P00056,S112,S222,2,R054,P68422,S111,S211,12
-3.3,-3.95,0.74277525,2.2656115,1.52283625,0.237761475,-25.5034993,0.609567933,-24.8127718,25.4223397,R013,P00056,S112,S222,2,R054,P68422,S111,S211,12
-3.25,-3.95,0.69277525,2.2156115,1.52283625,1.08293642,-24.6583244,1.45474288,-23.9675969,25.4223397,R013,P00056,S112,S222,2,R054,P68422,S111,S211,12
-3.2,-3.95,0.64277525,2.1656115,1.52283625,1.92811136,-23.8131495,2.29991782,-23.1224219,25.4223397,R013,P00056,S112,S222,2,R054,P68422,S111,S211,12
-3.15,-3.95,0.59277525,2.1156115,1.52283625,2.7732863,-22.9679745,3.14509276,-22.277247,25.4223397,R013,P00056,S112,S222,2,R054,P68422,S111,S211,12
-3.1,-3.95,0.54277525,2.0656115,1.52283625,3.61846125,-22.1227996,3.99026771,-21.432072,25.4223397,R013,P00056,S112,S222,2,R054,P68422,S111,S211,12
-3.05,-3.95,0.49277525,2.0156115,1.52283625,4.46363619,-21.2776246,4.83544265,-20.5868971,25.4223397,R013,P00056,S112,S222,2,R054,P68422,S111,S211,12
-3,-3.95,0.44277525,1.9656115,1.52283625,5.30881113,-20.4324497,5.68061759,-19.7417221,25.4223397,R013,P00056,S112,S222,2,R054,P68422,S111,S211,12
-2.95,-3.95,0.39277525,1.9156115,1.52283625,6.15398608,-19.5872747,6.52579253,-18.8965472,25.4223397,R013,P00056,S112,S222,2,R054,P68422,S111,S211,12
-2.9,-3.95,0.34277525,1.8656115,1.52283625,6.99916102,-18.7420998,7.37096748,-18.0513723,25.4223397,R013,P00056,S112,S222,2,R028,P22552,S111,S211,24
-2.85,-3.95,0.29277525,1.8156115,1.52283625,7.84433596,-17.8969249,8.21614242,-17.2061973,25.4223397,R013,P00056,S112,S222,2,R028,P22552,S111,S211,24
-2.8,-3.95,0.24277525,1.7656115,1.52283625,8.68951091,-17.0517499,9.06131736,-16.3610224,25.4223397,R013,P00056,S112,S222,2,R028,P22552,S111,S211,24
-2.75,-3.95,0.19277525,1.7156115,1.52283625,9.53468585,-16.206575,9.90649231,-15.5158474,25.4223397,R013,P00056,S112,S222,2,R028,P22552,S111,S211,24
-2.7,-3.95,0.14277525,1.6656115,1.52283625,10.3798608,-15.3614,10.7516672,-14.6706725,25.4223397,R013,P00056,S112,S222,2,R028,P22552,S111,S211,24
-2.65,-3.95,0.09277525,1.6156115,1.52283625,11.2250357,-14.5162251,11.5968422,-13.8254975,25.4223397,R013,P00056,S112,S222,2,R028,P22552,S111,S211,24
-2.6,-3.95,0.04277525,1.5656115,1.52283625,12.0702107,-13.6710501,12.4420171,-12.9803226,25.4223397,R013,P00056,S112,S222,2,R028,P22552,S111,S211,24
-2.55,-3.95,0,1.5156115,1.5156115,12.7932621,-12.8258752,13.1650685,-12.1351477,25.3002162,R013,P00056,S000,S000,2,R028,P22552,S111,S211,24
-2.5,-3.95,0,1.4656115,1.4656115,12.7932621,-11.9807003,13.1650685,-11.2899727,24.4550412,R013,P00056,S000,S000,2,R028,P22552,S111,S211,24
-2.45,-3.95,0,1.4156115,1.4156115,12.7932621,-11.1355253,13.1650685,-10.4447978,23.6098663,R013,P00056,S000,S000,2,R028,P22552,S111,S211,24
-2.4,-3.95,0,1.3656115,1.3656115,12.7932621,-10.2903504,13.1650685,-9.59962282,22.7646913,R013,P00056,S000,S000,2,R028,P22552,S111,S211,24
-2.35,-3.95,0,1.3156115,1.3156115,12.7932621,-9.44517542,13.1650685,-8.75444788,21.9195164,R013,P00056,S000,S000,2,R028,P22552,S111,S211,24
-2.3,-3.95,0,1.2656115,1.2656115,12.7932621,-8.60000048,13.1650685,-7.90927294,21.0743415,R013,P00056,S000,S000,2,R028,P22552,S111,S211,24
-2.25,-3.95,0,1.2156115,1.2156115,12.7932621,-7.75482554,13.1650685,-7.06409799,20.2291665,R013,P00056,S000,S000,2,R028,P22552,S111,S211,24
-2.2,-3.95,0,1.1656115,1.1656115,12.7932621,-6.9096506,13.1650685,-6.21892305,19.3839916,R013,P00056,S000,S000,2,R028,P22552,S111,S211,24
-2.15,-3.95,0,1.1156115,1.1156115,12.7932621,-6.06447565,13.1650685,-5.37374811,18.5388166,R013,P00056,S000,S000,2,R028,P22552,S111,S211,24
-2.1,-3.95,0,1.0656115,1.0656115,12.7932621,-5.21930071,13.1650685,-4.52857317,17.6936417,R013,P00056,S000,S000,2,R028,P22552,S111,S211,24
-2.05,-3.95,0,1.0156115,1.0156115,12.7932621,-4.37412577,13.1650685,-3.68339822,16.8484667,R013,P00056,S000,S000,2,R028,P22552,S111,S211,24
-2,-3.95,0,0.9656115,0.9656115,12.7932621,-3.52895082,13.1650685,-2.83822328,16.0032918,R013,P00056,S000,S000,2,R028,P22552,S111,S211,24
-1.95,-3.95,0,0.9156115,0.9156115,12.7932621,-2.68377588,13.1650685,-1.99304834,15.1581169,R013,P00056,S000,S000,2,R028,P22552,S111,S211,24
-1.9,-3.95,0,0.8656115,0.8656115,12.7932621,-1.83860094,13.1650685,-1.14787339,14.3129419,R013,P00056,S000,S000,2,R028,P22552,S111,S211,24
-1.85,-3.95,0,0.8156115,0.8156115,12.7932621,-0.993425994,13.1650685,-0.30269845,13.467767,R013,P00056,S000,S000,2,R028,P22552,S111,S211,24
-1.8,-3.95,0,0.7656115,0.7656115,12.7932621,-0.148251051,13.1650685,0.542476493,12.622592,R013,P00056,S000,S000,2,R028,P22552,S111,S211,24
-1.75,-3.95,0,0.7156115,0.7156115,12.7932621,0.696923892,13.1650685,1.38765144,11.7774171,R013,P00056,S000,S000,2,R028,P22552,S111,S211,24
-1.7,-3.95,0,0.6656115,0.6656115,12.7932621,1.54209883,13.1650685,2.23282638,10.9322421,R013,P00056,S000,S000,2,R028,P22552,S111,S211,24
-1.65,-3.95,0,0.6156115,0.6156115,12.7932621,2.38727378,13.1650685,3.07800132,10.0870672,R013,P00056,S000,S000,2,R028,P22552,S111,S211,24
-1.6,-3.95,0,0.5656115,0.5656115,12.7932621,3.23244872,13.1650685,3.92317626,9.24189226,R013,P00056,S000,S000,2,R028,P22552,S111,S211,24
-1.55,-3.95,0,0.5156115,0.5156115,12.7932621,4.07762366,13.1650685,4.76835121,8.39671732,R013,P00056,S000,S000,2,R028,P22552,S111,S211,24
-1.5,-3.95,0,0.4656115,0.4656115,12.7932621,4.92279861,13.1650685,5.61352615,7.55154237,R013,P00056,S000,S000,2,R028,P22552,S111,S211,24
-1.45,-3.95,0,0.4156115,0.4156115,12.7932621,5.76797355,13.1650685,6.45870109,6.70636743,R013,P00056,S000,S000,2,R028,P22552,S111,S211,24
-1.4,-3.95,0,0.3656115,0.3656115,12.7932621,6.61314849,13.1650685,7.30387604,5.86119249,R013,P00056,S000,S000,2,R028,P22552,S111,S211,24
-1.35,-3.95,0,0.3156115,0.3156115,12.7932621,7.45832344,13.1650685,8.14905098,5.01601755,R013,P00056,S000,S000,2,R028,P22552,S111,S211,24
-1.3,-3.95,0,0.2656115,0.2656115,12.7932621,8.30349838,13.1650685,8.99422592,4.1708426,R013,P00056,S000,S000,2,R028,P22552,S111,S211,24
-1.25,-3.95,0,0.2156115,0.2156115,12.7932621,9.14867332,13.1650685,9.83940087,3.32566766,R013,P00056,S000,S000,2,R028,P22552,S111,S211,24
-1.2,-3.95,0,0.1656115,0.1656115,12.7932621,9.99384827,13.1650685,10.6845758,2.48049272,R013,P00056,S000,S000,2,R028,P22552,S111,S211,24
-1.15,-3.95,0,0.1156115,0.1156115,12.7932621,10.8390232,13.1650685,11.5297508,1.63531777,R013,P00056,S000,S000,2,R028,P22552,S111,S211,24
-1.1,-3.95,0,0.0656115,0.0656115,12.7932621,11.6841982,13.1650685,12.3749257,0.79014283,R013,P00056,S000,S000,2,R028,P22552,S111,S211,24
-1.05,-3.95,0,0.0156115,0.0156115,12.7932621,12.5293731,13.1650685,13.2201006,-0.0550321129,R013,P00056,S000,S000,2,R028,P22552,S111,S211,24
-1,-3.95,0,0,0,12.7932621,12.7932621,13.1650685,13.4839896,-0.318921085,R010,P00053,S000,S000,8,R028,P22552,S000,S000,24
-0.95,-3.95,0,0,0,12.7932621,12.7932621,13.1650685,13.4839896,-0.318921085,R001,P00001,S000,S000,27,R028,P22552,S000,S000,56
-0.9,-3.95,0,0,0,12.7932621,12.7932621,13.1650685,13.4839896,-0.318921085,R001,P00001,S000,S000,39,R028,P22552,S000,S000,56
-0.85,-3.95,0,0,0,12.7932621,12.7932621,13.1650685,13.4839896,-0.318921085,R001,P00001,S000,S000,39,R028,P22552,S000,S000,56
-0.8,-3.95,0,0,0,12.7932621,12.7932621,13.1650685,13.4839896,-0.318921085,R001,P00001,S000,S000,39,R027,P22549,S000,S000,80
-0.75,-3.95,0,0,0,12.7932621,12.7932621,13.1650685,13.4839896,-0.318921085,R001,P00001,S000,S000,39,R027,P22549,S000,S000,80
-0.7,-3.95,0,0,0,12.7932621,12.7932621,13.1650685,13.4839896,-0.318921085,R001,P00001,S000,S000,49,R027,P22549,S000,S000,80
-0.65,-3.95,0,0,0,12.7932621,12.7932621,13.1650685,13.4839896,-0.318921085,R001,P00001,S000,S000,49,R012,P04429,S000,S000,140
-0.6,-3.95,0,0,0,12.7932621,12.7932621,13.1650685,13.4839896,-0.318921085,R001,P00001,S000,S000,68,R012,P04429,S000,S000,140
-0.55,-3.95,0,0,0,12.7932621,12.7932621,13.1650685,13.4839896,-0.318921085,R001,P00001,S000,S000,68,R012,P04429,S000,S000,140
-0.5,-3.95,0,0,0,12.7932621,12.7932621,13.1650685,13.4839896,-0.318921085,R001,P00001,S000,S000,68,R012,P04429,S000,S000,140
-0.45,-3.95,0,0,0,12.7932621,12.7932621,13.1650685,13.4839896,-0.318921085,R001,P00001,S000,S000,68,R012,P04429,S000,S000,182
-0.4,-3.95,0,0,0,12.7932621,12.7932621,13.1650685,13.4839896,-0.318921085,R001,P00001,S000,S000,68,R012,P04429,S000,S000,182
-0.35,-3.95,0,0,0,12.7932621,12.7932621,13.1650685,13.4839896,-0.318921085,R001,P00001,S000,S000,68,R012,P04429,S000,S000,182
-0.3,-3.95,0,0,0,12.7932621,12.7932621,13.1650685,13.4839896,-0.318921085,R001,P00001,S000,S000,68,R010,P03778,S000,S000,520
-0.25,-3.95,0,0,0,12.7932621,12.7932621,13.1650685,13.4839896,-0.318921085,R001,P00001,S000,S000,68,R010,P03778,S000,S000,520
-0.2,-3.95,0,0,0,12.7932621,12.7932621,13.1650685,13.4839896,-0.318921085,R001,P00001,S000,S000,69,R010,P03778,S000,S000,520
-0.15,-3.95,0,0,0,12.7932621,12.7932621,13.1650685,13.4839896,-0.318921085,R001,P00001,S000,S000,79,R010,P03778,S000,S000,520
-0.1,-3.95,0,0,0,12.7932621,12.7932621,13.1650685,13.4839896,-0.318921085,R001,P00001,S000,S000,79,R010,P03778,S000,S000,560
-0.05,-3.95,0,0,0,12.7932621,12.7932621,13.1650685,13.4839896,-0.318921085,R001,P00001,S000,S000,79,R010,P03778,S000,S000,700
0,-3.95,0,0,0,12.7932621,12.7932621,13.1650685,13.4839896,-0.318921085,R001,P00001,S000,S000,79,R010,P03778,S000,S000,700
-4,-3.9,0.985398219,3.0360715,2.05067328,-3.86341561,-38.5269691,-3.49160915,-37.8362415,34.3446324,R017,P00065,S221,S222,2,R061,P68636,S433,S533,1
-3.95,-3.9,0.985398219,2.9860715,2.00067328,-3.86341561,-37.6817941,-3.49160915,-36.9910666,33.4994574,R017,P00065,S221,S222,2,R061,P68636,S433,S533,1
-3.9,-3.9,0.985398219,2.9360715,1.95067328,-3.86341561,-36.8366192,-3.49160915,-36.1458916,32.6542825,R017,P00065,S221,S222,2,R061,P68636,S433,S533,1
-3.85,-3.9,0.985398219,2.8860715,1.90067328,-3.86341561,-35.9914442,-3.49160915,-35.3007167,31.8091076,R017,P00065,S221,S222,3,R061,P68636,S433,S533,1
-3.8,-3.9,0.985398219,2.76933647,1.78393825,-3.86341561,-34.0182138,-3.49160915,-33.3274862,29.8358771,R017,P00065,S221,S222,3,R056,P68478,S544,S211,5
-3.75,-3.9,0.985398219,2.7156115,1.73021328,-3.86341561,-33.1100738,-3.49160915,-32.4193463,28.9277371,R017,P00065,S221,S222,3,R056,P68478,S111,S211,5
-3.7,-3.9,0.985398219,2.6656115,1.68021328,-3.86341561,-32.2648989,-3.49160915,-31.5741713,28.0825622,R017,P00065,S221,S222,3,R056,P68478,S111,S211,5
-3.65,-3.9,0.985398219,2.6156115,1.63021328,-3.86341561,-31.4197239,-3.49160915,-30.7289964,27.2373873,R017,P00065,S221,S222,3,R056,P68478,S111,S211,10
-3.6,-3.9,0.985398219,2.5656115,1.58021328,-3.86341561,-30.574549,-3.49160915,-29.8838215,26.3922123,R017,P00065,S221,S222,3,R054,P68422,S111,S211,12
-3.55,-3.9,0.985398219,2.5156115,1.53021328,-3.86341561,-29.7293741,-3.49160915,-29.0386465,25.5470374,R017,P00065,S221,S222,3,R054,P68422,S111,S211,12
-3.5,-3.9,0.985398219,2.4656115,1.48021328,-3.86341561,-28.8841991,-3.49160915,-28.1934716,24.7018624,R017,P00065,S221,S222,3,R054,P68422,S111,S211,12
-3.45,-3.9,0.94277525,2.4156115,1.47283625,-3.1429383,-28.0390242,-2.77113184,-27.3482966,24.5771648,R013,P00056,S112,S222,2,R054,P68422,S111,S211,12
-3.4,-3.9,0.89277525,2.3656115,1.47283625,-2.29776335,-27.1938492,-1.9259569,-26.5031217,24.5771648,R013,P00056,S112,S222,2,R054,P68422,S111,S211,12
-3.35,-3.9,0.84277525,2.3156115,1.47283625,-1.45258841,-26.3486743,-1.08078195,-25.6579467,24.5771648,R013,P00056,S112,S222,2,R054,P68422,S111,S211,12
-3.3,-3.9,0.79277525,2.2656115,1.47283625,-0.607413468,-25.5034993,-0.23560701,-24.8127718,24.5771648,R013,P00056,S112,S222,2,R054,P68422,S111,S211,12
-3.25,-3.9,0.74277525,2.2156115,1.47283625,0.237761475,-24.6583244,0.609567933,-23.9675969,24.5771648,R013,P00056,S112,S222,2,R054,P68422,S111,S211,12
-3.2,-3.9,0.69277525,2.1656115,1.47283625,1.08293642,-23.8131495,1.45474288,-23.1224219,24.5771648,R013,P00056,S112,S222,2,R054,P68422,S111,S211,12
-3.15,-3.9,0.64277525,2.1156115,1.47283625,1.92811136,-22.9679745,2.29991782,-22.277247,24.5771648,R013,P00056,S112,S222,2,R054,P68422,S111,S211,12
-3.1,-3.9,0.59277525,2.0656115,1.47283625,2.7732863,-22.1227996,3.14509276,-21.432072,24.5771648,R013,P00056,S112,S222,2,R054,P68422,S111,S211,12
-3.05,-3.9,0.54277525,2.0156115,1.47283625,3.61846125,-21.2776246,3.99026771,-20.5868971,24.5771648,R013,P00056,S112,S222,2,R054,P68422,S111,S211,12
-3,-3.9,0.49277525,1.9656115,1.47283625,4.46363619,-20.4324497,4.83544265,-19.7417221,24.5771648,R013,P00056,S112,S222,2,R054,P68422,S111,S211,12
-2.95,-3.9,0.44277525,1.9156115,1.47283625,5.30881113,-19.5872747,5.68061759,-18.8965472,24.5771648,R013,P00056,S112,S222,2,R054,P68422,S111,S211,12
-2.9,-3.9,0.39277525,1.8656115,1.47283625,6.15398608,-18.7420998,6.52579253,-18.0513723,24.5771648,R013,P00056,S112,S222,2,R054,P68422,S111,S211,12
-2.85,-3.9,0.34277525,1.8156115,1.47283625,6.99916102,-17.8969249,7.37096748,-17.2061973,24.5771648,R013,P00056,S112,S222,2,R028,P22552,S111,S211,24
-2.8,-3.9,0.29277525,1.7656115,1.47283625,7.84433596,-17.0517499,8.21614242,-16.3610224,24.5771648,R013,P00056,S112,S222,2,R028,P22552,S111,S211,24
-2.75,-3.9,0.24277525,1.7156115,1.47283625,8.68951091,-16.206575,9.06131736,-15.5158474,24.5771648,R013,P00056,S112,S222,2,R028,P22552,S111,S211,24
-2.7,-3.9,0.19277525,1.6656115,1.47283625,9.53468585,-15.3614,9.90649231,-14.6706725,24.5771648,R013,P00056,S112,S222,2,R028,P22552,S111,S211,24
-2.65,-3.9,0.14277525,1.6156115,1.47283625,10.3798608,-14.5162251,10.7516672,-13.8254975,24.5771648,R013,P00056,S112,S222,2,R028,P22552,S111,S211,24
-2.6,-3.9,0.09277525,1.5656115,1.47283625,11.2250357,-13.6710501,11.5968422,-12.9803226,24.5771648,R013,P00056,S112,S222,2,R028,P22552,S111,S211,24
-2.55,-3.9,0.04277525,1.5156115,1.47283625,12.0702107,-12.8258752,12.4420171,-12.1351477,24.5771648,R013,P00056,S112,S222,2,R028,P22552,S111,S211,24
-2.5,-3.9,0,1.4656115,1.4656115,12.7932621,-11.9807003,13.1650685,-11.2899727,24.4550412,R013,P00056,S000,S000,2,R028,P22552,S111,S211,24
-2.45,-3.9,0,1.4156115,1.4156115,12.7932621,-11.1355253,13.1650685,-10.4447978,23.6098663,R013,P00056,S000,S000,2,R028,P22552,S111,S211,24
-2.4,-3.9,0,1.3656115,1.3656115,12.7932621,-10.2903504,13.1650685,-9.59962282,22.7646913,R013,P00056,S000,S000,2,R028,P22552,S111,S211,24
-2.35,-3.9,0,1.3156115,1.3156115,12.7932621,-9.44517542,13.1650685,-8.75444788,21.9195164,R013,P00056,S000,S000,2,R028,P22552,S111,S211,24
-2.3,-3.9,0,1.2656115,1.2656115,12.7932621,-8.60000048,13.1650685,-7.90927294,21.0743415,R013,P00056,S000,S000,2,R028,P22552,S111,S211,24
-2.25,-3.9,0,1.2156115,1.2156115,12.7932621,-7.75482554,13.1650685,-7.06409799,20.2291665,R013,P00056,S000,S000,2,R028,P22552,S111,S211,24
-2.2,-3.9,0,1.1656115,1.1656115,12.7932621,-6.9096506,13.1650685,-6.21892305,19.3839916,R013,P00056,S000,S000,2,R028,P22552,S111,S211,24
-2.15,-3.9,0,1.1156115,1.1156115,12.7932621,-6.06447565,13.1650685,-5.37374811,18.5388166,R013,P00056,S000,S000,2,R028,P22552,S111,S211,24
-2.1,-3.9,0,1.0656115,1.0656115,12.7932621,-5.21930071,13.1650685,-4.52857317,17.6936417,R013,P00056,S000,S000,2,R028,P22552,S111,S211,24
-2.05,-3.9,0,1.0156115,1.0156115,12.7932621,-4.37412577,13.1650685,-3.68339822,16.8484667,R013,P00056,S000,S000,2,R028,P22552,S111,S211,24
-2,-3.9,0,0.9656115,0.9656115,12.7932621,-3.52895082,13.1650685,-2.83822328,16.0032918,R013,P00056,S000,S000,2,R028,P22552,S111,S211,24
-1.95,-3.9,0,0.9156115,0.9156115,12.7932621,-2.68377588,13.1650685,-1.99304834,15.1581169,R013,P00056,S000,S000,2,R028,P22552,S111,S211,24
-1.9,-3.9,0,0.8656115,0.8656115,12.7932621,-1.83860094,13.1650685,-1.14787339,14.3129419,R013,P00056,S000,S000,2,R028,P22552,S111,S211,24
-1.85,-3.9,0,0.8156115,0.8156115,12.7932621,-0.993425994,13.1650685,-0.30269845,13.467767,R013,P00056,S000,S000,2,R028,P22552,S111,S211,24
-1.8,-3.9,0,0.7656115,0.7656115,12.7932621,-0.148251051,13.1650685,0.542476493,12.622592,R013,P00056,S000,S000,2,R028,P22552,S111,S211,24
-1.75,-3.9,0,0.7156115,0.7156115,12.7932621,0.696923892,13.1650685,1.38765144,11.7774171,R013,P00056,S000,S000,2,R028,P22552,S111,S211,24
-1.7,-3.9,0,0.6656115,0.6656115,12.7932621,1.54209883,13.1650685,2.23282638,10.9322421,R013,P00056,S000,S000,2,R028,P22552,S111,S211,24
-1.65,-3.9,0,0.6156115,0.6156115,12.7932621,2.38727378,13.1650685,3.07800132,10.0870672,R013,P00056,S000,S000,2,R028,P22552,S111,S211,24
-1.6,-3.9,0,0.5656115,0.5656115,12.7932621,3.23244872,13.1650685,3.92317626,9.24189226,R013,P00056,S000,S000,2,R028,P22552,S111,S211,24
-1.55,-3.9,0,0.5156115,0.5156115,12.7932621,4.07762366,13.1650685,4.76835121,8.39671732,R013,P00056,S000,S000,2,R028,P22552,S111,S211,24
-1.5,-3.9,0,0.4656115,0.4656115,12.7932621,4.92279861,13.1650685,5.61352615,7.55154237,R013,P00056,S000,S000,2,R028,P22552,S111,S211,24
-1.45,-3.9,0,0.4156115,0.4156115,12.7932621,5.76797355,13.1650685,6.45870109,6.70636743,R013,P00056,S000,S000,2,R028,P22552,S111,S211,24
-1.4,-3.9,0,0.3656115,0.3656115,12.7932621,6.61314849,13.1650685,7.30387604,5.86119249,R013,P00056,S000,S000,2,R028,P22552,S111,S211,24
-1.35,-3.9,0,0.3156115,0.3156115,12.7932621,7.45832344,13.1650685,8.14905098,5.01601755,R013,P00056,S000,S000,2,R028,P22552,S111,S211,24
-1.3,-3.9,0,0.2656115,0.2656115,12.7932621,8.30349838,13.1650685,8.99422592,4.1708426,R013,P00056,S000,S000,2,R028,P22552,S111,S211,24
-1.25,-3.9,0,0.2156115,0.2156115,12.7932621,9.14867332,13.1650685,9.83940087,3.32566766,R013,P00056,S000,S000,2,R028,P22552,S111,S211,24
-1.2,-3.9,0,0.1656115,0.1656115,12.7932621,9.99384827,13.1650685,10.6845758,2.48049272,R013,P00056,S000,S000,2,R028,P22552,S111,S211,24
-1.15,-3.9,0,0.1156115,0.1156115,12.7932621,10.8390232,13.1650685,11.5297508,1.63531777,R013,P00056,S000,S000,2,R028,P22552,S111,S211,24
-1.1,-3.9,0,0.0656115,0.0656115,12.7932621,11.6841982,13.1650685,12.3749257,0.79014283,R013,P00056,S000,S000,2,R028,P22552,S111,S211,24
-1.05,-3.9,0,0.0156115,0.0156115,12.7932621,12.5293731,13.1650685,13.2201006,-0.0550321129,R013,P00056,S000,S000,2,R028,P22552,S111,S211,24
-1,-3.9,0,0,0,12.7932621,12.7932621,13.1650685,13.4839896,-0.318921085,R010,P00053,S000,S000,8,R028,P22552,S000,S000,24
-0.95,-3.9,0,0,0,12.7932621,12.7932621,13.1650685,13.4839896,-0.318921085,R001,P00001,S000,S000,27,R028,P22552,S000,S000,56
-0.9,-3.9,0,0,0,12.7932621,12.7932621,13.1650685,13.4839896,-0.318921085,R001,P00001,S000,S000,39,R028,P22552,S000,S000,56
-0.85,-3.9,0,0,0,12.7932621,12.7932621,13.1650685,13.4839896,-0.318921085,R001,P00001,S000,S000,39,R028,P22552,S000,S000,56
-0.8,-3.9,0,0,0,12.7932621,12.7932621,13.1650685,13.4839896,-0.318921085,R001,P00001,S000,S000,39,R027,P22549,S000,S000,80
-0.75,-3.9,0,0,0,12.7932621,12.7932621,13.1650685,13.4839896,-0.318921085,R001,P00001,S000,S000,39,R027,P22549,S000,S000,80
-0.7,-3.9,0,0,0,12.7932621,12.7932621,13.1650685,13.4839896,-0.318921085,R001,P00001,S000,S000,49,R027,P22549,S000,S000,80
-0.65,-3.9,0,0,0,12.7932621,12.7932621,13.1650685,13.4839896,-0.318921085,R001,P00001,S000,S000,49,R012,P04429,S000,S000,140
-0.6,-3.9,0,0,0,12.7932621,12.7932621,13.1650685,13.4839896,-0.318921085,R001,P00001,S000,S000,68,R012,P04429,S000,S000,140
-0.55,-3.9,0,0,0,12.7932621,12.7932621,13.1650685,13.4839896,-0.318921085,R001,P00001,S000,S000,68,R012,P04429,S000,S000,140
-0.5,-3.9,0,0,0,12.7932621,12.7932621,13.1650685,13.4839896,-0.318921085,R001,P00001,S000,S000,68,R012,P04429,S000,S000,140
-0.45,-3.9,0,0,0,12.7932621,12.7932621,13.1650685,13.4839896,-0.318921085,R001,P00001,S000,S000,68,R012,P04429,S000,S000,182
-0.4,-3.9,0,0,0,12.7932621,12.7932621,13.1650685,13.4839896,-0.318921085,R001,P00001,S000,S000,68,R012,P04429,S000,S000,182
-0.35,-3.9,0,0,0,12.7932621,12.7932621,13.1650685,13.4839896,-0.318921085,R001,P00001,S000,S000,68,R012,P04429,S000,S000,182
-0.3,-3.9,0,0,0,12.7932621,12.7932621,13.1650685,13.4839896,-0.318921085,R001,P00001,S000,S000,68,R010,P03778,S000,S000,520
-0.25,-3.9,0,0,0,12.7932621,12.7932621,13.1650685,13.4839896,-0.318921085,R001,P00001,S000,S000,68,R010,P03778,S000,S000,520
-0.2,-3.9,0,0,0,12.7932621,12.7932621,13.1650685,13.4839896,-0.318921085,R001,P00001,S000,S000,69,R010,P03778,S000,S000,520
-0.15,-3.9,0,0,0,12.7932621,12.7932621,13.1650685,13.4839896,-0.318921085,R001,P00001,S000,S000,79,R010,P03778,S000,S000,520
-0.1,-3.9,0,0,0,12.7932621,12.7932621,13.1650685,13.4839896,-0.318921085,R001,P00001,S000,S000,79,R010,P03778,S000,S000,560
-0.05,-3.9,0,0,0,12.7932621,12.7932621,13.1650685,13.4839896,-0.318921085,R001,P00001,S000,S000,79,R010,P03778,S000,S000,700
0,-3.9,0,0,0,12.7932621,12.7932621,13.1650685,13.4839896,-0.318921085,R001,P00001,S000,S000,79,R010,P03778,S000,S000,700
-4,-3.85,1.01039822,3.0360715,2.02567328,-4.28600308,-38.5269691,-3.91419662,-37.8362415,33.9220449,R017,P00065,S221,S222,1,R061,P68636,S433,S533,1
-3.95,-3.85,1.01039822,2.9860715,1.97567328,-4.28600308,-37.6817941,-3.91419662,-36.9910666,33.07687,R017,P00065,S221,S222,2,R061,P68636,S433,S533,1
-3.9,-3.85,1.01039822,2.9360715,1.92567328,-4.28600308,-36.8366192,-3.91419662,-36.1458916,32.231695,R017,P00065,S221,S222,2,R061,P68636,S433,S533,1
-3.85,-3.85,1.01039822,2.8860715,1.87567328,-4.28600308,-35.9914442,-3.91419662,-35.3007167,31.3865201,R017,P00065,S221,S222,2,R061,P68636,S433,S533,1
-3.8,-3.85,1.01039822,2.8360715,1.82567328,-4.28600308,-35.1462693,-3.91419662,-34.4555418,30.5413451,R017,P00065,S221,S222,3,R061,P68636,S433,S533,1
-3.75,-3.85,1.01039822,2.7156115,1.70521328,-4.28600308,-33.1100738,-3.91419662,-32.4193463,28.5051497,R017,P00065,S221,S222,3,R056,P68478,S111,S211,5
-3.7,-3.85,1.01039822,2.6656115,1.65521328,-4.28600308,-32.2648989,-3.91419662,-31.5741713,27.6599747,R017,P00065,S221,S222,3,R056,P68478,S111,S211,5
-3.65,-3.85,1.01039822,2.6156115,1.60521328,-4.28600308,-31.4197239,-3.91419662,-30.7289964,26.8147998,R017,P00065,S221,S222,3,R056,P68478,S111,S211,5
-3.6,-3.85,1.01039822,2.5656115,1.55521328,-4.28600308,-30.574549,-3.91419662,-29.8838215,25.9696248,R017,P00065,S221,S222,3,R056,P68478,S111,S211,10
-3.55,-3.85,1.01039822,2.5156115,1.50521328,-4.28600308,-29.7293741,-3.91419662,-29.0386465,25.1244499,R017,P00065,S221,S222,3,R054,P68422,S111,S211,12
-3.5,-3.85,1.01039822,2.4656115,1.45521328,-4.28600308,-28.8841991,-3.91419662,-28.1934716,24.279275,R017,P00065,S221,S222,3,R054,P68422,S111,S211,12
-3.45,-3.85,0.99277525,2.4156115,1.42283625,-3.98811324,-28.0390242,-3.61630678,-27.3482966,23.7319898,R013,P00056,S112,S222,2,R054,P68422,S111,S211,12
-3.4,-3.85,0.94277525,2.3656115,1.42283625,-3.1429383,-27.1938492,-2.77113184,-26.5031217,23.7319898,R013,P00056,S112,S222,2,R054,P68422,S111,S211,12
-3.35,-3.85,0.89277525,2.3156115,1.42283625,-2.29776335,-26.3486743,-1.9259569,-25.6579467,23.7319898,R013,P00056,S112,S222,2,R054,P68422,S111,S211,12
-3.3,-3.85,0.84277525,2.2656115,1.42283625,-1.45258841,-25.5034993,-1.08078195,-24.8127718,23.7319898,R013,P00056,S112,S222,2,R054,P68422,S111,S211,12
-3.25,-3.85,0.79277525,2.2156115,1.42283625,-0.607413468,-24.6583244,-0.23560701,-23.9675969,23.7319898,R013,P00056,S112,S222,2,R054,P68422,S111,S211,12
-3.2,-3.85,0.74277525,2.1656115,1.42283625,0.237761475,-23.8131495,0.609567933,-23.1224219,23.7319898,R013,P00056,S112,S222,2,R054,P68422,S111,S211,12
-3.15,-3.85,0.69277525,2.1156115,1.42283625,1.08293642,-22.9679745,1.45474288,-22.277247,23.7319898,R013,P00056,S112,S222,2,R054,P68422,S111,S211,12
-3.1,-3.85,0.64277525,2.0656115,1.42283625,1.92811136,-22.1227996,2.29991782,-21.432072,23.7319898,R013,P00056,S112,S222,2,R054,P68422,S111,S211,12
-3.05,-3.85,0.59277525,2.0156115,1.42283625,2.7732863,-21.2776246,3.14509276,-20.5868971,23.7319898,R013,P00056,S112,S222,2,R054,P68422,S111,S211,12
-3,-3.85,0.54277525,1.9656115,1.42283625,3.61846125,-20.4324497,3.99026771,-19.7417221,23.7319898,R013,P00056,S112,S222,2,R054,P68422,S111,S211,12
-2.95,-3.85,0.49277525,1.9156115,1.42283625,4.46363619,-19.5872747,4.83544265,-18.8965472,23.7319898,R013,P00056,S112,S222,2,R054,P68422,S111,S211,12
-2.9,-3.85,0.44277525,1.8656115,1.42283625,5.30881113,-18.7420998,5.68061759,-18.0513723,23.7319898,R013,P00056,S112,S222,2,R054,P68422,S111,S211,12
-2.85,-3.85,0.39277525,1.8156115,1.42283625,6.15398608,-17.8969249,6.52579253,-17.2061973,23.7319898,R013,P00056,S112,S222,2,R054,P68422,S111,S211,12
-2.8,-3.85,0.34277525,1.7656115,1.42283625,6.99916102,-17.0517499,7.37096748,-16.3610224,23.7319898,R013,P00056,S112,S222,2,R028,P22552,S111,S211,24
-2.75,-3.85,0.29277525,1.7156115,1.42283625,7.84433596,-16.206575,8.21614242,-15.5158474,23.7319898,R013,P00056,S112,S222,2,R028,P22552,S111,S211,24
-2.7,-3.85,0.24277525,1.6656115,1.42283625,8.68951091,-15.3614,9.06131736,-14.6706725,23.7319898,R013,P00056,S112,S222,2,R028,P22552,S111,S211,24
-2.65,-3.85,0.19277525,1.6156115,1.42283625,9.53468585,-14.5162251,9.90649231,-13.8254975,23.7319898,R013,P00056,S112,S222,2,R028,P22552,S111,S211,24
-2.6,-3.85,0.14277525,1.5656115,1.42283625,10.3798608,-13.6710501,10.7516672,-12.9803226,23.7319898,R013,P00056,S112,S222,2,R028,P22552,S111,S211,24
-2.55,-3.85,0.09277525,1.5156115,1.42283625,11.2250357,-12.8258752,11.5968422,-12.1351477,23.7319898,R013,P00056,S112,S222,2,R028,P22552,S111,S211,24
-2.5,-3.85,0.04277525,1.4656115,1.42283625,12.0702107,-11.9807003,12.4420171,-11.2899727,23.7319898,R013,P00056,S112,S222,2,R028,P22552,S111,S211,24
-2.45,-3.85,0,1.4156115,1.4156115,12.7932621,-11.1355253,13.1650685,-10.4447978,23.6098663,R013,P00056,S000,S000,2,R028,P22552,S111,S211,24
-2.4,-3.85,0,1.3656115,1.3656115,12.7932621,-10.2903504,13.1650685,-9.59962282,22.7646913,R013,P00056,S000,S000,2,R028,P22552,S111,S211,24
-2.35,-3.85,0,1.3156115,1.3156115,12.7932621,-9.44517542,13.1650685,-8.75444788,21.9195164,R013,P00056,S000,S000,2,R028,P22552,S111,S211,24
-2.3,-3.85,0,1.2656115,1.2656115,12.7932621,-8.60000048,13.1650685,-7.90927294,21.0743415,R013,P00056,S000,S000,2,R028,P22552,S111,S211,24
-2.25,-3.85,0,1.2156115,1.2156115,12.7932621,-7.75482554,13.1650685,-7.06409799,20.2291665,R013,P00056,S000,S000,2,R028,P22552,S111,S211,24
-2.2,-3.85,0,1.1656115,1.1656115,12.7932621,-6.9096506,13.1650685,-6.21892305,19.3839916,R013,P00056,S000,S000,2,R028,P22552,S111,S211,24
-2.15,-3.85,0,1.1156115,1.1156115,12.7932621,-6.06447565,13.1650685,-5.37374811,18.5388166,R013,P00056,S000,S000,2,R028,P22552,S111,S211,24
-2.1,-3.85,0,1.0656115,1.0656115,12.7932621,-5.21930071,13.1650685,-4.52857317,17.6936417,R013,P00056,S000,S000,2,R028,P22552,S111,S211,24
-2.05,-3.85,0,1.0156115,1.0156115,12.7932621,-4.37412577,13.1650685,-3.68339822,16.8484667,R013,P00056,S000,S000,2,R028,P22552,S111,S211,24
-2,-3.85,0,0.9656115,0.9656115,12.7932621,-3.52895082,13.1650685,-2.83822328,16.0032918,R013,P00056,S000,S000,2,R028,P22552,S111,S211,24
-1.95,-3.85,0,0.9156115,0.9156115,12.7932621,-2.68377588,13.1650685,-1.99304834,15.1581169,R013,P00056,S000,S000,2,R028,P22552,S111,S211,24
-1.9,-3.85,0,0.8656115,0.8656115,12.7932621,-1.83860094,13.1650685,-1.14787339,14.3129419,R013,P00056,S000,S000,2,R028,P22552,S111,S211,24
-1.85,-3.85,0,0.8156115,0.8156115,12.7932621,-0.993425994,13.1650685,-0.30269845,13.467767,R013,P00056,S000,S000,2,R028,P22552,S111,S211,24
-1.8,-3.85,0,0.7656115,0.7656115,12.7932621,-0.148251051,13.1650685,0.542476493,12.622592,R013,P00056,S000,S000,2,R028,P22552,S111,S211,24
-1.75,-3.85,0,0.7156115,0.7156115,12.7932621,0.696923892,13.1650685,1.38765144,11.7774171,R013,P00056,S000,S000,2,R028,P22552,S111,S211,24
-1.7,-3.85,0,0.6656115,0.6656115,12.7932621,1.54209883,13.1650685,2.23282638,10.9322421,R013,P00056,S000,S000,2,R028,P22552,S111,S211,24
-1.65,-3.85,0,0.6156115,0.6156115,12.7932621,2.38727378,13.1650685,3.07800132,10.0870672,R013,P00056,S000,S000,2,R028,P22552,S111,S211,24
-1.6,-3.85,0,0.5656115,0.5656115,12.7932621,3.23244872,13.1650685,3.92317626,9.24189226,R013,P00056,S000,S000,2,R028,P22552,S111,S211,24
-1.55,-3.85,0,0.5156115,0.5156115,12.7932621,4.07762366,13.1650685,4.76835121,8.39671732,R013,P00056,S000,S000,2,R028,P22552,S111,S211,24
-1.5,-3.85,0,0.4656115,0.4656115,12.7932621,4.92279861,13.1650685,5.61352615,7.55154237,R013,P00056,S000,S000,2,R028,P22552,S111,S211,24
-1.45,-3.85,0,0.4156115,0.4156115,12.7932621,5.76797355,13.1650685,6.45870109,6.70636743,R013,P00056,S000,S000,2,R028,P22552,S111,S211,24
-1.4,-3.85,0,0.3656115,0.3656115,12.7932621,6.61314849,13.1650685,7.30387604,5.86119249,R013,P00056,S000,S000,2,R028,P22552,S111,S211,24
-1.35,-3.85,0,0.3156115,0.3156115,12.7932621,7.45832344,13.1650685,8.14905098,5.01601755,R013,P00056,S000,S000,2,R028,P22552,S111,S211,24
-1.3,-3.85,0,0.2656115,0.2656115,12.7932621,8.30349838,13.1650685,8.99422592,4.1708426,R013,P00056,S000,S000,2,R028,P22552,S111,S211,24
-1.25,-3.85,0,0.2156115,0.2156115,12.7932621,9.14867332,13.1650685,9.83940087,3.32566766,R013,P00056,S000,S000,2,R028,P22552,S111,S211,24
-1.2,-3.85,0,0.1656115,0.1656115,12.7932621,9.99384827,13.1650685,10.6845758,2.48049272,R013,P00056,S000,S000,2,R028,P22552,S111,S211,24
-1.15,-3.85,0,0.1156115,0.1156115,12.7932621,10.8390232,13.1650685,11.5297508,1.63531777,R013,P00056,S000,S000,2,R028,P22552,S111,S211,24
-1.1,-3.85,0,0.0656115,0.0656115,12.7932621,11.6841982,13.1650685,12.3749257,0.79014283,R013,P00056,S000,S000,2,R028,P22552,S111,S211,24
-1.05,-3.85,0,0.0156115,0.0156115,12.7932621,12.5293731,13.1650685,13.2201006,-0.0550321129,R013,P00056,S000,S000,2,R028,P22552,S111,S211,24
-1,-3.85,0,0,0,12.7932621,12.7932621,13.1650685,13.4839896,-0.318921085,R010,P00053,S000,S000,8,R028,P22552,S000,S000,24
-0.95,-3.85,0,0,0,12.7932621,12.7932621,13.1650685,13.4839896,-0.318921085,R001,P00001,S000,S000,27,R028,P22552,S000,S000,56
-0.9,-3.85,0,0,0,12.7932621,12.7932621,13.1650685,13.4839896,-0.318921085,R001,P00001,S000,S000,39,R028,P22552,S000,S000,56
-0.85,-3.85,0,0,0,12.7932621,12.7932621,13.1650685,13.4839896,-0.318921085,R001,P00001,S000,S000,39,R028,P22552,S000,S000,56
-0.8,-3.85,0,0,0,12.7932621,12.7932621,13.1650685,13.4839896,-0.318921085,R001,P00001,S000,S000,39,R027,P22549,S000,S000,80
-0.75,-3.85,0,0,0,12.7932621,12.7932621,13.1650685,13.4839896,-0.318921085,R001,P00001,S000,S000,39,R027,P22549,S000,S000,80
-0.7,-3.85,0,0,0,12.7932621,12.7932621,13.1650685,13.4839896,-0.318921085,R001,P00001,S000,S000,49,R027,P22549,S000,S000,80
-0.65,-3.85,0,0,0,12.7932621,12.7932621,13.1650685,13.4839896,-0.318921085,R001,P00001,S000,S000,49,R012,P04429,S000,S000,140
-0.6,-3.85,0,0,0,12.7932621,12.7932621,13.1650685,13.4839896,-0.318921085,R001,P00001,S000,S000,68,R012,P04429,S000,S000,140
-0.55,-3.85,0,0,0,12.7932621,12.7932621,13.1650685,13.4839896,-0.318921085,R001,P00001,S000,S000,68,R012,P04429,S000,S000,140
-0.5,-3.85,0,0,0,12.7932621,12.7932621,13.1650685,13.4839896,-0.318921085,R001,P00001,S000,S000,68,R012,P04429,S000,S000,140
-0.45,-3.85,0,0,0,12.7932621,12.7932621,13.1650685,13.4839896,-0.318921085,R001,P00001,S000,S000,68,R012,P04429,S000,S000,182
-0.4,-3.85,0,0,0,12.7932621,12.7932621,13.1650685,13.4839896,-0.318921085,R001,P00001,S000,S000,68,R012,P04429,S000,S000,182
-0.35,-3.85,0,0,0,12.7932621,12.7932621,13.1650685,13.4839896,-0.318921085,R001,P00001,S000,S000,68,R012,P04429,S000,S000,182
-0.3,-3.85,0,0,0,12.7932621,12.7932621,13.1650685,13.4839896,-0.318921085,R001,P00001,S000,S000,68,R010,P03778,S000,S000,520
-0.25,-3.85,0,0,0,12.7932621,12.7932621,13.1650685,13.4839896,-0.318921085,R001,P00001,S000,S000,68,R010,P03778,S000,S000,520
-0.2,-3.85,0,0,0,12.7932621,12.7932621,13.1650685,13.4839896,-0.318921085,R001,P00001,S000,S000,69,R010,P03778,S000,S000,520
-0.15,-3.85,0,0,0,12.7932621,12.7932621,13.1650685,13.4839896,-0.318921085,R001,P00001,S000,S000,79,R010,P03778,S000,S000,520
-0.1,-3.85,0,0,0,12.7932621,12.7932621,13.1650685,13.4839896,-0.318921085,R001,P00001,S000,S000,79,R010,P03778,S000,S000,560
-0.05,-3.85,0,0,0,12.7932621,12.7932621,13.1650685,13.4839896,-0.318921085,R001,P00001,S000,S000,79,R010,P03778,S000,S000,700
0,-3.85,0,0,0,12.7932621,12.7932621,13.1650685,13.4839896,-0.318921085,R001,P00001,S000,S000,79,R010,P03778,S000,S000,700
-4,-3.8,1.03539822,3.0360715,2.00067328,-4.70859055,-38.5269691,-4.33678409,-37.8362415,33.4994574,R017,P00065,S221,S222,1,R061,P68636,S433,S533,1
-3.95,-3.8,1.03539822,2.9860715,1.95067328,-4.70859055,-37.6817941,-4.33678409,-36.9910666,32.6542825,R017,P00065,S221,S222,2,R061,P68636,S433,S533,1
-3.9,-3.8,1.03539822,2.9360715,1.90067328,-4.70859055,-36.8366192,-4.33678409,-36.1458916,31.8091076,R017,P00065,S221,S222,2,R061,P68636,S433,S533,1
-3.85,-3.8,1.03539822,2.8860715,1.85067328,-4.70859055,-35.9914442,-4.33678409,-35.3007167,30.9639326,R017,P00065,S221,S222,2,R061,P68636,S433,S533,1
-3.8,-3.8,1.03539822,2.8360715,1.80067328,-4.70859055,-35.1462693,-4.33678409,-34.4555418,30.1187577,R017,P00065,S221,S222,2,R061,P68636,S433,S533,1
-3.75,-3.8,1.03539822,2.76933647,1.73393825,-4.70859055,-34.0182138,-4.33678409,-33.3274862,28.9907021,R017,P00065,S221,S222,3,R056,P68478,S544,S211,5
-3.7,-3.8,1.03539822,2.6656115,1.63021328,-4.70859055,-32.2648989,-4.33678409,-31.5741713,27.2373873,R017,P00065,S221,S222,3,R056,P68478,S111,S211,5
-3.65,-3.8,1.03539822,2.6156115,1.58021328,-4.70859055,-31.4197239,-4.33678409,-30.7289964,26.3922123,R017,P00065,S221,S222,3,R056,P68478,S111,S211,5
-3.6,-3.8,1.03539822,2.5656115,1.53021328,-4.70859055,-30.574549,-4.33678409,-29.8838215,25.5470374,R017,P00065,S221,S222,3,R056,P68478,S111,S211,5
-3.55,-3.8,1.03539822,2.5156115,1.48021328,-4.70859055,-29.7293741,-4.33678409,-29.0386465,24.7018624,R017,P00065,S221,S222,3,R056,P68478,S111,S211,10
-3.5,-3.8,1.03539822,2.4656115,1.43021328,-4.70859055,-28.8841991,-4.33678409,-28.1934716,23.8566875,R017,P00065,S221,S222,3,R054,P68422,S111,S211,12
-3.45,-3.8,1.03539822,2.4156115,1.38021328,-4.70859055,-28.0390242,-4.33678409,-27.3482966,23.0115125,R017,P00065,S221,S222,3,R054,P68422,S111,S211,12
-3.4,-3.8,0.99277525,2.3656115,1.37283625,-3.98811324,-27.1938492,-3.61630678,-26.5031217,22.8868149,R013,P00056,S112,S222,2,R054,P68422,S111,S211,12
-3.35,-3.8,0.94277525,2.3156115,1.37283625,-3.1429383,-26.3486743,-2.77113184,-25.6579467,22.8868149,R013,P00056,S112,S222,2,R054,P68422,S111,S211,12
-3.3,-3.8,0.89277525,2.2656115,1.37283625,-2.29776335,-25.5034993,-1.9259569,-24.8127718,22.8868149,R013,P00056,S112,S222,2,R054,P68422,S111,S211,12
-3.25,-3.8,0.84277525,2.2156115,1.37283625,-1.45258841,-24.6583244,-1.08078195,-23.9675969,22.8868149,R013,P00056,S112,S222,2,R054,P68422,S111,S211,12
-3.2,-3.8,0.79277525,2.1656115,1.37283625,-0.607413468,-23.8131495,-0.23560701,-23.1224219,22.8868149,R013,P00056,S112,S222,2,R054,P68422,S111,S211,12
-3.15,-3.8,0.74277525,2.1156115,1.37283625,0.237761475,-22.9679745,0.609567933,-22.277247,22.8868149,R013,P00056,S112,S222,2,R054,P68422,S111,S211,12
-3.1,-3.8,0.69277525,2.0656115,1.37283625,1.08293642,-22.1227996,1.45474288,-21.432072,22.8868149,R013,P00056,S112,S222,2,R054,P68422,S111,S211,12
-3.05,-3.8,0.64277525,2.0156115,1.37283625,1.92811136,-21.2776246,2.29991782,-20.5868971,22.8868149,R013,P00056,S112,S222,2,R054,P68422,S111,S211,12
-3,-3.8,0.59277525,1.9656115,1.37283625,2.7732863,-20.4324497,3.14509276,-19.7417221,22.8868149,R013,P00056,S112,S222,2,R054,P68422,S111,S211,12
-2.95,-3.8,0.54277525,1.9156115,1.37283625,3.61846125,-19.5872747,3.99026771,-18.8965472,22.8868149,R013,P00056,S112,S222,2,R054,P68422,S111,S211,12
-2.9,-3.8,0.49277525,1.8656115,1.37283625,4.46363619,-18.7420998,4.83544265,-18.0513723,22.8868149,R013,P00056,S112,S222,2,R054,P68422,S111,S211,12
-2.85,-3.8,0.44277525,1.8156115,1.37283625,5.30881113,-17.8969249,5.68061759,-17.2061973,22.8868149,R013,P00056,S112,S222,2,R054,P68422,S111,S211,12
-2.8,-3.8,0.39277525,1.7656115,1.37283625,6.15398608,-17.0517499,6.52579253,-16.3610224,22.8868149,R013,P00056,S112,S222,2,R054,P68422,S111,S211,12
-2.75,-3.8,0.34277525,1.7156115,1.37283625,6.99916102,-16.206575,7.37096748,-15.5158474,22.8868149,R013,P00056,S112,S222,2,R028,P22552,S111,S211,24
-2.7,-3.8,0.29277525,1.6656115,1.37283625,7.84433596,-15.3614,8.21614242,-14.6706725,22.8868149,R013,P00056,S112,S222,2,R028,P22552,S111,S211,24
-2.65,-3.8,0.24277525,1.6156115,1.37283625,8.68951091,-14.5162251,9.06131736,-13.8254975,22.8868149,R013,P00056,S112,S222,2,R028,P22552,S111,S211,24
-2.6,-3.8,0.19277525,1.5656115,1.37283625,9.53468585,-13.6710501,9.90649231,-12.9803226,22.8868149,R013,P00056,S112,S222,2,R028,P22552,S111,S211,24
-2.55,-3.8,0.14277525,1.5156115,1.37283625,10.3798608,-12.8258752,10.7516672,-12.1351477,22.8868149,R013,P00056,S112,S222,2,R028,P22552,S111,S211,24
-2.5,-3.8,0.09277525,1.4656115,1.37283625,11.2250357,-11.9807003,11.5968422,-11.2899727,22.8868149,R013,P00056,S112,S222,2,R028,P22552,S111,S211,24
-2.45,-3.8,0.04277525,1.4156115,1.37283625,12.0702107,-11.1355253,12.4420171,-10.4447978,22.8868149,R013,P00056,S112,S222,2,R028,P22552,S111,S211,24
-2.4,-3.8,0,1.3656115,1.3656115,12.7932621,-10.2903504,13.1650685,-9.59962282,22.7646913,R013,P00056,S000,S000,2,R028,P22552,S111,S211,24
-2.35,-3.8,0,1.3156115,1.3156115,12.7932621,-9.44517542,13.1650685,-8.75444788,21.9195164,R013,P00056,S000,S000,2,R028,P22552,S111,S211,24
-2.3,-3.8,0,1.2656115,1.2656115,12.7932621,-8.60000048,13.1650685,-7.90927294,21.0743415,R013,P00056,S000,S000,2,R028,P22552,S111,S211,24
-2.25,-3.8,0,1.2156115,1.2156115,12.7932621,-7.75482554,13.1650685,-7.06409799,20.2291665,R013,P00056,S000,S000,2,R028,P22552,S111,S211,24
-2.2,-3.8,0,1.1656115,1.1656115,12.7932621,-6.9096506,13.1650685,-6.21892305,19.3839916,R013,P00056,S000,S000,2,R028,P22552,S111,S211,24
-2.15,-3.8,0,1.1156115,1.1156115,12.7932621,-6.06447565,13.1650685,-5.37374811,18.5388166,R013,P00056,S000,S000,2,R028,P22552,S111,S211,24
-2.1,-3.8,0,1.0656115,1.0656115,12.7932621,-5.21930071,13.1650685,-4.52857317,17.6936417,R013,P00056,S000,S000,2,R028,P22552,S111,S211,24
-2.05,-3.8,0,1.0156115,1.0156115,12.7932621,-4.37412577,13.1650685,-3.68339822,16.8484667,R013,P00056,S000,S000,2,R028,P22552,S111,S211,24
-2,-3.8,0,0.9656115,0.9656115,12.7932621,-3.52895082,13.1650685,-2.83822328,16.0032918,R013,P00056,S000,S000,2,R028,P22552,S111,S211,24
-1.95,-3.8,0,0.9156115,0.9156115,12.7932621,-2.68377588,13.1650685,-1.99304834,15.1581169,R013,P00056,S000,S000,2,R028,P22552,S111,S211,24
-1.9,-3.8,0,0.8656115,0.8656115,12.7932621,-1.83860094,13.1650685,-1.14787339,14.3129419,R013,P00056,S000,S000,2,R028,P22552,S111,S211,24
-1.85,-3.8,0,0.8156115,0.8156115,12.7932621,-0.993425994,13.1650685,-0.30269845,13.467767,R013,P00056,S000,S000,2,R028,P22552,S111,S211,24
-1.8,-3.8,0,0.7656115,0.7656115,12.7932621,-0.148251051,13.1650685,0.542476493,12.622592,R013,P00056,S000,S000,2,R028,P22552,S111,S211,24
-1.75,-3.8,0,0.7156115,0.7156115,12.7932621,0.696923892,13.1650685,1.38765144,11.7774171,R013,P00056,S000,S000,2,R028,P22552,S111,S211,24
-1.7,-3.8,0,0.6656115,0.6656115,12.7932621,1.54209883,13.1650685,2.23282638,10.9322421,R013,P00056,S000,S000,2,R028,P22552,S111,S211,24
-1.65,-3.8,0,0.6156115,0.6156115,12.7932621,2.38727378,13.1650685,3.07800132,10.0870672,R013,P00056,S000,S000,2,R028,P22552,S111,S211,24
-1.6,-3.8,0,0.5656115,0.5656115,12.7932621,3.23244872,13.1650685,3.92317626,9.24189226,R013,P00056,S000,S000,2,R028,P22552,S111,S211,24
-1.55,-3.8,0,0.5156115,0.5156115,12.7932621,4.07762366,13.1650685,4.76835121,8.39671732,R013,P00056,S000,S000,2,R028,P22552,S111,S211,24
-1.5,-3.8,0,0.4656115,0.4656115,12.7932621,4.92279861,13.1650685,5.61352615,7.55154237,R013,P00056,S000,S000,2,R028,P22552,S111,S211,24
-1.45,-3.8,0,0.4156115,0.4156115,12.7932621,5.76797355,13.1650685,6.45870109,6.70636743,R013,P00056,S000,S000,2,R028,P22552,S111,S211,24
-1.4,-3.8,0,0.3656115,0.3656115,12.7932621,6.61314849,13.1650685,7.30387604,5.86119249,R013,P00056,S000,S000,2,R028,P22552,S111,S211,24
-1.35,-3.8,0,0.3156115,0.3156115,12.7932621,7.45832344,13.1650685,8.14905098,5.01601755,R013,P00056,S000,S000,2,R028,P22552,S111,S211,24
-1.3,-3.8,0,0.2656115,0.2656115,12.7932621,8.30349838,13.1650685,8.99422592,4.1708426,R013,P00056,S000,S000,2,R028,P22552,S111,S211,24
-1.25,-3.8,0,0.2156115,0.2156115,12.7932621,9.14867332,13.1650685,9.83940087,3.32566766,R013,P00056,S000,S000,2,R028,P22552,S111,S211,24
-1.2,-3.8,0,0.1656115,0.1656115,12.7932621,9.99384827,13.1650685,10.6845758,2.48049272,R013,P00056,S000,S000,2,R028,P22552,S111,S211,24
-1.15,-3.8,0,0.1156115,0.1156115,12.7932621,10.8390232,13.1650685,11.5297508,1.63531777,R013,P00056,S000,S000,2,R028,P22552,S111,S211,24
-1.1,-3.8,0,0.0656115,0.0656115,12.7932621,11.6841982,13.1650685,12.3749257,0.79014283,R013,P00056,S000,S000,2,R028,P22552,S111,S211,24
-1.05,-3.8,0,0.0156115,0.0156115,12.7932621,12.5293731,13.1650685,13.2201006,-0.0550321129,R013,P00056,S000,S000,2,R028,P22552,S111,S211,24
-1,-3.8,0,0,0,12.7932621,12.7932621,13.1650685,13.4839896,-0.318921085,R010,P00053,S000,S000,8,R028,P22552,S000,S000,24
-0.95,-3.8,0,0,0,12.7932621,12.7932621,13.1650685,13.4839896,-0.318921085,R001,P00001,S000,S000,27,R028,P22552,S000,S000,56
-0.9,-3.8,0,0,0,12.7932621,12.7932621,13.1650685,13.4839896,-0.318921085,R001,P00001,S000,S000,39,R028,P22552,S000,S000,56
-0.85,-3.8,0,0,0,12.7932621,12.7932621,13.1650685,13.4839896,-0.318921085,R001,P00001,S000,S000,39,R028,P22552,S000,S000,56
-0.8,-3.8,0,0,0,12.7932621,12.7932621,13.1650685,13.4839896,-0.318921085,R001,P00001,S000,S000,39,R027,P22549,S000,S000,80
-0.75,-3.8,0,0,0,12.7932621,12.7932621,13.1650685,13.4839896,-0.318921085,R001,P00001,S000,S000,39,R027,P22549,S000,S000,80
-0.7,-3.8,0,0,0,12.7932621,12.7932621,13.1650685,13.4839896,-0.318921085,R001,P00001,S000,S000,49,R027,P22549,S000,S000,80
-0.65,-3.8,0,0,0,12.7932621,12.7932621,13.1650685,13.4839896,-0.318921085,R001,P00001,S000,S000,49,R012,P04429,S000,S000,140
-0.6,-3.8,0,0,0,12.7932621,12.7932621,13.1650685,13.4839896,-0.318921085,R001,P00001,S000,S000,68,R012,P04429,S000,S000,140
-0.55,-3.8,0,0,0,12.7932621,12.7932621,13.1650685,13.4839896,-0.318921085,R001,P00001,S000,S000,68,R012,P04429,S000,S000,140
-0.5,-3.8,0,0,0,12.7932621,12.7932621,13.1650685,13.4839896,-0.318921085,R001,P00001,S000,S000,68,R012,P04429,S000,S000,140
-0.45,-3.8,0,0,0,12.7932621,12.7932621,13.1650685,13.4839896,-0.318921085,R001,P00001,S000,S000,68,R012,P04429,S000,S000,182
-0.4,-3.8,0,0,0,12.7932621,12.7932621,13.1650685,13.4839896,-0.318921085,R001,P00001,S000,S000,68,R012,P04429,S000,S000,182
-0.35,-3.8,0,0,0,12.7932621,12.7932621,13.1650685,13.4839896,-0.318921085,R001,P00001,S000,S000,68,R012,P04429,S000,S000,182
-0.3,-3.8,0,0,0,12.7932621,12.7932621,13.1650685,13.4839896,-0.318921085,R001,P00001,S000,S000,68,R010,P03778,S000,S000,520
-0.25,-3.8,0,0,0,12.7932621,12.7932621,13.1650685,13.4839896,-0.318921085,R001,P00001,S000,S000,68,R010,P03778,S000,S000,520
-0.2,-3.8,0,0,0,12.7932621,12.7932621,13.1650685,13.4839896,-0.318921085,R001,P00001,S000,S000,69,R010,P03778,S000,S000,520
-0.15,-3.8,0,0,0,12.7932621,12.7932621,13.1650685,13.4839896,-0.318921085,R001,P00001,S000,S000,79,R010,P03778,S000,S000,520
-0.1,-3.8,0,0,0,12.7932621,12.7932621,13.1650685,13.4839896,-0.318921085,R001,P00001,S000,S000,79,R010,P03778,S000,S000,560
-0.05,-3.8,0,0,0,12.7932621,12.7932621,13.1650685,13.4839896,-0.318921085,R001,P00001,S000,S000,79,R010,P03778,S000,S000,700
0,-3.8,0,0,0,12.7932621,12.7932621,13.1650685,13.4839896,-0.318921085,R001,P00001,S000,S000,79,R010,P03778,S000,S000,700
-4,-3.75,1.06039822,3.0360715,1.97567328,-5.13117802,-38.5269691,-4.75937156,-37.8362415,33.07687,R017,P00065,S221,S222,1,R061,P68636,S433,S533,1
-3.95,-3.75,1.06039822,2.9860715,1.92567328,-5.13117802,-37.6817941,-4.75937156,-36.9910666,32.231695,R017,P00065,S221,S222,1,R061,P68636,S433,S533,1
-3.9,-3.75,1.06039822,2.9360715,1.87567328,-5.13117802,-36.8366192,-4.75937156,-36.1458916,31.3865201,R017,P00065,S221,S222,2,R061,P68636,S433,S533,1
-3.85,-3.75,1.06039822,2.8860715,1.82567328,-5.13117802,-35.9914442,-4.75937156,-35.3007167,30.5413451,R017,P00065,S221,S222,2,R061,P68636,S433,S533,1
-3.8,-3.75,1.06039822,2.8360715,1.77567328,-5.13117802,-35.1462693,-4.75937156,-34.4555418,29.6961702,R017,P00065,S221,S222,2,R061,P68636,S433,S533,1
-3.75,-3.75,1.06039822,2.7860715,1.72567328,-5.13117802,-34.3010944,-4.75937156,-33.6103668,28.8509953,R017,P00065,S221,S222,3,R061,P68636,S433,S533,1
-3.7,-3.75,1.06039822,2.69433647,1.63393825,-5.13117802,-32.7504514,-4.75937156,-32.0597238,27.3003523,R017,P00065,S221,S222,3,R056,P68478,S544,S211,5
-3.65,-3.75,1.06039822,2.6156115,1.55521328,-5.13117802,-31.4197239,-4.75937156,-30.7289964,25.9696248,R017,P00065,S221,S222,3,R056,P68478,S111,S211,5
-3.6,-3.75,1.06039822,2.5656115,1.50521328,-5.13117802,-30.574549,-4.75937156,-29.8838215,25.1244499,R017,P00065,S221,S222,3,R056,P68478,S111,S211,5
-3.55,-3.75,1.06039822,2.5156115,1.45521328,-5.13117802,-29.7293741,-4.75937156,-29.0386465,24.279275,R017,P00065,S221,S222,3,R056,P68478,S111,S211,5
-3.5,-3.75,1.06039822,2.4656115,1.40521328,-5.13117802,-28.8841991,-4.75937156,-28.1934716,23.4341,R017,P00065,S221,S222,3,R056,P68478,S111,S211,10
-3.45,-3.75,1.06039822,2.4156115,1.35521328,-5.13117802,-28.0390242,-4.75937156,-27.3482966,22.5889251,R017,P00065,S221,S222,3,R054,P68422,S111,S211,12
-3.4,-3.75,1.04277525,2.3656115,1.32283625,-4.83328818,-27.1938492,-4.46148172,-26.5031217,22.04164,R013,P00056,S112,S222,2,R054,P68422,S111,S211,12
-3.35,-3.75,0.99277525,2.3156115,1.32283625,-3.98811324,-26.3486743,-3.61630678,-25.6579467,22.04164,R013,P00056,S112,S222,2,R054,P68422,S111,S211,12
-3.3,-3.75,0.94277525,2.2656115,1.32283625,-3.1429383,-25.5034993,-2.77113184,-24.8127718,22.04164,R013,P00056,S112,S222,2,R054,P68422,S111,S211,12
-3.25,-3.75,0.89277525,2.2156115,1.32283625,-2.29776335,-24.6583244,-1.9259569,-23.9675969,22.04164,R013,P00056,S112,S222,2,R054,P68422,S111,S211,12
-3.2,-3.75,0.84277525,2.1656115,1.32283625,-1.45258841,-23.8131495,-1.08078195,-23.1224219,22.04164,R013,P00056,S112,S222,2,R054,P68422,S111,S211,12
-3.15,-3.75,0.79277525,2.1156115,1.32283625,-0.607413468,-22.9679745,-0.23560701,-22.277247,22.04164,R013,P00056,S112,S222,2,R054,P68422,S111,S211,12
-3.1,-3.75,0.74277525,2.0656115,1.32283625,0.237761475,-22.1227996,0.609567933,-21.432072,22.04164,R013,P00056,S112,S222,2,R054,P68422,S111,S211,12
-3.05,-3.75,0.69277525,2.0156115,1.32283625,1.08293642,-21.2776246,1.45474288,-20.5868971,22.04164,R013,P00056,S112,S222,2,R054,P68422,S111,S211,12
-3,-3.75,0.64277525,1.9656115,1.32283625,1.92811136,-20.4324497,2.29991782,-19.7417221,22.04164,R013,P00056,S112,S222,2,R054,P68422,S111,S211,12
-2.95,-3.75,0.59277525,1.9156115,1.32283625,2.7732863,-19.5872747,3.14509276,-18.8965472,22.04164,R013,P00056,S112,S222,2,R054,P68422,S111,S211,12
-2.9,-3.75,0.54277525,1.8656115,1.32283625,3.61846125,-18.7420998,3.99026771,-18.0513723,22.04164,R013,P00056,S112,S222,2,R054,P68422,S111,S211,12
-2.85,-3.75,0.49277525,1.8156115,1.32283625,4.46363619,-17.8969249,4.83544265,-17.2061973,22.04164,R013,P00056,S112,S222,2,R054,P68422,S111,S211,12
-2.8,-3.75,0.44277525,1.7656115,1.32283625,5.30881113,-17.0517499,5.68061759,-16.3610224,22.04164,R013,P00056,S112,S222,2,R054,P68422,S111,S211,12
-2.75,-3.75,0.39277525,1.7156115,1.32283625,6.15398608,-16.206575,6.52579253,-15.5158474,22.04164,R013,P00056,S112,S222,2,R054,P68422,S111,S211,12
-2.7,-3.75,0.34277525,1.6656115,1.32283625,6.99916102,-15.3614,7.37096748,-14.6706725,22.04164,R013,P00056,S112,S222,2,R028,P22552,S111,S211,24
-2.65,-3.75,0.29277525,1.6156115,1.32283625,7.84433596,-14.5162251,8.21614242,-13.8254975,22.04164,R013,P00056,S112,S222,2,R028,P22552,S111,S211,24
-2.6,-3.75,0.24277525,1.5656115,1.32283625,8.68951091,-13.6710501,9.06131736,-12.9803226,22.04164,R013,P00056,S112,S222,2,R028,P22552,S111,S211,24
-2.55,-3.75,0.19277525,1.5156115,1.32283625,9.53468585,-12.8258752,9.90649231,-12.1351477,22.04164,R013,P00056,S112,S222,2,R028,P22552,S111,S211,24
-2.5,-3.75,0.14277525,1.4656115,1.32283625,10.3798608,-11.9807003,10.7516672,-11.2899727,22.04164,R013,P00056,S112,S222,2,R028,P22552,S111,S211,24
-2.45,-3.75,0.09277525,1.4156115,1.32283625,11.2250357,-11.1355253,11.5968422,-10.4447978,22.04164,R013,P00056,S112,S222,2,R028,P22552,S111,S211,24
-2.4,-3.75,0.04277525,1.3656115,1.32283625,12.0702107,-10.2903504,12.4420171,-9.59962282,22.04164,R013,P00056,S112,S222,2,R028,P22552,S111,S211,24
-2.35,-3.75,0,1.3156115,1.3156115,12.7932621,-9.44517542,13.1650685,-8.75444788,21.9195164,R013,P00056,S000,S000,2,R028,P22552,S111,S211,24
-2.3,-3.75,0,1.2656115,1.2656115,12.7932621,-8.60000048,13.1650685,-7.90927294,21.0743415,R013,P00056,S000,S000,2,R028,P22552,S111,S211,24
-2.25,-3.75,0,1.2156115,1.2156115,12.7932621,-7.75482554,13.1650685,-7.06409799,20.2291665,R013,P00056,S000,S000,2,R028,P22552,S111,S211,24
-2.2,-3.75,0,1.1656115,1.1656115,12.7932621,-6.9096506,13.1650685,-6.21892305,19.3839916,R013,P00056,S000,S000,2,R028,P22552,S111,S211,24
-2.15,-3.75,0,1.1156115,1.1156115,12.7932621,-6.06447565,13.1650685,-5.37374811,18.5388166,R013,P00056,S000,S000,2,R028,P22552,S111,S211,24
-2.1,-3.75,0,1.0656115,1.0656115,12.7932621,-5.21930071,13.1650685,-4.52857317,17.6936417,R013,P00056,S000,S000,2,R028,P22552,S111,S211,24
-2.05,-3.75,0,1.0156115,1.0156115,12.7932621,-4.37412577,13.1650685,-3.68339822,16.8484667,R013,P00056,S000,S000,2,R028,P22552,S111,S211,24
-2,-3.75,0,0.9656115,0.9656115,12.7932621,-3.52895082,13.1650685,-2.83822328,16.0032918,R013,P00056,S000,S000,2,R028,P22552,S111,S211,24
-1.95,-3.75,0,0.9156115,0.9156115,12.7932621,-2.68377588,13.1650685,-1.99304834,15.1581169,R013,P00056,S000,S000,2,R028,P22552,S111,S211,24
-1.9,-3.75,0,0.8656115,0.8656115,12.7932621,-1.83860094,13.1650685,-1.14787339,14.3129419,R013,P00056,S000,S000,2,R028,P22552,S111,S211,24
-1.85,-3.75,0,0.8156115,0.8156115,12.7932621,-0.993425994,13.1650685,-0.30269845,13.467767,R013,P00056,S000,S000,2,R028,P22552,S111,S211,24
-1.8,-3.75,0,0.7656115,0.7656115,12.7932621,-0.148251051,13.1650685,0.542476493,12.622592,R013,P00056,S000,S000,2,R028,P22552,S111,S211,24
-1.75,-3.75,0,0.7156115,0.7156115,12.7932621,0.696923892,13.1650685,1.38765144,11.7774171,R013,P00056,S000,S000,2,R028,P22552,S111,S211,24
-1.7,-3.75,0,0.6656115,0.6656115,12.7932621,1.54209883,13.1650685,2.23282638,10.9322421,R013,P00056,S000,S000,2,R028,P22552,S111,S211,24
-1.65,-3.75,0,0.6156115,0.6156115,12.7932621,2.38727378,13.1650685,3.07800132,10.0870672,R013,P00056,S000,S000,2,R028,P22552,S111,S211,24
-1.6,-3.75,0,0.5656115,0.5656115,12.7932621,3.23244872,13.1650685,3.92317626,9.24189226,R013,P00056,S000,S000,2,R028,P22552,S111,S211,24
-1.55,-3.75,0,0.5156115,0.5156115,12.7932621,4.07762366,13.1650685,4.76835121,8.39671732,R013,P00056,S000,S000,2,R028,P22552,S111,S211,24
-1.5,-3.75,0,0.4656115,0.4656115,12.7932621,4.92279861,13.1650685,5.61352615,7.55154237,R013,P00056,S000,S000,2,R028,P22552,S111,S211,24
-1.45,-3.75,0,0.4156115,0.4156115,12.7932621,5.76797355,13.1650685,6.45870109,6.70636743,R013,P00056,S000,S000,2,R028,P22552,S111,S211,24
-1.4,-3.75,0,0.3656115,0.3656115,12.7932621,6.61314849,13.1650685,7.30387604,5.86119249,R013,P00056,S000,S000,2,R028,P22552,S111,S211,24
-1.35,-3.75,0,0.3156115,0.3156115,12.7932621,7.45832344,13.1650685,8.14905098,5.01601755,R013,P00056,S000,S000,2,R028,P22552,S111,S211,24
-1.3,-3.75,0,0.2656115,0.2656115,12.7932621,8.30349838,13.1650685,8.99422592,4.1708426,R013,P00056,S000,S000,2,R028,P22552,S111,S211,24
-1.25,-3.75,0,0.2156115,0.2156115,12.7932621,9.14867332,13.1650685,9.83940087,3.32566766,R013,P00056,S000,S000,2,R028,P22552,S111,S211,24
-1.2,-3.75,0,0.1656115,0.1656115,12.7932621,9.99384827,13.1650685,10.6845758,2.48049272,R013,P00056,S000,S000,2,R028,P22552,S111,S211,24
-1.15,-3.75,0,0.1156115,0.1156115,12.7932621,10.8390232,13.1650685,11.5297508,1.63531777,R013,P00056,S000,S000,2,R028,P22552,S111,S211,24
-1.1,-3.75,0,0.0656115,0.0656115,12.7932621,11.6841982,13.1650685,12.3749257,0.79014283,R013,P00056,S000,S000,2,R028,P22552,S111,S211,24
-1.05,-3.75,0,0.0156115,0.0156115,12.7932621,12.5293731,13.1650685,13.2201006,-0.0550321129,R013,P00056,S000,S000,2,R028,P22552,S111,S211,24
-1,-3.75,0,0,0,12.7932621,12.7932621,13.1650685,13.4839896,-0.318921085,R010,P00053,S000,S000,8,R028,P22552,S000,S000,24
-0.95,-3.75,0,0,0,12.7932621,12.7932621,13.1650685,13.4839896,-0.318921085,R001,P00001,S000,S000,27,R028,P22552,S000,S000,56
-0.9,-3.75,0,0,0,12.7932621,12.7932621,13.1650685,13.4839896,-0.318921085,R001,P00001,S000,S000,39,R028,P22552,S000,S000,56
-0.85,-3.75,0,0,0,12.7932621,12.7932621,13.1650685,13.4839896,-0.318921085,R001,P00001,S000,S000,39,R028,P22552,S000,S000,56
-0.8,-3.75,0,0,0,12.7932621,12.7932621,13.1650685,13.4839896,-0.318921085,R001,P00001,S000,S000,39,R027,P22549,S000,S000,80
-0.75,-3.75,0,0,0,12.7932621,12.7932621,13.1650685,13.4839896,-0.318921085,R001,P00001,S000,S000,39,R027,P22549,S000,S000,80
-0.7,-3.75,0,0,0,12.7932621,12.7932621,13.1650685,13.4839896,-0.318921085,R001,P00001,S000,S000,49,R027,P22549,S000,S000,80
-0.65,-3.75,0,0,0,12.7932621,12.7932621,13.1650685,13.4839896,-0.318921085,R001,P00001,S000,S000,49,R012,P04429,S000,S000,140
-0.6,-3.75,0,0,0,12.7932621,12.7932621,13.1650685,13.4839896,-0.318921085,R001,P00001,S000,S000,68,R012,P04429,S000,S000,140
-0.55,-3.75,0,0,0,12.7932621,12.7932621,13.1650685,13.4839896,-0.318921085,R001,P00001,S000,S000,68,R012,P04429,S000,S000,140
-0.5,-3.75,0,0,0,12.7932621,12.7932621,13.1650685,13.4839896,-0.318921085,R001,P00001,S000,S000,68,R012,P04429,S000,S000,140
-0.45,-3.75,0,0,0,12.7932621,12.7932621,13.1650685,13.4839896,-0.318921085,R001,P00001,S000,S000,68,R012,P04429,S000,S000,182
-0.4,-3.75,0,0,0,12.7932621,12.7932621,13.1650685,13.4839896,-0.318921085,R001,P00001,S000,S000,68,R012,P04429,S000,S000,182
-0.35,-3.75,0,0,0,12.7932621,12.7932621,13.1650685,13.4839896,-0.318921085,R001,P00001,S000,S000,68,R012,P04429,S000,S000,182
-0.3,-3.75,0,0,0,12.7932621,12.7932621,13.1650685,13.4839896,-0.318921085,R001,P00001,S000,S000,68,R010,P03778,S000,S000,520
-0.25,-3.75,0,0,0,12.7932621,12.7932621,13.1650685,13.4839896,-0.318921085,R001,P00001,S000,S000,68,R010,P03778,S000,S000,520
-0.2,-3.75,0,0,0,12.7932621,12.7932621,13.1650685,13.4839896,-0.318921085,R001,P00001,S000,S000,69,R010,P03778,S000,S000,520
-0.15,-3.75,0,0,0,12.7932621,12.7932621,13.1650685,13.4839896,-0.318921085,R001,P00001,S000,S000,79,R010,P03778,S000,S000,520
-0.1,-3.75,0,0,0,12.7932621,12.7932621,13.1650685,13.4839896,-0.318921085,R001,P00001,S000,S000,79,R010,P03778,S000,S000,560
-0.05,-3.75,0,0,0,12.7932621,12.7932621,13.1650685,13.4839896,-0.318921085,R001,P00001,S000,S000,79,R010,P03778,S000,S000,700
0,-3.75,0,0,0,12.7932621,12.7932621,13.1650685,13.4839896,-0.318921085,R001,P00001,S000,S000,79,R010,P03778,S000,S000,700
-4,-3.7,1.08539822,3.0360715,1.95067328,-5.55376549,-38.5269691,-5.18195903,-37.8362415,32.6542825,R017,P00065,S221,S222,1,R061,P68636,S433,S533,1
-3.95,-3.7,1.08539822,2.9860715,1.90067328,-5.55376549,-37.6817941,-5.18195903,-36.9910666,31.8091076,R017,P00065,S221,S222,1,R061,P68636,S433,S533,1
-3.9,-3.7,1.08539822,2.9360715,1.85067328,-5.55376549,-36.8366192,-5.18195903,-36.1458916,30.9639326,R017,P00065,S221,S222,2,R061,P68636,S433,S533,1
-3.85,-3.7,1.08539822,2.8860715,1.80067328,-5.55376549,-35.9914442,-5.18195903,-35.3007167,30.1187577,R017,P00065,S221,S222,2,R061,P68636,S433,S533,1
-3.8,-3.7,1.08539822,2.8360715,1.75067328,-5.55376549,-35.1462693,-5.18195903,-34.4555418,29.2735827,R017,P00065,S221,S222,2,R061,P68636,S433,S533,1
-3.75,-3.7,1.08539822,2.7860715,1.70067328,-5.55376549,-34.3010944,-5.18195903,-33.6103668,28.4284078,R017,P00065,S221,S222,2,R061,P68636,S433,S533,1
-3.7,-3.7,1.08539822,2.7360715,1.65067328,-5.55376549,-33.4559194,-5.18195903,-32.7651919,27.5832328,R017,P00065,S221,S222,3,R061,P68636,S433,S533,1
-3.65,-3.7,1.08539822,2.61933647,1.53393825,-5.55376549,-31.482689,-5.18195903,-30.7919614,25.6100024,R017,P00065,S221,S222,3,R056,P68478,S544,S211,5
-3.6,-3.7,1.08539822,2.5656115,1.48021328,-5.55376549,-30.574549,-5.18195903,-29.8838215,24.7018624,R017,P00065,S221,S222,3,R056,P68478,S111,S211,5
-3.55,-3.7,1.08539822,2.5156115,1.43021328,-5.55376549,-29.7293741,-5.18195903,-29.0386465,23.8566875,R017,P00065,S221,S222,3,R056,P68478,S111,S211,5
-3.5,-3.7,1.08539822,2.4656115,1.38021328,-5.55376549,-28.8841991,-5.18195903,-28.1934716,23.0115125,R017,P00065,S221,S222,3,R056,P68478,S111,S211,5
-3.45,-3.7,1.08539822,2.4156115,1.33021328,-5.55376549,-28.0390242,-5.18195903,-27.3482966,22.1663376,R017,P00065,S221,S222,3,R056,P68478,S111,S211,10
-3.4,-3.7,1.08539822,2.3656115,1.28021328,-5.55376549,-27.1938492,-5.18195903,-26.5031217,21.3211627,R017,P00065,S221,S222,3,R054,P68422,S111,S211,12
-3.35,-3.7,1.04277525,2.3156115,1.27283625,-4.83328818,-26.3486743,-4.46148172,-25.6579467,21.196465,R013,P00056,S112,S222,2,R054,P68422,S111,S211,12
-3.3,-3.7,0.99277525,2.2656115,1.27283625,-3.98811324,-25.5034993,-3.61630678,-24.8127718,21.196465,R013,P00056,S112,S222,2,R054,P68422,S111,S211,12
-3.25,-3.7,0.94277525,2.2156115,1.27283625,-3.1429383,-24.6583244,-2.77113184,-23.9675969,21.196465,R013,P00056,S112,S222,2,R054,P68422,S111,S211,12
-3.2,-3.7,0.89277525,2.1656115,1.27283625,-2.29776335,-23.8131495,-1.9259569,-23.1224219,21.196465,R013,P00056,S112,S222,2,R054,P68422,S111,S211,12
-3.15,-3.7,0.84277525,2.1156115,1.27283625,-1.45258841,-22.9679745,-1.08078195,-22.277247,21.196465,R013,P00056,S112,S222,2,R054,P68422,S111,S211,12
-3.1,-3.7,0.79277525,2.0656115,1.27283625,-0.607413468,-22.1227996,-0.23560701,-21.432072,21.196465,R013,P00056,S112,S222,2,R054,P68422,S111,S211,12
-3.05,-3.7,0.74277525,2.0156115,1.27283625,0.237761475,-21.2776246,0.609567933,-20.5868971,21.196465,R013,P00056,S112,S222,2,R054,P68422,S111,S211,12
-3,-3.7,0.69277525,1.9656115,1.27283625,1.08293642,-20.4324497,1.45474288,-19.7417221,21.196465,R013,P00056,S112,S222,2,R054,P68422,S111,S211,12
-2.95,-3.7,0.64277525,1.9156115,1.27283625,1.92811136,-19.5872747,2.29991782,-18.8965472,21.196465,R013,P00056,S112,S222,2,R054,P68422,S111,S211,12
-2.9,-3.7,0.59277525,1.8656115,1.27283625,2.7732863,-18.7420998,3.14509276,-18.0513723,21.196465,R013,P00056,S112,S222,2,R054,P68422,S111,S211,12
-2.85,-3.7,0.54277525,1.8156115,1.27283625,3.61846125,-17.8969249,3.99026771,-17.2061973,21.196465,R013,P00056,S112,S222,2,R054,P68422,S111,S211,12
-2.8,-3.7,0.49277525,1.7656115,1.27283625,4.46363619,-17.0517499,4.83544265,-16.3610224,21.196465,R013,P00056,S112,S222,2,R054,P68422,S111,S211,12
-2.75,-3.7,0.44277525,1.7156115,1.27283625,5.30881113,-16.206575,5.68061759,-15.5158474,21.196465,R013,P00056,S112,S222,2,R054,P68422,S111,S211,12
-2.7,-3.7,0.39277525,1.6656115,1.27283625,6.15398608,-15.3614,6.52579253,-14.6706725,21.196465,R013,P00056,S112,S222,2,R054,P68422,S111,S211,12
-2.65,-3.7,0.34277525,1.6156115,1.27283625,6.99916102,-14.5162251,7.37096748,-13.8254975,21.196465,R013,P00056,S112,S222,2,R028,P22552,S111,S211,24
-2.6,-3.7,0.29277525,1.5656115,1.27283625,7.84433596,-13.6710501,8.21614242,-12.9803226,21.196465,R013,P00056,S112,S222,2,R028,P22552,S111,S211,24
-2.55,-3.7,0.24277525,1.5156115,1.27283625,8.68951091,-12.8258752,9.06131736,-12.1351477,21.196465,R013,P00056,S112,S222,2,R028,P22552,S111,S211,24
-2.5,-3.7,0.19277525,1.4656115,1.27283625,9.53468585,-11.9807003,9.90649231,-11.2899727,21.196465,R013,P00056,S112,S222,2,R028,P22552,S111,S211,24
-2.45,-3.7,0.14277525,1.4156115,1.27283625,10.3798608,-11.1355253,10.7516672,-10.4447978,21.196465,R013,P00056,S112,S222,2,R028,P22552,S111,S211,24
-2.4,-3.7,0.09277525,1.3656115,1.27283625,11.2250357,-10.2903504,11.5968422,-9.59962282,21.196465,R013,P00056,S112,S222,2,R028,P22552,S111,S211,24
-2.35,-3.7,0.04277525,1.3156115,1.27283625,12.0702107,-9.44517542,12.4420171,-8.75444788,21.196465,R013,P00056,S112,S222,2,R028,P22552,S111,S211,24
-2.3,-3.7,0,1.2656115,1.2656115,12.7932621,-8.60000048,13.1650685,-7.90927294,21.0743415,R013,P00056,S000,S000,2,R028,P22552,S111,S211,24
-2.25,-3.7,0,1.2156115,1.2156115,12.7932621,-7.75482554,13.1650685,-7.06409799,20.2291665,R013,P00056,S000,S000,2,R028,P22552,S111,S211,24
-2.2,-3.7,0,1.1656115,1.1656115,12.7932621,-6.9096506,13.1650685,-6.21892305,19.3839916,R013,P00056,S000,S000,2,R028,P22552,S111,S211,24
-2.15,-3.7,0,1.1156115,1.1156115,12.7932621,-6.06447565,13.1650685,-5.37374811,18.5388166,R013,P00056,S000,S000,2,R028,P22552,S111,S211,24
-2.1,-3.7,0,1.0656115,1.0656115,12.7932621,-5.21930071,13.1650685,-4.52857317,17.6936417,R013,P00056,S000,S000,2,R028,P22552,S111,S211,24
-2.05,-3.7,0,1.0156115,1.0156115,12.7932621,-4.37412577,13.1650685,-3.68339822,16.8484667,R013,P00056,S000,S000,2,R028,P22552,S111,S211,24
-2,-3.7,0,0.9656115,0.9656115,12.7932621,-3.52895082,13.1650685,-2.83822328,16.0032918,R013,P00056,S000,S000,2,R028,P22552,S111,S211,24
-1.95,-3.7,0,0.9156115,0.9156115,12.7932621,-2.68377588,13.1650685,-1.99304834,15.1581169,R013,P00056,S000,S000,2,R028,P22552,S111,S211,24
-1.9,-3.7,0,0.8656115,0.8656115,12.7932621,-1.83860094,13.1650685,-1.14787339,14.3129419,R013,P00056,S000,S000,2,R028,P22552,S111,S211,24
-1.85,-3.7,0,0.8156115,0.8156115,12.7932621,-0.993425994,13.1650685,-0.30269845,13.467767,R013,P00056,S000,S000,2,R028,P22552,S111,S211,24
-1.8,-3.7,0,0.7656115,0.7656115,12.7932621,-0.148251051,13.1650685,0.542476493,12.622592,R013,P00056,S000,S000,2,R028,P22552,S111,S211,24
-1.75,-3.7,0,0.7156115,0.7156115,12.7932621,0.696923892,13.1650685,1.38765144,11.7774171,R013,P00056,S000,S000,2,R028,P22552,S111,S211,24
-1.7,-3.7,0,0.6656115,0.6656115,12.7932621,1.54209883,13.1650685,2.23282638,10.9322421,R013,P00056,S000,S000,2,R028,P22552,S111,S211,24
-1.65,-3.7,0,0.6156115,0.6156115,12.7932621,2.38727378,13.1650685,3.07800132,10.0870672,R013,P00056,S000,S000,2,R028,P22552,S111,S211,24
-1.6,-3.7,0,0.5656115,0.5656115,12.7932621,3.23244872,13.1650685,3.92317626,9.24189226,R013,P00056,S000,S000,2,R028,P22552,S111,S211,24
-1.55,-3.7,0,0.5156115,0.5156115,12.7932621,4.07762366,13.1650685,4.76835121,8.39671732,R013,P00056,S000,S000,2,R028,P22552,S111,S211,24
-1.5,-3.7,0,0.4656115,0.4656115,12.7932621,4.92279861,13.1650685,5.61352615,7.55154237,R013,P00056,S000,S000,2,R028,P22552,S111,S211,24
-1.45,-3.7,0,0.4156115,0.4156115,12.7932621,5.76797355,13.1650685,6.45870109,6.70636743,R013,P00056,S000,S000,2,R028,P22552,S111,S211,24
-1.4,-3.7,0,0.3656115,0.3656115,12.7932621,6.61314849,13.1650685,7.30387604,5.86119249,R013,P00056,S000,S000,2,R028,P22552,S111,S211,24
-1.35,-3.7,0,0.3156115,0.3156115,12.7932621,7.45832344,13.1650685,8.14905098,5.01601755,R013,P00056,S000,S000,2,R028,P22552,S111,S211,24
-1.3,-3.7,0,0.2656115,0.2656115,12.7932621,8.30349838,13.1650685,8.99422592,4.1708426,R013,P00056,S000,S000,2,R028,P22552,S111,S211,24
-1.25,-3.7,0,0.2156115,0.2156115,12.7932621,9.14867332,13.1650685,9.83940087,3.32566766,R013,P00056,S000,S000,2,R028,P22552,S111,S211,24
-1.2,-3.7,0,0.1656115,0.1656115,12.7932621,9.99384827,13.1650685,10.6845758,2.48049272,R013,P00056,S000,S000,2,R028,P22552,S111,S211,24
-1.15,-3.7,0,0.1156115,0.1156115,12.7932621,10.8390232,13.1650685,11.5297508,1.63531777,R013,P00056,S000,S000,2,R028,P22552,S111,S211,24
-1.1,-3.7,0,0.0656115,0.0656115,12.7932621,11.6841982,13.1650685,12.3749257,0.79014283,R013,P00056,S000,S000,2,R028,P22552,S111,S211,24
-1.05,-3.7,0,0.0156115,0.0156115,12.7932621,12.5293731,13.1650685,13.2201006,-0.0550321129,R013,P00056,S000,S000,2,R028,P22552,S111,S211,24
-1,-3.7,0,0,0,12.7932621,12.7932621,13.1650685,13.4839896,-0.318921085,R010,P00053,S000,S000,8,R028,P22552,S000,S000,24
-0.95,-3.7,0,0,0,12.7932621,12.7932621,13.1650685,13.4839896,-0.318921085,R001,P00001,S000,S000,27,R028,P22552,S000,S000,56
-0.9,-3.7,0,0,0,12.7932621,12.7932621,13.1650685,13.4839896,-0.318921085,R001,P00001,S000,S000,39,R028,P22552,S000,S000,56
-0.85,-3.7,0,0,0,12.7932621,12.7932621,13.1650685,13.4839896,-0.318921085,R001,P00001,S000,S000,39,R028,P22552,S000,S000,56
-0.8,-3.7,0,0,0,12.7932621,12.7932621,13.1650685,13.4839896,-0.318921085,R001,P00001,S000,S000,39,R027,P22549,S000,S000,80
-0.75,-3.7,0,0,0,12.7932621,12.7932621,13.1650685,13.4839896,-0.318921085,R001,P00001,S000,S000,39,R027,P22549,S000,S000,80
-0.7,-3.7,0,0,0,12.7932621,12.7932621,13.1650685,13.4839896,-0.318921085,R001,P00001,S000,S000,49,R027,P22549,S000,S000,80
-0.65,-3.7,0,0,0,12.7932621,12.7932621,13.1650685,13.4839896,-0.318921085,R001,P00001,S000,S000,49,R012,P04429,S000,S000,140
-0.6,-3.7,0,0,0,12.7932621,12.7932621,13.1650685,13.4839896,-0.318921085,R001,P00001,S000,S000,68,R012,P04429,S000,S000,140
-0.55,-3.7,0,0,0,12.7932621,12.7932621,13.1650685,13.4839896,-0.318921085,R001,P00001,S000,S000,68,R012,P04429,S000,S000,140
-0.5,-3.7,0,0,0,12.7932621,12.7932621,13.1650685,13.4839896,-0.318921085,R001,P00001,S000,S000,68,R012,P04429,S000,S000,140
-0.45,-3.7,0,0,0,12.7932621,12.7932621,13.1650685,13.4839896,-0.318921085,R001,P00001,S000,S000,68,R012,P04429,S000,S000,182
-0.4,-3.7,0,0,0,12.7932621,12.7932621,13.1650685,13.4839896,-0.318921085,R001,P00001,S000,S000,68,R012,P04429,S000,S000,182
-0.35,-3.7,0,0,0,12.7932621,12.7932621,13.1650685,13.4839896,-0.318921085,R001,P00001,S000,S000,68,R012,P04429,S000,S000,182
-0.3,-3.7,0,0,0,12.7932621,12.7932621,13.1650685,13.4839896,-0.318921085,R001,P00001,S000,S000,68,R010,P03778,S000,S000,520
-0.25,-3.7,0,0,0,12.7932621,12.7932621,13.1650685,13.4839896,-0.318921085,R001,P00001,S000,S000,68,R010,P03778,S000,S000,520
-0.2,-3.7,0,0,0,12.7932621,12.7932621,13.1650685,13.4839896,-0.318921085,R001,P00001,S000,S000,69,R010,P03778,S000,S000,520
-0.15,-3.7,0,0,0,12.7932621,12.7932621,13.1650685,13.4839896,-0.318921085,R001,P00001,S000,S000,79,R010,P03778,S000,S000,520
-0.1,-3.7,0,0,0,12.7932621,12.7932621,13.1650685,13.4839896,-0.318921085,R001,P00001,S000,S000,79,R010,P03778,S000,S000,560
-0.05,-3.7,0,0,0,12.7932621,12.7932621,13.1650685,13.4839896,-0.318921085,R001,P00001,S000,S000,79,R010,P03778,S000,S000,700
0,-3.7,0,0,0,12.7932621,12.7932621,13.1650685,13.4839896,-0.318921085,R001,P00001,S000,S000,79,R010,P03778,S000,S000,700
-4,-3.65,1.11039822,3.0360715,1.92567328,-5.97635296,-38.5269691,-5.6045465,-37.8362415,32.231695,R017,P00065,S221,S222,1,R061,P68636,S433,S533,1
-3.95,-3.65,1.11039822,2.9860715,1.87567328,-5.97635296,-37.6817941,-5.6045465,-36.9910666,31.3865201,R017,P00065,S221,S222,1,R061,P68636,S433,S533,1
-3.9,-3.65,1.11039822,2.9360715,1.82567328,-5.97635296,-36.8366192,-5.6045465,-36.1458916,30.5413451,R017,P00065,S221,S222,1,R061,P68636,S433,S533,1
-3.85,-3.65,1.11039822,2.8860715,1.77567328,-5.97635296,-35.9914442,-5.6045465,-35.3007167,29.6961702,R017,P00065,S221,S222,2,R061,P68636,S433,S533,1
-3.8,-3.65,1.11039822,2.8360715,1.72567328,-5.97635296,-35.1462693,-5.6045465,-34.4555418,28.8509953,R017,P00065,S221,S222,2,R061,P68636,S433,S533,1
-3.75,-3.65,1.11039822,2.7860715,1.67567328,-5.97635296,-34.3010944,-5.6045465,-33.6103668,28.0058203,R017,P00065,S221,S222,2,R061,P68636,S433,S533,1
-3.7,-3.65,1.11039822,2.7360715,1.62567328,-5.97635296,-33.4559194,-5.6045465,-32.7651919,27.1606454,R017,P00065,S221,S222,2,R061,P68636,S433,S533,1
-3.65,-3.65,1.11039822,2.6860715,1.57567328,-5.97635296,-32.6107445,-5.6045465,-31.9200169,26.3154704,R017,P00065,S221,S222,3,R061,P68636,S433,S533,1
-3.6,-3.65,1.11039822,2.5656115,1.45521328,-5.97635296,-30.574549,-5.6045465,-29.8838215,24.279275,R017,P00065,S221,S222,3,R056,P68478,S111,S211,5
-3.55,-3.65,1.11039822,2.5156115,1.40521328,-5.97635296,-29.7293741,-5.6045465,-29.0386465,23.4341,R017,P00065,S221,S222,3,R056,P68478,S111,S211,5
-3.5,-3.65,1.11039822,2.4656115,1.35521328,-5.97635296,-28.8841991,-5.6045465,-28.1934716,22.5889251,R017,P00065,S221,S222,3,R056,P68478,S111,S211,5
-3.45,-3.65,1.11039822,2.4156115,1.30521328,-5.97635296,-28.0390242,-5.6045465,-27.3482966,21.7437501,R017,P00065,S221,S222,3,R056,P68478,S111,S211,5
-3.4,-3.65,1.11039822,2.3656115,1.25521328,-5.97635296,-27.1938492,-5.6045465,-26.5031217,20.8985752,R017,P00065,S221,S222,3,R054,P68422,S111,S211,12
-3.35,-3.65,1.09277525,2.3156115,1.22283625,-5.67846313,-26.3486743,-5.30665667,-25.6579467,20.3512901,R013,P00056,S112,S222,2,R054,P68422,S111,S211,12
-3.3,-3.65,1.04277525,2.2656115,1.22283625,-4.83328818,-25.5034993,-4.46148172,-24.8127718,20.3512901,R013,P00056,S112,S222,2,R054,P68422,S111,S211,12
-3.25,-3.65,0.99277525,2.2156115,1.22283625,-3.98811324,-24.6583244,-3.61630678,-23.9675969,20.3512901,R013,P00056,S112,S222,2,R054,P68422,S111,S211,12
-3.2,-3.65,0.94277525,2.1656115,1.22283625,-3.1429383,-23.8131495,-2.77113184,-23.1224219,20.3512901,R013,P00056,S112,S222,2,R054,P68422,S111,S211,12
-3.15,-3.65,0.89277525,2.1156115,1.22283625,-2.29776335,-22.9679745,-1.9259569,-22.277247,20.3512901,R013,P00056,S112,S222,2,R054,P68422,S111,S211,12
-3.1,-3.65,0.84277525,2.0656115,1.22283625,-1.45258841,-22.1227996,-1.08078195,-21.432072,20.3512901,R013,P00056,S112,S222,2,R054,P68422,S111,S211,12
-3.05,-3.65,0.79277525,2.0156115,1.22283625,-0.607413468,-21.2776246,-0.23560701,-20.5868971,20.3512901,R013,P00056,S112,S222,2,R054,P68422,S111,S211,12
-3,-3.65,0.74277525,1.9656115,1.22283625,0.237761475,-20.4324497,0.609567933,-19.7417221,20.3512901,R013,P00056,S112,S222,2,R054,P68422,S111,S211,12
-2.95,-3.65,0.69277525,1.9156115,1.22283625,1.08293642,-19.5872747,1.45474288,-18.8965472,20.3512901,R013,P00056,S112,S222,2,R054,P68422,S111,S211,12
-2.9,-3.65,0.64277525,1.8656115,1.22283625,1.92811136,-18.7420998,2.29991782,-18.0513723,20.3512901,R013,P00056,S112,S222,2,R054,P68422,S111,S211,12
-2.85,-3.65,0.59277525,1.8156115,1.22283625,2.7732863,-17.8969249,3.14509276,-17.2061973,20.3512901,R013,P00056,S112,S222,2,R054,P68422,S111,S211,12
-2.8,-3.65,0.54277525,1.7656115,1.22283625,3.61846125,-17.0517499,3.99026771,-16.3610224,20.3512901,R013,P00056,S112,S222,2,R054,P68422,S111,S211,12
-2.75,-3.65,0.49277525,1.7156115,1.22283625,4.46363619,-16.206575,4.83544265,-15.5158474,20.3512901,R013,P00056,S112,S222,2,R054,P68422,S111,S211,12
-2.7,-3.65,0.44277525,1.6656115,1.22283625,5.30881113,-15.3614,5.68061759,-14.6706725,20.3512901,R013,P00056,S112,S222,2,R054,P68422,S111,S211,12
-2.65,-3.65,0.39277525,1.6156115,1.22283625,6.15398608,-14.5162251,6.52579253,-13.8254975,20.3512901,R013,P00056,S112,S222,2,R054,P68422,S111,S211,12
-2.6,-3.65,0.34277525,1.5656115,1.22283625,6.99916102,-13.6710501,7.37096748,-12.9803226,20.3512901,R013,P00056,S112,S222,2,R028,P22552,S111,S211,24
-2.55,-3.65,0.29277525,1.5156115,1.22283625,7.84433596,-12.8258752,8.21614242,-12.1351477,20.3512901,R013,P00056,S112,S222,2,R028,P22552,S111,S211,24
-2.5,-3.65,0.24277525,1.4656115,1.22283625,8.68951091,-11.9807003,9.06131736,-11.2899727,20.3512901,R013,P00056,S112,S222,2,R028,P22552,S111,S211,24
-2.45,-3.65,0.19277525,1.4156115,1.22283625,9.53468585,-11.1355253,9.90649231,-10.4447978,20.3512901,R013,P00056,S112,S222,2,R028,P22552,S111,S211,24
-2.4,-3.65,0.14277525,1.3656115,1.22283625,10.3798608,-10.2903504,10.7516672,-9.59962282,20.3512901,R013,P00056,S112,S222,2,R028,P22552,S111,S211,24
-2.35,-3.65,0.09277525,1.3156115,1.22283625,11.2250357,-9.44517542,11.5968422,-8.75444788,20.3512901,R013,P00056,S112,S222,2,R028,P22552,S111,S211,24
-2.3,-3.65,0.04277525,1.2656115,1.22283625,12.0702107,-8.60000048,12.4420171,-7.90927294,20.3512901,R013,P00056,S112,S222,2,R028,P22552,S111,S211,24
-2.25,-3.65,0,1.2156115,1.2156115,12.7932621,-7.75482554,13.1650685,-7.06409799,20.2291665,R013,P00056,S000,S000,2,R028,P22552,S111,S211,24
-2.2,-3.65,0,1.1656115,1.1656115,12.7932621,-6.9096506,13.1650685,-6.21892305,19.3839916,R013,P00056,S000,S000,2,R028,P22552,S111,S211,24
-2.15,-3.65,0,1.1156115,1.1156115,12.7932621,-6.06447565,13.1650685,-5.37374811,18.5388166,R013,P00056,S000,S000,2,R028,P22552,S111,S211,24
-2.1,-3.65,0,1.0656115,1.0656115,12.7932621,-5.21930071,13.1650685,-4.52857317,17.6936417,R013,P00056,S000,S000,2,R028,P22552,S111,S211,24
-2.05,-3.65,0,1.0156115,1.0156115,12.7932621,-4.37412577,13.1650685,-3.68339822,16.8484667,R013,P00056,S000,S000,2,R028,P22552,S111,S211,24
-2,-3.65,0,0.9656115,0.9656115,12.7932621,-3.52895082,13.1650685,-2.83822328,16.0032918,R013,P00056,S000,S000,2,R028,P22552,S111,S211,24
-1.95,-3.65,0,0.9156115,0.9156115,12.7932621,-2.68377588,13.1650685,-1.99304834,15.1581169,R013,P00056,S000,S000,2,R028,P22552,S111,S211,24
-1.9,-3.65,0,0.8656115,0.8656115,12.7932621,-1.83860094,13.1650685,-1.14787339,14.3129419,R013,P00056,S000,S000,2,R028,P22552,S111,S211,24
-1.85,-3.65,0,0.8156115,0.8156115,12.7932621,-0.993425994,13.1650685,-0.30269845,13.467767,R013,P00056,S000,S000,2,R028,P22552,S111,S211,24
-1.8,-3.65,0,0.7656115,0.7656115,12.7932621,-0.148251051,13.1650685,0.542476493,12.622592,R013,P00056,S000,S000,2,R028,P22552,S111,S211,24
-1.75,-3.65,0,0.7156115,0.7156115,12.7932621,0.696923892,13.1650685,1.38765144,11.7774171,R013,P00056,S000,S000,2,R028,P22552,S111,S211,24
-1.7,-3.65,0,0.6656115,0.6656115,12.7932621,1.54209883,13.1650685,2.23282638,10.9322421,R013,P00056,S000,S000,2,R028,P22552,S111,S211,24
-1.65,-3.65,0,0.6156115,0.6156115,12.7932621,2.38727378,13.1650685,3.07800132,10.0870672,R013,P00056,S000,S000,2,R028,P22552,S111,S211,24
-1.6,-3.65,0,0.5656115,0.5656115,12.7932621,3.23244872,13.1650685,3.92317626,9.24189226,R013,P00056,S000,S000,2,R028,P22552,S111,S211,24
-1.55,-3.65,0,0.5156115,0.5156115,12.7932621,4.07762366,13.1650685,4.76835121,8.39671732,R013,P00056,S000,S000,2,R028,P22552,S111,S211,24
-1.5,-3.65,0,0.4656115,0.4656115,12.7932621,4.92279861,13.1650685,5.61352615,7.55154237,R013,P00056,S000,S000,2,R028,P22552,S111,S211,24
-1.45,-3.65,0,0.4156115,0.4156115,12.7932621,5.76797355,13.1650685,6.45870109,6.70636743,R013,P00056,S000,S000,2,R028,P22552,S111,S211,24
-1.4,-3.65,0,0.3656115,0.3656115,12.7932621,6.61314849,13.1650685,7.30387604,5.86119249,R013,P00056,S000,S000,2,R028,P22552,S111,S211,24
-1.35,-3.65,0,0.3156115,0.3156115,12.7932621,7.45832344,13.1650685,8.14905098,5.01601755,R013,P00056,S000,S000,2,R028,P22552,S111,S211,24
-1.3,-3.65,0,0.2656115,0.2656115,12.7932621,8.30349838,13.1650685,8.99422592,4.1708426,R013,P00056,S000,S000,2,R028,P22552,S111,S211,24
-1.25,-3.65,0,0.2156115,0.2156115,12.7932621,9.14867332,13.1650685,9.83940087,3.32566766,R013,P00056,S000,S000,2,R028,P22552,S111,S211,24
-1.2,-3.65,0,0.1656115,0.1656115,12.7932621,9.99384827,13.1650685,10.6845758,2.48049272,R013,P00056,S000,S000,2,R028,P22552,S111,S211,24
-1.15,-3.65,0,0.1156115,0.1156115,12.7932621,10.8390232,13.1650685,11.5297508,1.63531777,R013,P00056,S000,S000,2,R028,P22552,S111,S211,24
-1.1,-3.65,0,0.0656115,0.0656115,12.7932621,11.6841982,13.1650685,12.3749257,0.79014283,R013,P00056,S000,S000,2,R028,P22552,S111,S211,24
-1.05,-3.65,0,0.0156115,0.0156115,12.7932621,12.5293731,13.1650685,13.2201006,-0.0550321129,R013,P00056,S000,S000,2,R028,P22552,S111,S211,24
-1,-3.65,0,0,0,12.7932621,12.7932621,13.1650685,13.4839896,-0.318921085,R010,P00053,S000,S000,8,R028,P22552,S000,S000,24
-0.95,-3.65,0,0,0,12.7932621,12.7932621,13.1650685,13.4839896,-0.318921085,R001,P00001,S000,S000,27,R028,P22552,S000,S000,56
-0.9,-3.65,0,0,0,12.7932621,12.7932621,13.1650685,13.4839896,-0.318921085,R001,P00001,S000,S000,39,R028,P22552,S000,S000,56
-0.85,-3.65,0,0,0,12.7932621,12.7932621,13.1650685,13.4839896,-0.318921085,R001,P00001,S000,S000,39,R028,P22552,S000,S000,56
-0.8,-3.65,0,0,0,12.7932621,12.7932621,13.1650685,13.4839896,-0.318921085,R001,P00001,S000,S000,39,R027,P22549,S000,S000,80
-0.75,-3.65,0,0,0,12.7932621,12.7932621,13.1650685,13.4839896,-0.318921085,R001,P00001,S000,S000,39,R027,P22549,S000,S000,80
-0.7,-3.65,0,0,0,12.7932621,12.7932621,13.1650685,13.4839896,-0.318921085,R001,P00001,S000,S000,49,R027,P22549,S000,S000,80
-0.65,-3.65,0,0,0,12.7932621,12.7932621,13.1650685,13.4839896,-0.318921085,R001,P00001,S000,S000,49,R012,P04429,S000,S000,140
-0.6,-3.65,0,0,0,12.7932621,12.7932621,13.1650685,13.4839896,-0.318921085,R001,P00001,S000,S000,68,R012,P04429,S000,S000,140
-0.55,-3.65,0,0,0,12.7932621,12.7932621,13.1650685,13.4839896,-0.318921085,R001,P00001,S000,S000,68,R012,P04429,S000,S000,140
-0.5,-3.65,0,0,0,12.7932621,12.7932621,13.1650685,13.4839896,-0.318921085,R001,P00001,S000,S000,68,R012,P04429,S000,S000,140
-0.45,-3.65,0,0,0,12.7932621,12.7932621,13.1650685,13.4839896,-0.318921085,R001,P00001,S000,S000,68,R012,P04429,S000,S000,182
-0.4,-3.65,0,0,0,12.7932621,12.7932621,13.1650685,13.4839896,-0.318921085,R001,P00001,S000,S000,68,R012,P04429,S000,S000,182
-0.35,-3.65,0,0,0,12.7932621,12.7932621,13.1650685,13.4839896,-0.318921085,R001,P00001,S000,S000,68,R012,P04429,S000,S000,182
-0.3,-3.65,0,0,0,12.7932621,12.7932621,13.1650685,13.4839896,-0.318921085,R001,P00001,S000,S000,68,R010,P03778,S000,S000,520
-0.25,-3.65,0,0,0,12.7932621,12.7932621,13.1650685,13.4839896,-0.318921085,R001,P00001,S000,S000,68,R010,P03778,S000,S000,520
-0.2,-3.65,0,0,0,12.7932621,12.7932621,13.1650685,13.4839896,-0.318921085,R001,P00001,S000,S000,69,R010,P03778,S000,S000,520
-0.15,-3.65,0,0,0,12.7932621,12.7932621,13.1650685,13.4839896,-0.318921085,R001,P00001,S000,S000,79,R010,P03778,S000,S000,520
-0.1,-3.65,0,0,0,12.7932621,12.7932621,13.1650685,13.4839896,-0.318921085,R001,P00001,S000,S000,79,R010,P03778,S000,S000,560
-0.05,-3.65,0,0,0,12.7932621,12.7932621,13.1650685,13.4839896,-0.318921085,R001,P00001,S000,S000,79,R010,P03778,S000,S000,700
0,-3.65,0,0,0,12.7932621,12.7932621,13.1650685,13.4839896,-0.318921085,R001,P00001,S000,S000,79,R010,P03778,S000,S000,700
-4,-3.6,1.13539822,3.0360715,1.90067328,-6.39894043,-38.5269691,-6.02713398,-37.8362415,31.8091076,R017,P00065,S221,S222,1,R061,P68636,S433,S533,1
-3.95,-3.6,1.13539822,2.9860715,1.85067328,-6.39894043,-37.6817941,-6.02713398,-36.9910666,30.9639326,R017,P00065,S221,S222,1,R061,P68636,S433,S533,1
-3.9,-3.6,1.13539822,2.9360715,1.80067328,-6.39894043,-36.8366192,-6.02713398,-36.1458916,30.1187577,R017,P00065,S221,S222,1,R061,P68636,S433,S533,1
-3.85,-3.6,1.13539822,2.8860715,1.75067328,-6.39894043,-35.9914442,-6.02713398,-35.3007167,29.2735827,R017,P00065,S221,S222,2,R061,P68636,S433,S533,1
-3.8,-3.6,1.13539822,2.8360715,1.70067328,-6.39894043,-35.1462693,-6.02713398,-34.4555418,28.4284078,R017,P00065,S221,S222,2,R061,P68636,S433,S533,1
-3.75,-3.6,1.13539822,2.7860715,1.65067328,-6.39894043,-34.3010944,-6.02713398,-33.6103668,27.5832328,R017,P00065,S221,S222,2,R061,P68636,S433,S533,1
-3.7,-3.6,1.13539822,2.7360715,1.60067328,-6.39894043,-33.4559194,-6.02713398,-32.7651919,26.7380579,R017,P00065,S221,S222,2,R061,P68636,S433,S533,1
-3.65,-3.6,1.13539822,2.6860715,1.55067328,-6.39894043,-32.6107445,-6.02713398,-31.9200169,25.892883,R017,P00065,S221,S222,3,R061,P68636,S433,S533,1
-3.6,-3.6,1.13539822,2.61933647,1.48393825,-6.39894043,-31.482689,-6.02713398,-30.7919614,24.7648274,R017,P00065,S221,S222,3,R056,P68478,S544,S211,5
-3.55,-3.6,1.13539822,2.5156115,1.38021328,-6.39894043,-29.7293741,-6.02713398,-29.0386465,23.0115125,R017,P00065,S221,S222,3,R056,P68478,S111,S211,5
-3.5,-3.6,1.13539822,2.4656115,1.33021328,-6.39894043,-28.8841991,-6.02713398,-28.1934716,22.1663376,R017,P00065,S221,S222,3,R056,P68478,S111,S211,5
-3.45,-3.6,1.13539822,2.4156115,1.28021328,-6.39894043,-28.0390242,-6.02713398,-27.3482966,21.3211627,R017,P00065,S221,S222,3,R056,P68478,S111,S211,5
-3.4,-3.6,1.13539822,2.3656115,1.23021328,-6.39894043,-27.1938492,-6.02713398,-26.5031217,20.4759877,R017,P00065,S221,S222,3,R056,P68478,S111,S211,5
-3.35,-3.6,1.13539822,2.3156115,1.18021328,-6.39894043,-26.3486743,-6.02713398,-25.6579467,19.6308128,R017,P00065,S221,S222,3,R054,P68422,S111,S211,12
-3.3,-3.6,1.09277525,2.2656115,1.17283625,-5.67846313,-25.5034993,-5.30665667,-24.8127718,19.5061151,R013,P00056,S112,S222,2,R054,P68422,S111,S211,12
-3.25,-3.6,1.04277525,2.2156115,1.17283625,-4.83328818,-24.6583244,-4.46148172,-23.9675969,19.5061151,R013,P00056,S112,S222,2,R054,P68422,S111,S211,12
-3.2,-3.6,0.99277525,2.1656115,1.17283625,-3.98811324,-23.8131495,-3.61630678,-23.1224219,19.5061151,R013,P00056,S112,S222,2,R054,P68422,S111,S211,12
-3.15,-3.6,0.94277525,2.1156115,1.17283625,-3.1429383,-22.9679745,-2.77113184,-22.277247,19.5061151,R013,P00056,S112,S222,2,R054,P68422,S111,S211,12
-3.1,-3.6,0.89277525,2.0656115,1.17283625,-2.29776335,-22.1227996,-1.9259569,-21.432072,19.5061151,R013,P00056,S112,S222,2,R054,P68422,S111,S211,12
-3.05,-3.6,0.84277525,2.0156115,1.17283625,-1.45258841,-21.2776246,-1.08078195,-20.5868971,19.5061151,R013,P00056,S112,S222,2,R054,P68422,S111,S211,12
-3,-3.6,0.79277525,1.9656115,1.17283625,-0.607413468,-20.4324497,-0.23560701,-19.7417221,19.5061151,R013,P00056,S112,S222,2,R054,P68422,S111,S211,12
-2.95,-3.6,0.74277525,1.9156115,1.17283625,0.237761475,-19.5872747,0.609567933,-18.8965472,19.5061151,R013,P00056,S112,S222,2,R054,P68422,S111,S211,12
-2.9,-3.6,0.69277525,1.8656115,1.17283625,1.08293642,-18.7420998,1.45474288,-18.0513723,19.5061151,R013,P00056,S112,S222,2,R054,P68422,S111,S211,12
-2.85,-3.6,0.64277525,1.8156115,1.17283625,1.92811136,-17.8969249,2.29991782,-17.2061973,19.5061151,R013,P00056,S112,S222,2,R054,P68422,S111,S211,12
-2.8,-3.6,0.59277525,1.7656115,1.17283625,2.7732863,-17.0517499,3.14509276,-16.3610224,19.5061151,R013,P00056,S112,S222,2,R054,P68422,S111,S211,12
-2.75,-3.6,0.54277525,1.7156115,1.17283625,3.61846125,-16.206575,3.99026771,-15.5158474,19.5061151,R013,P00056,S112,S222,2,R054,P68422,S111,S211,12
-2.7,-3.6,0.49277525,1.6656115,1.17283625,4.46363619,-15.3614,4.83544265,-14.6706725,19.5061151,R013,P00056,S112,S222,2,R054,P68422,S111,S211,12
-2.65,-3.6,0.44277525,1.6156115,1.17283625,5.30881113,-14.5162251,5.68061759,-13.8254975,19.5061151,R013,P00056,S112,S222,2,R054,P68422,S111,S211,12
-2.6,-3.6,0.39277525,1.5656115,1.17283625,6.15398608,-13.6710501,6.52579253,-12.9803226,19.5061151,R013,P00056,S112,S222,2,R054,P68422,S111,S211,12
-2.55,-3.6,0.34277525,1.5156115,1.17283625,6.99916102,-12.8258752,7.37096748,-12.1351477,19.5061151,R013,P00056,S112,S222,2,R028,P22552,S111,S211,24
-2.5,-3.6,0.29277525,1.4656115,1.17283625,7.84433596,-11.9807003,8.21614242,-11.2899727,19.5061151,R013,P00056,S112,S222,2,R028,P22552,S111,S211,24
-2.45,-3.6,0.24277525,1.4156115,1.17283625,8.68951091,-11.1355253,9.06131736,-10.4447978,19.5061151,R013,P00056,S112,S222,2,R028,P22552,S111,S211,24
-2.4,-3.6,0.19277525,1.3656115,1.17283625,9.53468585,-10.2903504,9.90649231,-9.59962282,19.5061151,R013,P00056,S112,S222,2,R028,P22552,S111,S211,24
-2.35,-3.6,0.14277525,1.3156115,1.17283625,10.3798608,-9.44517542,10.7516672,-8.75444788,19.5061151,R013,P00056,S112,S222,2,R028,P22552,S111,S211,24
-2.3,-3.6,0.09277525,1.2656115,1.17283625,11.2250357,-8.60000048,11.5968422,-7.90927294,19.5061151,R013,P00056,S112,S222,2,R028,P22552,S111,S211,24
-2.25,-3.6,0.04277525,1.2156115,1.17283625,12.0702107,-7.75482554,12.4420171,-7.06409799,19.5061151,R013,P00056,S112,S222,2,R028,P22552,S111,S211,24
-2.2,-3.6,0,1.1656115,1.1656115,12.7932621,-6.9096506,13.1650685,-6.21892305,19.3839916,R013,P00056,S000,S000,2,R028,P22552,S111,S211,24
-2.15,-3.6,0,1.1156115,1.1156115,12.7932621,-6.06447565,13.1650685,-5.37374811,18.5388166,R013,P00056,S000,S000,2,R028,P22552,S111,S211,24
-2.1,-3.6,0,1.0656115,1.0656115,12.7932621,-5.21930071,13.1650685,-4.52857317,17.6936417,R013,P00056,S000,S000,2,R028,P22552,S111,S211,24
-2.05,-3.6,0,1.0156115,1.0156115,12.7932621,-4.37412577,13.1650685,-3.68339822,16.8484667,R013,P00056,S000,S000,2,R028,P22552,S111,S211,24
-2,-3.6,0,0.9656115,0.9656115,12.7932621,-3.52895082,13.1650685,-2.83822328,16.0032918,R013,P00056,S000,S000,2,R028,P22552,S111,S211,24
-1.95,-3.6,0,0.9156115,0.9156115,12.7932621,-2.68377588,13.1650685,-1.99304834,15.1581169,R013,P00056,S000,S000,2,R028,P22552,S111,S211,24
-1.9,-3.6,0,0.8656115,0.8656115,12.7932621,-1.83860094,13.1650685,-1.14787339,14.3129419,R013,P00056,S000,S000,2,R028,P22552,S111,S211,24
-1.85,-3.6,0,0.8156115,0.8156115,12.7932621,-0.993425994,13.1650685,-0.30269845,13.467767,R013,P00056,S000,S000,2,R028,P22552,S111,S211,24
-1.8,-3.6,0,0.7656115,0.7656115,12.7932621,-0.148251051,13.1650685,0.542476493,12.622592,R013,P00056,S000,S000,2,R028,P22552,S111,S211,24
-1.75,-3.6,0,0.7156115,0.7156115,12.7932621,0.696923892,13.1650685,1.38765144,11.7774171,R013,P00056,S000,S000,2,R028,P22552,S111,S211,24
-1.7,-3.6,0,0.6656115,0.6656115,12.7932621,1.54209883,13.1650685,2.23282638,10.9322421,R013,P00056,S000,S000,2,R028,P22552,S111,S211,24
-1.65,-3.6,0,0.6156115,0.6156115,12.7932621,2.38727378,13.1650685,3.07800132,10.0870672,R013,P00056,S000,S000,2,R028,P22552,S111,S211,24
-1.6,-3.6,0,0.5656115,0.5656115,12.7932621,3.23244872,13.1650685,3.92317626,9.24189226,R013,P00056,S000,S000,2,R028,P22552,S111,S211,24
-1.55,-3.6,0,0.5156115,0.5156115,12.7932621,4.07762366,13.1650685,4.76835121,8.39671732,R013,P00056,S000,S000,2,R028,P22552,S111,S211,24
-1.5,-3.6,0,0.4656115,0.4656115,12.7932621,4.92279861,13.1650685,5.61352615,7.55154237,R013,P00056,S000,S000,2,R028,P22552,S111,S211,24
-1.45,-3.6,0,0.4156115,0.4156115,12.7932621,5.76797355,13.1650685,6.45870109,6.70636743,R013,P00056,S000,S000,2,R028,P22552,S111,S211,24
-1.4,-3.6,0,0.3656115,0.3656115,12.7932621,6.61314849,13.1650685,7.30387604,5.86119249,R013,P00056,S000,S000,2,R028,P22552,S111,S211,24
-1.35,-3.6,0,0.3156115,0.3156115,12.7932621,7.45832344,13.1650685,8.14905098,5.01601755,R013,P00056,S000,S000,2,R028,P22552,S111,S211,24
-1.3,-3.6,0,0.2656115,0.2656115,12.7932621,8.30349838,13.1650685,8.99422592,4.1708426,R013,P00056,S000,S000,2,R028,P22552,S111,S211,24
-1.25,-3.6,0,0.2156115,0.2156115,12.7932621,9.14867332,13.1650685,9.83940087,3.32566766,R013,P00056,S000,S000,2,R028,P22552,S111,S211,24
-1.2,-3.6,0,0.1656115,0.1656115,12.7932621,9.99384827,13.1650685,10.6845758,2.48049272,R013,P00056,S000,S000,2,R028,P22552,S111,S211,24
-1.15,-3.6,0,0.1156115,0.1156115,12.7932621,10.8390232,13.1650685,11.5297508,1.63531777,R013,P00056,S000,S000,2,R028,P22552,S111,S211,24
-1.1,-3.6,0,0.0656115,0.0656115,12.7932621,11.6841982,13.1650685,12.3749257,0.79014283,R013,P00056,S000,S000,2,R028,P22552,S111,S211,24
-1.05,-3.6,0,0.0156115,0.0156115,12.7932621,12.5293731,13.1650685,13.2201006,-0.0550321129,R013,P00056,S000,S000,2,R028,P22552,S111,S211,24
-1,-3.6,0,0,0,12.7932621,12.7932621,13.1650685,13.4839896,-0.318921085,R010,P00053,S000,S000,8,R028,P22552,S000,S000,24
-0.95,-3.6,0,0,0,12.7932621,12.7932621,13.1650685,13.4839896,-0.318921085,R001,P00001,S000,S000,27,R028,P22552,S000,S000,56
-0.9,-3.6,0,0,0,12.7932621,12.7932621,13.1650685,13.4839896,-0.318921085,R001,P00001,S000,S000,39,R028,P22552,S000,S000,56
-0.85,-3.6,0,0,0,12.7932621,12.7932621,13.1650685,13.4839896,-0.318921085,R001,P00001,S000,S000,39,R028,P22552,S000,S000,56
-0.8,-3.6,0,0,0,12.7932621,12.7932621,13.1650685,13.4839896,-0.318921085,R001,P00001,S000,S000,39,R027,P22549,S000,S000,80
-0.75,-3.6,0,0,0,12.7932621,12.7932621,13.1650685,13.4839896,-0.318921085,R001,P00001,S000,S000,39,R027,P22549,S000,S000,80
-0.7,-3.6,0,0,0,12.7932621,12.7932621,13.1650685,13.4839896,-0.318921085,R001,P00001,S000,S000,49,R027,P22549,S000,S000,80
-0.65,-3.6,0,0,0,12.7932621,12.7932621,13.1650685,13.4839896,-0.318921085,R001,P00001,S000,S000,49,R012,P04429,S000,S000,140
-0.6,-3.6,0,0,0,12.7932621,12.7932621,13.1650685,13.4839896,-0.318921085,R001,P00001,S000,S000,68,R012,P04429,S000,S000,140
-0.55,-3.6,0,0,0,12.7932621,12.7932621,13.1650685,13.4839896,-0.318921085,R001,P00001,S000,S000,68,R012,P04429,S000,S000,140
-0.5,-3.6,0,0,0,12.7932621,12.7932621,13.1650685,13.4839896,-0.318921085,R001,P00001,S000,S000,68,R012,P04429,S000,S000,140
-0.45,-3.6,0,0,0,12.7932621,12.7932621,13.1650685,13.4839896,-0.318921085,R001,P00001,S000,S000,68,R012,P04429,S000,S000,182
-0.4,-3.6,0,0,0,12.7932621,12.7932621,13.1650685,13.4839896,-0.318921085,R001,P00001,S000,S000,68,R012,P04429,S000,S000,182
-0.35,-3.6,0,0,0,12.7932621,12.7932621,13.1650685,13.4839896,-0.318921085,R001,P00001,S000,S000,68,R012,P04429,S000,S000,182
-0.3,-3.6,0,0,0,12.7932621,12.7932621,13.1650685,13.4839896,-0.318921085,R001,P00001,S000,S000,68,R010,P03778,S000,S000,520
-0.25,-3.6,0,0,0,12.7932621,12.7932621,13.1650685,13.4839896,-0.318921085,R001,P00001,S000,S000,68,R010,P03778,S000,S000,520
-0.2,-3.6,0,0,0,12.7932621,12.7932621,13.1650685,13.4839896,-0.318921085,R001,P00001,S000,S000,69,R010,P03778,S000,S000,520
-0.15,-3.6,0,0,0,12.7932621,12.7932621,13.1650685,13.4839896,-0.318921085,R001,P00001,S000,S000,79,R010,P03778,S000,S000,520
-0.1,-3.6,0,0,0,12.7932621,12.7932621,13.1650685,13.4839896,-0.318921085,R001,P00001,S000,S000,79,R010,P03778,S000,S000,560
-0.05,-3.6,0,0,0,12.7932621,12.7932621,13.1650685,13.4839896,-0.318921085,R001,P00001,S000,S000,79,R010,P03778,S000,S000,700
0,-3.6,0,0,0,12.7932621,12.7932621,13.1650685,13.4839896,-0.318921085,R001,P00001,S000,S000,79,R010,P03778,S000,S000,700
-4,-3.55,1.16039822,3.0360715,1.87567328,-6.82152791,-38.5269691,-6.44972145,-37.8362415,31.3865201,R017,P00065,S221,S222,1,R061,P68636,S433,S533,1
-3.95,-3.55,1.16039822,2.9860715,1.82567328,-6.82152791,-37.6817941,-6.44972145,-36.9910666,30.5413451,R017,P00065,S221,S222,1,R061,P68636,S433,S533,1
-3.9,-3.55,1.16039822,2.9360715,1.77567328,-6.82152791,-36.8366192,-6.44972145,-36.1458916,29.6961702,R017,P00065,S221,S222,1,R061,P68636,S433,S533,1
-3.85,-3.55,1.16039822,2.8860715,1.72567328,-6.82152791,-35.9914442,-6.44972145,-35.3007167,28.8509953,R017,P00065,S221,S222,1,R061,P68636,S433,S533,1
-3.8,-3.55,1.16039822,2.8360715,1.67567328,-6.82152791,-35.1462693,-6.44972145,-34.4555418,28.0058203,R017,P00065,S221,S222,2,R061,P68636,S433,S533,1
-3.75,-3.55,1.16039822,2.7860715,1.62567328,-6.82152791,-34.3010944,-6.44972145,-33.6103668,27.1606454,R017,P00065,S221,S222,2,R061,P68636,S433,S533,1
-3.7,-3.55,1.16039822,2.7360715,1.57567328,-6.82152791,-33.4559194,-6.44972145,-32.7651919,26.3154704,R017,P00065,S221,S222,2,R061,P68636,S433,S533,1
-3.65,-3.55,1.16039822,2.6860715,1.52567328,-6.82152791,-32.6107445,-6.44972145,-31.9200169,25.4702955,R017,P00065,S221,S222,2,R061,P68636,S433,S533,1
-3.6,-3.55,1.16039822,2.6360715,1.47567328,-6.82152791,-31.7655695,-6.44972145,-31.074842,24.6251205,R017,P00065,S221,S222,3,R061,P68636,S433,S533,1
-3.55,-3.55,1.16039822,2.54433647,1.38393825,-6.82152791,-30.2149265,-6.44972145,-29.524199,23.0744775,R017,P00065,S221,S222,3,R056,P68478,S544,S211,5
-3.5,-3.55,1.16039822,2.4656115,1.30521328,-6.82152791,-28.8841991,-6.44972145,-28.1934716,21.7437501,R017,P00065,S221,S222,3,R056,P68478,S111,S211,5
-3.45,-3.55,1.16039822,2.4156115,1.25521328,-6.82152791,-28.0390242,-6.44972145,-27.3482966,20.8985752,R017,P00065,S221,S222,3,R056,P68478,S111,S211,5
-3.4,-3.55,1.16039822,2.3656115,1.20521328,-6.82152791,-27.1938492,-6.44972145,-26.5031217,20.0534002,R017,P00065,S221,S222,3,R056,P68478,S111,S211,5
-3.35,-3.55,1.16039822,2.3156115,1.15521328,-6.82152791,-26.3486743,-6.44972145,-25.6579467,19.2082253,R017,P00065,S221,S222,3,R056,P68478,S111,S211,5
-3.3,-3.55,1.14277525,2.2656115,1.12283625,-6.52363807,-25.5034993,-6.15183161,-24.8127718,18.6609402,R013,P00056,S112,S222,2,R054,P68422,S111,S211,12
-3.25,-3.55,1.09277525,2.2156115,1.12283625,-5.67846313,-24.6583244,-5.30665667,-23.9675969,18.6609402,R013,P00056,S112,S222,2,R054,P68422,S111,S211,12
-3.2,-3.55,1.04277525,2.1656115,1.12283625,-4.83328818,-23.8131495,-4.46148172,-23.1224219,18.6609402,R013,P00056,S112,S222,2,R054,P68422,S111,S211,12
-3.15,-3.55,0.99277525,2.1156115,1.12283625,-3.98811324,-22.9679745,-3.61630678,-22.277247,18.6609402,R013,P00056,S112,S222,2,R054,P68422,S111,S211,12
-3.1,-3.55,0.94277525,2.0656115,1.12283625,-3.1429383,-22.1227996,-2.77113184,-21.432072,18.6609402,R013,P00056,S112,S222,2,R054,P68422,S111,S211,12
-3.05,-3.55,0.89277525,2.0156115,1.12283625,-2.29776335,-21.2776246,-1.9259569,-20.5868971,18.6609402,R013,P00056,S112,S222,2,R054,P68422,S111,S211,12
-3,-3.55,0.84277525,1.9656115,1.12283625,-1.45258841,-20.4324497,-1.08078195,-19.7417221,18.6609402,R013,P00056,S112,S222,2,R054,P68422,S111,S211,12
-2.95,-3.55,0.79277525,1.9156115,1.12283625,-0.607413468,-19.5872747,-0.23560701,-18.8965472,18.6609402,R013,P00056,S112,S222,2,R054,P68422,S111,S211,12
-2.9,-3.55,0.74277525,1.8656115,1.12283625,0.237761475,-18.7420998,0.609567933,-18.0513723,18.6609402,R013,P00056,S112,S222,2,R054,P68422,S111,S211,12
-2.85,-3.55,0.69277525,1.8156115,1.12283625,1.08293642,-17.8969249,1.45474288,-17.2061973,18.6609402,R013,P00056,S112,S222,2,R054,P68422,S111,S211,12
-2.8,-3.55,0.64277525,1.7656115,1.12283625,1.92811136,-17.0517499,2.29991782,-16.3610224,18.6609402,R013,P00056,S112,S222,2,R054,P68422,S111,S211,12
-2.75,-3.55,0.59277525,1.7156115,1.12283625,2.7732863,-16.206575,3.14509276,-15.5158474,18.6609402,R013,P00056,S112,S222,2,R054,P68422,S111,S211,12
-2.7,-3.55,0.54277525,1.6656115,1.12283625,3.61846125,-15.3614,3.99026771,-14.6706725,18.6609402,R013,P00056,S112,S222,2,R054,P68422,S111,S211,12
-2.65,-3.55,0.49277525,1.6156115,1.12283625,4.46363619,-14.5162251,4.83544265,-13.8254975,18.6609402,R013,P00056,S112,S222,2,R054,P68422,S111,S211,12
-2.6,-3.55,0.44277525,1.5656115,1.12283625,5.30881113,-13.6710501,5.68061759,-12.9803226,18.6609402,R013,P00056,S112,S222,2,R054,P68422,S111,S211,12
-2.55,-3.55,0.39277525,1.5156115,1.12283625,6.15398608,-12.8258752,6.52579253,-12.1351477,18.6609402,R013,P00056,S112,S222,2,R054,P68422,S111,S211,12
-2.5,-3.55,0.34277525,1.4656115,1.12283625,6.99916102,-11.9807003,7.37096748,-11.2899727,18.6609402,R013,P00056,S112,S222,2,R028,P22552,S111,S211,24
-2.45,-3.55,0.29277525,1.4156115,1.12283625,7.84433596,-11.1355253,8.21614242,-10.4447978,18.6609402,R013,P00056,S112,S222,2,R028,P22552,S111,S211,24
-2.4,-3.55,0.24277525,1.3656115,1.12283625,8.68951091,-10.2903504,9.06131736,-9.59962282,18.6609402,R013,P00056,S112,S222,2,R028,P22552,S111,S211,24
-2.35,-3.55,0.19277525,1.3156115,1.12283625,9.53468585,-9.44517542,9.90649231,-8.75444788,18.6609402,R013,P00056,S112,S222,2,R028,P22552,S111,S211,24
-2.3,-3.55,0.14277525,1.2656115,1.12283625,10.3798608,-8.60000048,10.7516672,-7.90927294,18.6609402,R013,P00056,S112,S222,2,R028,P22552,S111,S211,24
-2.25,-3.55,0.09277525,1.2156115,1.12283625,11.2250357,-7.75482554,11.5968422,-7.06409799,18.6609402,R013,P00056,S112,S222,2,R028,P22552,S111,S211,24
-2.2,-3.55,0.04277525,1.1656115,1.12283625,12.0702107,-6.9096506,12.4420171,-6.21892305,18.6609402,R013,P00056,S112,S222,2,R028,P22552,S111,S211,24
-2.15,-3.55,0,1.1156115,1.1156115,12.7932621,-6.06447565,13.1650685,-5.37374811,18.5388166,R013,P00056,S000,S000,2,R028,P22552,S111,S211,24
-2.1,-3.55,0,1.0656115,1.0656115,12.7932621,-5.21930071,13.1650685,-4.52857317,17.6936417,R013,P00056,S000,S000,2,R028,P22552,S111,S211,24
-2.05,-3.55,0,1.0156115,1.0156115,12.7932621,-4.37412577,13.1650685,-3.68339822,16.8484667,R013,P00056,S000,S000,2,R028,P22552,S111,S211,24
-2,-3.55,0,0.9656115,0.9656115,12.7932621,-3.52895082,13.1650685,-2.83822328,16.0032918,R013,P00056,S000,S000,2,R028,P22552,S111,S211,24
-1.95,-3.55,0,0.9156115,0.9156115,12.7932621,-2.68377588,13.1650685,-1.99304834,15.1581169,R013,P00056,S000,S000,2,R028,P22552,S111,S211,24
-1.9,-3.55,0,0.8656115,0.8656115,12.7932621,-1.83860094,13.1650685,-1.14787339,14.3129419,R013,P00056,S000,S000,2,R028,P22552,S111,S211,24
-1.85,-3.55,0,0.8156115,0.8156115,12.7932621,-0.993425994,13.1650685,-0.30269845,13.467767,R013,P00056,S000,S000,2,R028,P22552,S111,S211,24
-1.8,-3.55,0,0.7656115,0.7656115,12.7932621,-0.148251051,13.1650685,0.542476493,12.622592,R013,P00056,S000,S000,2,R028,P22552,S111,S211,24
-1.75,-3.55,0,0.7156115,0.7156115,12.7932621,0.696923892,13.1650685,1.38765144,11.7774171,R013,P00056,S000,S000,2,R028,P22552,S111,S211,24
-1.7,-3.55,0,0.6656115,0.6656115,12.7932621,1.54209883,13.1650685,2.23282638,10.9322421,R013,P00056,S000,S000,2,R028,P22552,S111,S211,24
-1.65,-3.55,0,0.6156115,0.6156115,12.7932621,2.38727378,13.1650685,3.07800132,10.0870672,R013,P00056,S000,S000,2,R028,P22552,S111,S211,24
-1.6,-3.55,0,0.5656115,0.5656115,12.7932621,3.23244872,13.1650685,3.92317626,9.24189226,R013,P00056,S000,S000,2,R028,P22552,S111,S211,24
-1.55,-3.55,0,0.5156115,0.5156115,12.7932621,4.07762366,13.1650685,4.76835121,8.39671732,R013,P00056,S000,S000,2,R028,P22552,S111,S211,24
-1.5,-3.55,0,0.4656115,0.4656115,12.7932621,4.92279861,13.1650685,5.61352615,7.55154237,R013,P00056,S000,S000,2,R028,P22552,S111,S211,24
-1.45,-3.55,0,0.4156115,0.4156115,12.7932621,5.76797355,13.1650685,6.45870109,6.70636743,R013,P00056,S000,S000,2,R028,P22552,S111,S211,24
-1.4,-3.55,0,0.3656115,0.3656115,12.7932621,6.61314849,13.1650685,7.30387604,5.86119249,R013,P00056,S000,S000,2,R028,P22552,S111,S211,24
-1.35,-3.55,0,0.3156115,0.3156115,12.7932621,7.45832344,13.1650685,8.14905098,5.01601755,R013,P00056,S000,S000,2,R028,P22552,S111,S211,24
-1.3,-3.55,0,0.2656115,0.2656115,12.7932621,8.30349838,13.1650685,8.99422592,4.1708426,R013,P00056,S000,S000,2,R028,P22552,S111,S211,24
-1.25,-3.55,0,0.2156115,0.2156115,12.7932621,9.14867332,13.1650685,9.83940087,3.32566766,R013,P00056,S000,S000,2,R028,P22552,S111,S211,24
-1.2,-3.55,0,0.1656115,0.1656115,12.7932621,9.99384827,13.1650685,10.6845758,2.48049272,R013,P00056,S000,S000,2,R028,P22552,S111,S211,24
-1.15,-3.55,0,0.1156115,0.1156115,12.7932621,10.8390232,13.1650685,11.5297508,1.63531777,R013,P00056,S000,S000,2,R028,P22552,S111,S211,24
-1.1,-3.55,0,0.0656115,0.0656115,12.7932621,11.6841982,13.1650685,12.3749257,0.79014283,R013,P00056,S000,S000,2,R028,P22552,S111,S211,24
-1.05,-3.55,0,0.0156115,0.0156115,12.7932621,12.5293731,13.1650685,13.2201006,-0.0550321129,R013,P00056,S000,S000,2,R028,P22552,S111,S211,24
-1,-3.55,0,0,0,12.7932621,12.7932621,13.1650685,13.4839896,-0.318921085,R010,P00053,S000,S000,8,R028,P22552,S000,S000,24
-0.95,-3.55,0,0,0,12.7932621,12.7932621,13.1650685,13.4839896,-0.318921085,R001,P00001,S000,S000,27,R028,P22552,S000,S000,56
-0.9,-3.55,0,0,0,12.7932621,12.7932621,13.1650685,13.4839896,-0.318921085,R001,P00001,S000,S000,39,R028,P22552,S000,S000,56
-0.85,-3.55,0,0,0,12.7932621,12.7932621,13.1650685,13.4839896,-0.318921085,R001,P00001,S000,S000,39,R028,P22552,S000,S000,56
-0.8,-3.55,0,0,0,12.7932621,12.7932621,13.1650685,13.4839896,-0.318921085,R001,P00001,S000,S000,39,R027,P22549,S000,S000,80
-0.75,-3.55,0,0,0,12.7932621,12.7932621,13.1650685,13.4839896,-0.318921085,R001,P00001,S000,S000,39,R027,P22549,S000,S000,80
-0.7,-3.55,0,0,0,12.7932621,12.7932621,13.1650685,13.4839896,-0.318921085,R001,P00001,S000,S000,49,R027,P22549,S000,S000,80
-0.65,-3.55,0,0,0,12.7932621,12.7932621,13.1650685,13.4839896,-0.318921085,R001,P00001,S000,S000,49,R012,P04429,S000,S000,140
-0.6,-3.55,0,0,0,12.7932621,12.7932621,13.1650685,13.4839896,-0.318921085,R001,P00001,S000,S000,68,R012,P04429,S000,S000,140
-0.55,-3.55,0,0,0,12.7932621,12.7932621,13.1650685,13.4839896,-0.318921085,R001,P00001,S000,S000,68,R012,P04429,S000,S000,140
-0.5,-3.55,0,0,0,12.7932621,12.7932621,13.1650685,13.4839896,-0.318921085,R001,P00001,S000,S000,68,R012,P04429,S000,S000,140
-0.45,-3.55,0,0,0,12.7932621,12.7932621,13.1650685,13.4839896,-0.318921085,R001,P00001,S000,S000,68,R012,P04429,S000,S000,182
-0.4,-3.55,0,0,0,12.7932621,12.7932621,13.1650685,13.4839896,-0.318921085,R001,P00001,S000,S000,68,R012,P04429,S000,S000,182
-0.35,-3.55,0,0,0,12.7932621,12.7932621,13.1650685,13.4839896,-0.318921085,R001,P00001,S000,S000,68,R012,P04429,S000,S000,182
-0.3,-3.55,0,0,0,12.7932621,12.7932621,13.1650685,13.4839896,-0.318921085,R001,P00001,S000,S000,68,R010,P03778,S000,S000,520
-0.25,-3.55,0,0,0,12.7932621,12.7932621,13.1650685,13.4839896,-0.318921085,R001,P00001,S000,S000,68,R010,P03778,S000,S000,520
-0.2,-3.55,0,0,0,12.7932621,12.7932621,13.1650685,13.4839896,-0.318921085,R001,P00001,S000,S000,69,R010,P03778,S000,S000,520
-0.15,-3.55,0,0,0,12.7932621,12.7932621,13.1650685,13.4839896,-0.318921085,R001,P00001,S000,S000,79,R010,P03778,S000,S000,520
-0.1,-3.55,0,0,0,12.7932621,12.7932621,13.1650685,13.4839896,-0.318921085,R001,P00001,S000,S000,79,R010,P03778,S000,S000,560
-0.05,-3.55,0,0,0,12.7932621,12.7932621,13.1650685,13.4839896,-0.318921085,R001,P00001,S000,S000,79,R010,P03778,S000,S000,700
0,-3.55,0,0,0,12.7932621,12.7932621,13.1650685,13.4839896,-0.318921085,R001,P00001,S000,S000,79,R010,P03778,S000,S000,700
-4,-3.5,1.20761694,3.0360715,1.82845456,-7.61968947,-38.5269691,-7.24788301,-37.8362415,30.5883585,R017,P00065,S001,S222,1,R061,P68636,S433,S533,1
-3.95,-3.5,1.18539822,2.9860715,1.80067328,-7.24411538,-37.6817941,-6.87230892,-36.9910666,30.1187577,R017,P00065,S221,S222,1,R061,P68636,S433,S533,1
-3.9,-3.5,1.18539822,2.9360715,1.75067328,-7.24411538,-36.8366192,-6.87230892,-36.1458916,29.2735827,R017,P00065,S221,S222,1,R061,P68636,S433,S533,1
-3.85,-3.5,1.18539822,2.8860715,1.70067328,-7.24411538,-35.9914442,-6.87230892,-35.3007167,28.4284078,R017,P00065,S221,S222,1,R061,P68636,S433,S533,1
-3.8,-3.5,1.18539822,2.8360715,1.65067328,-7.24411538,-35.1462693,-6.87230892,-34.4555418,27.5832328,R017,P00065,S221,S222,2,R061,P68636,S433,S533,1
-3.75,-3.5,1.18539822,2.7860715,1.60067328,-7.24411538,-34.3010944,-6.87230892,-33.6103668,26.7380579,R017,P00065,S221,S222,2,R061,P68636,S433,S533,1
-3.7,-3.5,1.18539822,2.7360715,1.55067328,-7.24411538,-33.4559194,-6.87230892,-32.7651919,25.892883,R017,P00065,S221,S222,2,R061,P68636,S433,S533,1
-3.65,-3.5,1.18539822,2.6860715,1.50067328,-7.24411538,-32.6107445,-6.87230892,-31.9200169,25.047708,R017,P00065,S221,S222,2,R061,P68636,S433,S533,1
-3.6,-3.5,1.18539822,2.6360715,1.45067328,-7.24411538,-31.7655695,-6.87230892,-31.074842,24.2025331,R017,P00065,S221,S222,2,R061,P68636,S433,S533,1
-3.55,-3.5,1.18539822,2.5860715,1.40067328,-7.24411538,-30.9203946,-6.87230892,-30.229667,23.3573581,R017,P00065,S221,S222,3,R061,P68636,S433,S533,1
-3.5,-3.5,1.18539822,2.46933647,1.28393825,-7.24411538,-28.9471641,-6.87230892,-28.2564366,21.3841277,R017,P00065,S221,S222,3,R056,P68478,S544,S211,5
-3.45,-3.5,1.18539822,2.4156115,1.23021328,-7.24411538,-28.0390242,-6.87230892,-27.3482966,20.4759877,R017,P00065,S221,S222,3,R056,P68478,S111,S211,5
-3.4,-3.5,1.18539822,2.3656115,1.18021328,-7.24411538,-27.1938492,-6.87230892,-26.5031217,19.6308128,R017,P00065,S221,S222,3,R056,P68478,S111,S211,5
-3.35,-3.5,1.18539822,2.3156115,1.13021328,-7.24411538,-26.3486743,-6.87230892,-25.6579467,18.7856378,R017,P00065,S221,S222,3,R056,P68478,S111,S211,5
-3.3,-3.5,1.18539822,2.2656115,1.08021328,-7.24411538,-25.5034993,-6.87230892,-24.8127718,17.9404629,R017,P00065,S221,S222,3,R056,P68478,S111,S211,5
-3.25,-3.5,1.14277525,2.2156115,1.07283625,-6.52363807,-24.6583244,-6.15183161,-23.9675969,17.8157652,R013,P00056,S112,S222,2,R054,P68422,S111,S211,12
-3.2,-3.5,1.09277525,2.1656115,1.07283625,-5.67846313,-23.8131495,-5.30665667,-23.1224219,17.8157652,R013,P00056,S112,S222,2,R054,P68422,S111,S211,12
-3.15,-3.5,1.04277525,2.1156115,1.07283625,-4.83328818,-22.9679745,-4.46148172,-22.277247,17.8157652,R013,P00056,S112,S222,2,R054,P68422,S111,S211,12
-3.1,-3.5,0.99277525,2.0656115,1.07283625,-3.98811324,-22.1227996,-3.61630678,-21.432072,17.8157652,R013,P00056,S112,S222,2,R054,P68422,S111,S211,12
-3.05,-3.5,0.94277525,2.0156115,1.07283625,-3.1429383,-21.2776246,-2.77113184,-20.5868971,17.8157652,R013,P00056,S112,S222,2,R054,P68422,S111,S211,12
-3,-3.5,0.89277525,1.9656115,1.07283625,-2.29776335,-20.4324497,-1.9259569,-19.7417221,17.8157652,R013,P00056,S112,S222,2,R054,P68422,S111,S211,12
-2.95,-3.5,0.84277525,1.9156115,1.07283625,-1.45258841,-19.5872747,-1.08078195,-18.8965472,17.8157652,R013,P00056,S112,S222,2,R054,P68422,S111,S211,12
-2.9,-3.5,0.79277525,1.8656115,1.07283625,-0.607413468,-18.7420998,-0.23560701,-18.0513723,17.8157652,R013,P00056,S112,S222,2,R054,P68422,S111,S211,12
-2.85,-3.5,0.74277525,1.8156115,1.07283625,0.237761475,-17.8969249,0.609567933,-17.2061973,17.8157652,R013,P00056,S112,S222,2,R054,P68422,S111,S211,12
-2.8,-3.5,0.69277525,1.7656115,1.07283625,1.08293642,-17.0517499,1.45474288,-16.3610224,17.8157652,R013,P00056,S112,S222,2,R054,P68422,S111,S211,12
-2.75,-3.5,0.64277525,1.7156115,1.07283625,1.92811136,-16.206575,2.29991782,-15.5158474,17.8157652,R013,P00056,S112,S222,2,R054,P68422,S111,S211,12
-2.7,-3.5,0.59277525,1.6656115,1.07283625,2.7732863,-15.3614,3.14509276,-14.6706725,17.8157652,R013,P00056,S112,S222,2,R054,P68422,S111,S211,12
-2.65,-3.5,0.54277525,1.6156115,1.07283625,3.61846125,-14.5162251,3.99026771,-13.8254975,17.8157652,R013,P00056,S112,S222,2,R054,P68422,S111,S211,12
-2.6,-3.5,0.49277525,1.5656115,1.07283625,4.46363619,-13.6710501,4.83544265,-12.9803226,17.8157652,R013,P00056,S112,S222,2,R054,P68422,S111,S211,12
-2.55,-3.5,0.44277525,1.5156115,1.07283625,5.30881113,-12.8258752,5.68061759,-12.1351477,17.8157652,R013,P00056,S112,S222,2,R054,P68422,S111,S211,12
-2.5,-3.5,0.39277525,1.4656115,1.07283625,6.15398608,-11.9807003,6.52579253,-11.2899727,17.8157652,R013,P00056,S112,S222,2,R054,P68422,S111,S211,12
-2.45,-3.5,0.34277525,1.4156115,1.07283625,6.99916102,-11.1355253,7.37096748,-10.4447978,17.8157652,R013,P00056,S112,S222,2,R028,P22552,S111,S211,24
-2.4,-3.5,0.29277525,1.3656115,1.07283625,7.84433596,-10.2903504,8.21614242,-9.59962282,17.8157652,R013,P00056,S112,S222,2,R028,P22552,S111,S211,24
-2.35,-3.5,0.24277525,1.3156115,1.07283625,8.68951091,-9.44517542,9.06131736,-8.75444788,17.8157652,R013,P00056,S112,S222,2,R028,P22552,S111,S211,24
-2.3,-3.5,0.19277525,1.2656115,1.07283625,9.53468585,-8.60000048,9.90649231,-7.90927294,17.8157652,R013,P00056,S112,S222,2,R028,P22552,S111,S211,24
-2.25,-3.5,0.14277525,1.2156115,1.07283625,10.3798608,-7.75482554,10.7516672,-7.06409799,17.8157652,R013,P00056,S112,S222,2,R028,P22552,S111,S211,24
-2.2,-3.5,0.09277525,1.1656115,1.07283625,11.2250357,-6.9096506,11.5968422,-6.21892305,17.8157652,R013,P00056,S112,S222,2,R028,P22552,S111,S211,24
-2.15,-3.5,0.04277525,1.1156115,1.07283625,12.0702107,-6.06447565,12.4420171,-5.37374811,17.8157652,R013,P00056,S112,S222,2,R028,P22552,S111,S211,24
-2.1,-3.5,0,1.0656115,1.0656115,12.7932621,-5.21930071,13.1650685,-4.52857317,17.6936417,R013,P00056,S000,S000,2,R028,P22552,S111,S211,24
-2.05,-3.5,0,1.0156115,1.0156115,12.7932621,-4.37412577,13.1650685,-3.68339822,16.8484667,R013,P00056,S000,S000,2,R028,P22552,S111,S211,24
-2,-3.5,0,0.9656115,0.9656115,12.7932621,-3.52895082,13.1650685,-2.83822328,16.0032918,R013,P00056,S000,S000,2,R028,P22552,S111,S211,24
-1.95,-3.5,0,0.9156115,0.9156115,12.7932621,-2.68377588,13.1650685,-1.99304834,15.1581169,R013,P00056,S000,S000,2,R028,P22552,S111,S211,24
-1.9,-3.5,0,0.8656115,0.8656115,12.7932621,-1.83860094,13.1650685,-1.14787339,14.3129419,R013,P00056,S000,S000,2,R028,P22552,S111,S211,24
-1.85,-3.5,0,0.8156115,0.8156115,12.7932621,-0.993425994,13.1650685,-0.30269845,13.467767,R013,P00056,S000,S000,2,R028,P22552,S111,S211,24
-1.8,-3.5,0,0.7656115,0.7656115,12.7932621,-0.148251051,13.1650685,0.542476493,12.622592,R013,P00056,S000,S000,2,R028,P22552,S111,S211,24
-1.75,-3.5,0,0.7156115,0.7156115,12.7932621,0.696923892,13.1650685,1.38765144,11.7774171,R013,P00056,S000,S000,2,R028,P22552,S111,S211,24
-1.7,-3.5,0,0.6656115,0.6656115,12.7932621,1.54209883,13.1650685,2.23282638,10.9322421,R013,P00056,S000,S000,2,R028,P22552,S111,S211,24
-1.65,-3.5,0,0.6156115,0.6156115,12.7932621,2.38727378,13.1650685,3.07800132,10.0870672,R013,P00056,S000,S000,2,R028,P22552,S111,S211,24
-1.6,-3.5,0,0.5656115,0.5656115,12.7932621,3.23244872,13.1650685,3.92317626,9.24189226,R013,P00056,S000,S000,2,R028,P22552,S111,S211,24
-1.55,-3.5,0,0.5156115,0.5156115,12.7932621,4.07762366,13.1650685,4.76835121,8.39671732,R013,P00056,S000,S000,2,R028,P22552,S111,S211,24
-1.5,-3.5,0,0.4656115,0.4656115,12.7932621,4.92279861,13.1650685,5.61352615,7.55154237,R013,P00056,S000,S000,2,R028,P22552,S111,S211,24
-1.45,-3.5,0,0.4156115,0.4156115,12.7932621,5.76797355,13.1650685,6.45870109,6.70636743,R013,P00056,S000,S000,2,R028,P22552,S111,S211,24
-1.4,-3.5,0,0.3656115,0.3656115,12.7932621,6.61314849,13.1650685,7.30387604,5.86119249,R013,P00056,S000,S000,2,R028,P22552,S111,S211,24
-1.35,-3.5,0,0.3156115,0.3156115,12.7932621,7.45832344,13.1650685,8.14905098,5.01601755,R013,P00056,S000,S000,2,R028,P22552,S111,S211,24
-1.3,-3.5,0,0.2656115,0.2656115,12.7932621,8.30349838,13.1650685,8.99422592,4.1708426,R013,P00056,S000,S000,2,R028,P22552,S111,S211,24
-1.25,-3.5,0,0.2156115,0.2156115,12.7932621,9.14867332,13.1650685,9.83940087,3.32566766,R013,P00056,S000,S000,2,R028,P22552,S111,S211,24
-1.2,-3.5,0,0.1656115,0.1656115,12.7932621,9.99384827,13.1650685,10.6845758,2.48049272,R013,P00056,S000,S000,2,R028,P22552,S111,S211,24
-1.15,-3.5,0,0.1156115,0.1156115,12.7932621,10.8390232,13.1650685,11.5297508,1.63531777,R013,P00056,S000,S000,2,R028,P22552,S111,S211,24
-1.1,-3.5,0,0.0656115,0.0656115,12.7932621,11.6841982,13.1650685,12.3749257,0.79014283,R013,P00056,S000,S000,2,R028,P22552,S111,S211,24
-1.05,-3.5,0,0.0156115,0.0156115,12.7932621,12.5293731,13.1650685,13.2201006,-0.0550321129,R013,P00056,S000,S000,2,R028,P22552,S111,S211,24
-1,-3.5,0,0,0,12.7932621,12.7932621,13.1650685,13.4839896,-0.318921085,R010,P00053,S000,S000,8,R028,P22552,S000,S000,24
-0.95,-3.5,0,0,0,12.7932621,12.7932621,13.1650685,13.4839896,-0.318921085,R001,P00001,S000,S000,27,R028,P22552,S000,S000,56
-0.9,-3.5,0,0,0,12.7932621,12.7932621,13.1650685,13.4839896,-0.318921085,R001,P00001,S000,S000,39,R028,P22552,S000,S000,56
-0.85,-3.5,0,0,0,12.7932621,12.7932621,13.1650685,13.4839896,-0.318921085,R001,P00001,S000,S000,39,R028,P22552,S000,S000,56
-0.8,-3.5,0,0,0,12.7932621,12.7932621,13.1650685,13.4839896,-0.318921085,R001,P00001,S000,S000,39,R027,P22549,S000,S000,80
-0.75,-3.5,0,0,0,12.7932621,12.7932621,13.1650685,13.4839896,-0.318921085,R001,P00001,S000,S000,39,R027,P22549,S000,S000,80
-0.7,-3.5,0,0,0,12.7932621,12.7932621,13.1650685,13.4839896,-0.318921085,R001,P00001,S000,S000,49,R027,P22549,S000,S000,80
-0.65,-3.5,0,0,0,12.7932621,12.7932621,13.1650685,13.4839896,-0.318921085,R001,P00001,S000,S000,49,R012,P04429,S000,S000,140
-0.6,-3.5,0,0,0,12.7932621,12.7932621,13.1650685,13.4839896,-0.318921085,R001,P00001,S000,S000,68,R012,P04429,S000,S000,140
-0.55,-3.5,0,0,0,12.7932621,12.7932621,13.1650685,13.4839896,-0.318921085,R001,P00001,S000,S000,68,R012,P04429,S000,S000,140
-0.5,-3.5,0,0,0,12.7932621,12.7932621,13.1650685,13.4839896,-0.318921085,R001,P00001,S000,S000,68,R012,P04429,S000,S000,140
-0.45,-3.5,0,0,0,12.7932621,12.7932621,13.1650685,13.4839896,-0.318921085,R001,P00001,S000,S000,68,R012,P04429,S000,S000,182
-0.4,-3.5,0,0,0,12.7932621,12.7932621,13.1650685,13.4839896,-0.318921085,R001,P00001,S000,S000,68,R012,P04429,S000,S000,182
-0.35,-3.5,0,0,0,12.7932621,12.7932621,13.1650685,13.4839896,-0.318921085,R001,P00001,S000,S000,68,R012,P04429,S000,S000,182
-0.3,-3.5,0,0,0,12.7932621,12.7932621,13.1650685,13.4839896,-0.318921085,R001,P00001,S000,S000,68,R010,P03778,S000,S000,520
-0.25,-3.5,0,0,0,12.7932621,12.7932621,13.1650685,13.4839896,-0.318921085,R001,P00001,S000,S000,68,R010,P03778,S000,S000,520
-0.2,-3.5,0,0,0,12.7932621,12.7932621,13.1650685,13.4839896,-0.318921085,R001,P00001,S000,S000,69,R010,P03778,S000,S000,520
-0.15,-3.5,0,0,0,12.7932621,12.7932621,13.1650685,13.4839896,-0.318921085,R001,P00001,S000,S000,79,R010,P03778,S000,S000,520
-0.1,-3.5,0,0,0,12.7932621,12.7932621,13.1650685,13.4839896,-0.318921085,R001,P00001,S000,S000,79,R010,P03778,S000,S000,560
-0.05,-3.5,0,0,0,12.7932621,12.7932621,13.1650685,13.4839896,-0.318921085,R001,P00001,S000,S000,79,R010,P03778,S000,S000,700
0,-3.5,0,0,0,12.7932621,12.7932621,13.1650685,13.4839896,-0.318921085,R001,P00001,S000,S000,79,R010,P03778,S000,S000,700
-4,-3.45,1.33261694,3.11286994,1.780253,-9.73262683,-39.8251314,-9.36082037,-39.1344038,29.7735835,R017,P00065,S001,S222,1,R061,P68636,S111,S533,1
-3.95,-3.45,1.23261694,2.9860715,1.75345456,-8.04227694,-37.6817941,-7.67047048,-36.9910666,29.3205961,R017,P00065,S001,S222,1,R061,P68636,S433,S533,1
-3.9,-3.45,1.21039822,2.9360715,1.72567328,-7.66670285,-36.8366192,-7.29489639,-36.1458916,28.8509953,R017,P00065,S221,S222,1,R061,P68636,S433,S533,1
-3.85,-3.45,1.21039822,2.8860715,1.67567328,-7.66670285,-35.9914442,-7.29489639,-35.3007167,28.0058203,R017,P00065,S221,S222,1,R061,P68636,S433,S533,1
-3.8,-3.45,1.21039822,2.8360715,1.62567328,-7.66670285,-35.1462693,-7.29489639,-34.4555418,27.1606454,R017,P00065,S221,S222,1,R061,P68636,S433,S533,1
-3.75,-3.45,1.21039822,2.7860715,1.57567328,-7.66670285,-34.3010944,-7.29489639,-33.6103668,26.3154704,R017,P00065,S221,S222,2,R061,P68636,S433,S533,1
-3.7,-3.45,1.21039822,2.7360715,1.52567328,-7.66670285,-33.4559194,-7.29489639,-32.7651919,25.4702955,R017,P00065,S221,S222,2,R061,P68636,S433,S533,1
-3.65,-3.45,1.21039822,2.6860715,1.47567328,-7.66670285,-32.6107445,-7.29489639,-31.9200169,24.6251205,R017,P00065,S221,S222,2,R061,P68636,S433,S533,1
-3.6,-3.45,1.21039822,2.6360715,1.42567328,-7.66670285,-31.7655695,-7.29489639,-31.074842,23.7799456,R017,P00065,S221,S222,2,R061,P68636,S433,S533,1
-3.55,-3.45,1.21039822,2.5860715,1.37567328,-7.66670285,-30.9203946,-7.29489639,-30.229667,22.9347707,R017,P00065,S221,S222,3,R061,P68636,S433,S533,1
-3.5,-3.45,1.21039822,2.5360715,1.32567328,-7.66670285,-30.0752196,-7.29489639,-29.3844921,22.0895957,R017,P00065,S221,S222,3,R061,P68636,S433,S533,1
-3.45,-3.45,1.21039822,2.4156115,1.20521328,-7.66670285,-28.0390242,-7.29489639,-27.3482966,20.0534002,R017,P00065,S221,S222,3,R056,P68478,S111,S211,5
-3.4,-3.45,1.21039822,2.3656115,1.15521328,-7.66670285,-27.1938492,-7.29489639,-26.5031217,19.2082253,R017,P00065,S221,S222,3,R056,P68478,S111,S211,5
-3.35,-3.45,1.21039822,2.3156115,1.10521328,-7.66670285,-26.3486743,-7.29489639,-25.6579467,18.3630504,R017,P00065,S221,S222,3,R056,P68478,S111,S211,5
-3.3,-3.45,1.21039822,2.2656115,1.05521328,-7.66670285,-25.5034993,-7.29489639,-24.8127718,17.5178754,R017,P00065,S221,S222,3,R056,P68478,S111,S211,5
-3.25,-3.45,1.19277525,2.2156115,1.02283625,-7.36881301,-24.6583244,-6.99700655,-23.9675969,16.9705903,R013,P00056,S112,S222,2,R056,P68478,S111,S211,5
-3.2,-3.45,1.14277525,2.1656115,1.02283625,-6.52363807,-23.8131495,-6.15183161,-23.1224219,16.9705903,R013,P00056,S112,S222,2,R054,P68422,S111,S211,12
-3.15,-3.45,1.09277525,2.1156115,1.02283625,-5.67846313,-22.9679745,-5.30665667,-22.277247,16.9705903,R013,P00056,S112,S222,2,R054,P68422,S111,S211,12
-3.1,-3.45,1.04277525,2.0656115,1.02283625,-4.83328818,-22.1227996,-4.46148172,-21.432072,16.9705903,R013,P00056,S112,S222,2,R054,P68422,S111,S211,12
-3.05,-3.45,0.99277525,2.0156115,1.02283625,-3.98811324,-21.2776246,-3.61630678,-20.5868971,16.9705903,R013,P00056,S112,S222,2,R054,P68422,S111,S211,12
-3,-3.45,0.94277525,1.9656115,1.02283625,-3.1429383,-20.4324497,-2.77113184,-19.7417221,16.9705903,R013,P00056,S112,S222,2,R054,P68422,S111,S211,12
-2.95,-3.45,0.89277525,1.9156115,1.02283625,-2.29776335,-19.5872747,-1.9259569,-18.8965472,16.9705903,R013,P00056,S112,S222,2,R054,P68422,S111,S211,12
-2.9,-3.45,0.84277525,1.8656115,1.02283625,-1.45258841,-18.7420998,-1.08078195,-18.0513723,16.9705903,R013,P00056,S112,S222,2,R054,P68422,S111,S211,12
-2.85,-3.45,0.79277525,1.8156115,1.02283625,-0.607413468,-17.8969249,-0.23560701,-17.2061973,16.9705903,R013,P00056,S112,S222,2,R054,P68422,S111,S211,12
-2.8,-3.45,0.74277525,1.7656115,1.02283625,0.237761475,-17.0517499,0.609567933,-16.3610224,16.9705903,R013,P00056,S112,S222,2,R054,P68422,S111,S211,12
-2.75,-3.45,0.69277525,1.7156115,1.02283625,1.08293642,-16.206575,1.45474288,-15.5158474,16.9705903,R013,P00056,S112,S222,2,R054,P68422,S111,S211,12
-2.7,-3.45,0.64277525,1.6656115,1.02283625,1.92811136,-15.3614,2.29991782,-14.6706725,16.9705903,R013,P00056,S112,S222,2,R054,P68422,S111,S211,12
-2.65,-3.45,0.59277525,1.6156115,1.02283625,2.7732863,-14.5162251,3.14509276,-13.8254975,16.9705903,R013,P00056,S112,S222,2,R054,P68422,S111,S211,12
-2.6,-3.45,0.54277525,1.5656115,1.02283625,3.61846125,-13.6710501,3.99026771,-12.9803226,16.9705903,R013,P00056,S112,S222,2,R054,P68422,S111,S211,12
-2.55,-3.45,0.49277525,1.5156115,1.02283625,4.46363619,-12.8258752,4.83544265,-12.1351477,16.9705903,R013,P00056,S112,S222,2,R054,P68422,S111,S211,12
-2.5,-3.45,0.44277525,1.4656115,1.02283625,5.30881113,-11.9807003,5.68061759,-11.2899727,16.9705903,R013,P00056,S112,S222,2,R054,P68422,S111,S211,12
-2.45,-3.45,0.39277525,1.4156115,1.02283625,6.15398608,-11.1355253,6.52579253,-10.4447978,16.9705903,R013,P00056,S112,S222,2,R054,P68422,S111,S211,12
-2.4,-3.45,0.34277525,1.3656115,1.02283625,6.99916102,-10.2903504,7.37096748,-9.59962282,16.9705903,R013,P00056,S112,S222,2,R028,P22552,S111,S211,24
-2.35,-3.45,0.29277525,1.3156115,1.02283625,7.84433596,-9.44517542,8.21614242,-8.75444788,16.9705903,R013,P00056,S112,S222,2,R028,P22552,S111,S211,24
-2.3,-3.45,0.24277525,1.2656115,1.02283625,8.68951091,-8.60000048,9.06131736,-7.90927294,16.9705903,R013,P00056,S112,S222,2,R028,P22552,S111,S211,24
-2.25,-3.45,0.19277525,1.2156115,1.02283625,9.53468585,-7.75482554,9.90649231,-7.06409799,16.9705903,R013,P00056,S112,S222,2,R028,P22552,S111,S211,24
-2.2,-3.45,0.14277525,1.1656115,1.02283625,10.3798608,-6.9096506,10.7516672,-6.21892305,16.9705903,R013,P00056,S112,S222,2,R028,P22552,S111,S211,24
-2.15,-3.45,0.09277525,1.1156115,1.02283625,11.2250357,-6.06447565,11.5968422,-5.37374811,16.9705903,R013,P00056,S112,S222,2,R028,P22552,S111,S211,24
-2.1,-3.45,0.04277525,1.0656115,1.02283625,12.0702107,-5.21930071,12.4420171,-4.52857317,16.9705903,R013,P00056,S112,S222,2,R028,P22552,S111,S211,24
-2.05,-3.45,0,1.0156115,1.0156115,12.7932621,-4.37412577,13.1650685,-3.68339822,16.8484667,R013,P00056,S000,S000,2,R028,P22552,S111,S211,24
-2,-3.45,0,0.9656115,0.9656115,12.7932621,-3.52895082,13.1650685,-2.83822328,16.0032918,R013,P00056,S000,S000,2,R028,P22552,S111,S211,24
-1.95,-3.45,0,0.9156115,0.9156115,12.7932621,-2.68377588,13.1650685,-1.99304834,15.1581169,R013,P00056,S000,S000,2,R028,P22552,S111,S211,24
-1.9,-3.45,0,0.8656115,0.8656115,12.7932621,-1.83860094,13.1650685,-1.14787339,14.3129419,R013,P00056,S000,S000,2,R028,P22552,S111,S211,24
-1.85,-3.45,0,0.8156115,0.8156115,12.7932621,-0.993425994,13.1650685,-0.30269845,13.467767,R013,P00056,S000,S000,2,R028,P22552,S111,S211,24
-1.8,-3.45,0,0.7656115,0.7656115,12.7932621,-0.148251051,13.1650685,0.542476493,12.622592,R013,P00056,S000,S000,2,R028,P22552,S111,S211,24
-1.75,-3.45,0,0.7156115,0.7156115,12.7932621,0.696923892,13.1650685,1.38765144,11.7774171,R013,P00056,S000,S000,2,R028,P22552,S111,S211,24
-1.7,-3.45,0,0.6656115,0.6656115,12.7932621,1.54209883,13.1650685,2.23282638,10.9322421,R013,P00056,S000,S000,2,R028,P22552,S111,S211,24
-1.65,-3.45,0,0.6156115,0.6156115,12.7932621,2.38727378,13.1650685,3.07800132,10.0870672,R013,P00056,S000,S000,2,R028,P22552,S111,S211,24
-1.6,-3.45,0,0.5656115,0.5656115,12.7932621,3.23244872,13.1650685,3.92317626,9.24189226,R013,P00056,S000,S000,2,R028,P22552,S111,S211,24
-1.55,-3.45,0,0.5156115,0.5156115,12.7932621,4.07762366,13.1650685,4.76835121,8.39671732,R013,P00056,S000,S000,2,R028,P22552,S111,S211,24
-1.5,-3.45,0,0.4656115,0.4656115,12.7932621,4.92279861,13.1650685,5.61352615,7.55154237,R013,P00056,S000,S000,2,R028,P22552,S111,S211,24
-1.45,-3.45,0,0.4156115,0.4156115,12.7932621,5.76797355,13.1650685,6.45870109,6.70636743,R013,P00056,S000,S000,2,R028,P22552,S111,S211,24
-1.4,-3.45,0,0.3656115,0.3656115,12.7932621,6.61314849,13.1650685,7.30387604,5.86119249,R013,P00056,S000,S000,2,R028,P22552,S111,S211,24
-1.35,-3.45,0,0.3156115,0.3156115,12.7932621,7.45832344,13.1650685,8.14905098,5.01601755,R013,P00056,S000,S000,2,R028,P22552,S111,S211,24
-1.3,-3.45,0,0.2656115,0.2656115,12.7932621,8.30349838,13.1650685,8.99422592,4.1708426,R013,P00056,S000,S000,2,R028,P22552,S111,S211,24
-1.25,-3.45,0,0.2156115,0.2156115,12.7932621,9.14867332,13.1650685,9.83940087,3.32566766,R013,P00056,S000,S000,2,R028,P22552,S111,S211,24
-1.2,-3.45,0,0.1656115,0.1656115,12.7932621,9.99384827,13.1650685,10.6845758,2.48049272,R013,P00056,S000,S000,2,R028,P22552,S111,S211,24
-1.15,-3.45,0,0.1156115,0.1156115,12.7932621,10.8390232,13.1650685,11.5297508,1.63531777,R013,P00056,S000,S000,2,R028,P22552,S111,S211,24
-1.1,-3.45,0,0.0656115,0.0656115,12.7932621,11.6841982,13.1650685,12.3749257,0.79014283,R013,P00056,S000,S000,2,R028,P22552,S111,S211,24
-1.05,-3.45,0,0.0156115,0.0156115,12.7932621,12.5293731,13.1650685,13.2201006,-0.0550321129,R013,P00056,S000,S000,2,R028,P22552,S111,S211,24
-1,-3.45,0,0,0,12.7932621,12.7932621,13.1650685,13.4839896,-0.318921085,R010,P00053,S000,S000,8,R028,P22552,S000,S000,24
-0.95,-3.45,0,0,0,12.7932621,12.7932621,13.1650685,13.4839896,-0.318921085,R001,P00001,S000,S000,27,R028,P22552,S000,S000,56
-0.9,-3.45,0,0,0,12.7932621,12.7932621,13.1650685,13.4839896,-0.318921085,R001,P00001,S000,S000,39,R028,P22552,S000,S000,56
-0.85,-3.45,0,0,0,12.7932621,12.7932621,13.1650685,13.4839896,-0.318921085,R001,P00001,S000,S000,39,R028,P22552,S000,S000,56
-0.8,-3.45,0,0,0,12.7932621,12.7932621,13.1650685,13.4839896,-0.318921085,R001,P00001,S000,S000,39,R027,P22549,S000,S000,80
-0.75,-3.45,0,0,0,12.7932621,12.7932621,13.1650685,13.4839896,-0.318921085,R001,P00001,S000,S000,39,R027,P22549,S000,S000,80
-0.7,-3.45,0,0,0,12.7932621,12.7932621,13.1650685,13.4839896,-0.318921085,R001,P00001,S000,S000,49,R027,P22549,S000,S000,80
-0.65,-3.45,0,0,0,12.7932621,12.7932621,13.1650685,13.4839896,-0.318921085,R001,P00001,S000,S000,49,R012,P04429,S000,S000,140
-0.6,-3.45,0,0,0,12.7932621,12.7932621,13.1650685,13.4839896,-0.318921085,R001,P00001,S000,S000,68,R012,P04429,S000,S000,140
-0.55,-3.45,0,0,0,12.7932621,12.7932621,13.1650685,13.4839896,-0.318921085,R001,P00001,S000,S000,68,R012,P04429,S000,S000,140
-0.5,-3.45,0,0,0,12.7932621,12.7932621,13.1650685,13.4839896,-0.318921085,R001,P00001,S000,S000,68,R012,P04429,S000,S000,140
-0.45,-3.45,0,0,0,12.7932621,12.7932621,13.1650685,13.4839896,-0.318921085,R001,P00001,S000,S000,68,R012,P04429,S000,S000,182
-0.4,-3.45,0,0,0,12.7932621,12.7932621,13.1650685,13.4839896,-0.318921085,R001,P00001,S000,S000,68,R012,P04429,S000,S000,182
-0.35,-3.45,0,0,0,12.7932621,12.7932621,13.1650685,13.4839896,-0.318921085,R001,P00001,S000,S000,68,R012,P04429,S000,S000,182
-0.3,-3.45,0,0,0,12.7932621,12.7932621,13.1650685,13.4839896,-0.318921085,R001,P00001,S000,S000,68,R010,P03778,S000,S000,520
-0.25,-3.45,0,0,0,12.7932621,12.7932621,13.1650685,13.4839896,-0.318921085,R001,P00001,S000,S000,68,R010,P03778,S000,S000,520
-0.2,-3.45,0,0,0,12.7932621,12.7932621,13.1650685,13.4839896,-0.318921085,R001,P00001,S000,S000,69,R010,P03778,S000,S000,520
-0.15,-3.45,0,0,0,12.7932621,12.7932621,13.1650685,13.4839896,-0.318921085,R001,P00001,S000,S000,79,R010,P03778,S000,S000,520
-0.1,-3.45,0,0,0,12.7932621,12.7932621,13.1650685,13.4839896,-0.318921085,R001,P00001,S000,S000,79,R010,P03778,S000,S000,560
-0.05,-3.45,0,0,0,12.7932621,12.7932621,13.1650685,13.4839896,-0.318921085,R001,P00001,S000,S000,79,R010,P03778,S000,S000,700
0,-3.45,0,0,0,12.7932621,12.7932621,13.1650685,13.4839896,-0.318921085,R001,P00001,S000,S000,79,R010,P03778,S000,S000,700
-4,-3.4,1.45761694,3.26286994,1.805253,-11.8455642,-42.3606562,-11.4737577,-41.6699287,30.1961709,R017,P00065,S001,S222,1,R061,P68636,S111,S533,1
-3.95,-3.4,1.35761694,3.06286994,1.705253,-10.1552143,-38.9799564,-9.78340784,-38.2892289,28.505821,R017,P00065,S001,S222,1,R061,P68636,S111,S533,1
-3.9,-3.4,1.25761694,2.9360715,1.67845456,-8.46486441,-36.8366192,-8.09305795,-36.1458916,28.0528337,R017,P00065,S001,S222,1,R061,P68636,S433,S533,1
-3.85,-3.4,1.23539822,2.8860715,1.65067328,-8.08929032,-35.9914442,-7.71748386,-35.3007167,27.5832328,R017,P00065,S221,S222,1,R061,P68636,S433,S533,1
-3.8,-3.4,1.23539822,2.8360715,1.60067328,-8.08929032,-35.1462693,-7.71748386,-34.4555418,26.7380579,R017,P00065,S221,S222,1,R061,P68636,S433,S533,1
-3.75,-3.4,1.23539822,2.7860715,1.55067328,-8.08929032,-34.3010944,-7.71748386,-33.6103668,25.892883,R017,P00065,S221,S222,2,R061,P68636,S433,S533,1
-3.7,-3.4,1.23539822,2.7360715,1.50067328,-8.08929032,-33.4559194,-7.71748386,-32.7651919,25.047708,R017,P00065,S221,S222,2,R061,P68636,S433,S533,1
-3.65,-3.4,1.23539822,2.6860715,1.45067328,-8.08929032,-32.6107445,-7.71748386,-31.9200169,24.2025331,R017,P00065,S221,S222,2,R061,P68636,S433,S533,1
-3.6,-3.4,1.23539822,2.6360715,1.40067328,-8.08929032,-31.7655695,-7.71748386,-31.074842,23.3573581,R017,P00065,S221,S222,2,R061,P68636,S433,S533,1
-3.55,-3.4,1.23539822,2.5860715,1.35067328,-8.08929032,-30.9203946,-7.71748386,-30.229667,22.5121832,R017,P00065,S221,S222,2,R061,P68636,S433,S533,1
-3.5,-3.4,1.23539822,2.5360715,1.30067328,-8.08929032,-30.0752196,-7.71748386,-29.3844921,21.6670082,R017,P00065,S221,S222,3,R061,P68636,S433,S533,1
-3.45,-3.4,1.23539822,2.46933647,1.23393825,-8.08929032,-28.9471641,-7.71748386,-28.2564366,20.5389527,R017,P00065,S221,S222,3,R057,P68487,S544,S211,3
-3.4,-3.4,1.23539822,2.3656115,1.13021328,-8.08929032,-27.1938492,-7.71748386,-26.5031217,18.7856378,R017,P00065,S221,S222,3,R056,P68478,S111,S211,5
-3.35,-3.4,1.23539822,2.3156115,1.08021328,-8.08929032,-26.3486743,-7.71748386,-25.6579467,17.9404629,R017,P00065,S221,S222,3,R056,P68478,S111,S211,5
-3.3,-3.4,1.23539822,2.2656115,1.03021328,-8.08929032,-25.5034993,-7.71748386,-24.8127718,17.0952879,R017,P00065,S221,S222,3,R056,P68478,S111,S211,5
-3.25,-3.4,1.23539822,2.2156115,0.980213281,-8.08929032,-24.6583244,-7.71748386,-23.9675969,16.250113,R017,P00065,S221,S222,3,R056,P68478,S111,S211,5
-3.2,-3.4,1.19277525,2.1656115,0.97283625,-7.36881301,-23.8131495,-6.99700655,-23.1224219,16.1254154,R013,P00056,S112,S222,2,R056,P68478,S111,S211,5
-3.15,-3.4,1.14277525,2.1156115,0.97283625,-6.52363807,-22.9679745,-6.15183161,-22.277247,16.1254154,R013,P00056,S112,S222,2,R054,P68422,S111,S211,12
-3.1,-3.4,1.09277525,2.0656115,0.97283625,-5.67846313,-22.1227996,-5.30665667,-21.432072,16.1254154,R013,P00056,S112,S222,2,R054,P68422,S111,S211,12
-3.05,-3.4,1.04277525,2.0156115,0.97283625,-4.83328818,-21.2776246,-4.46148172,-20.5868971,16.1254154,R013,P00056,S112,S222,2,R054,P68422,S111,S211,12
-3,-3.4,0.99277525,1.9656115,0.97283625,-3.98811324,-20.4324497,-3.61630678,-19.7417221,16.1254154,R013,P00056,S112,S222,2,R054,P68422,S111,S211,12
-2.95,-3.4,0.94277525,1.9156115,0.97283625,-3.1429383,-19.5872747,-2.77113184,-18.8965472,16.1254154,R013,P00056,S112,S222,2,R054,P68422,S111,S211,12
-2.9,-3.4,0.89277525,1.8656115,0.97283625,-2.29776335,-18.7420998,-1.9259569,-18.0513723,16.1254154,R013,P00056,S112,S222,2,R054,P68422,S111,S211,12
-2.85,-3.4,0.84277525,1.8156115,0.97283625,-1.45258841,-17.8969249,-1.08078195,-17.2061973,16.1254154,R013,P00056,S112,S222,2,R054,P68422,S111,S211,12
-2.8,-3.4,0.79277525,1.7656115,0.97283625,-0.607413468,-17.0517499,-0.23560701,-16.3610224,16.1254154,R013,P00056,S112,S222,2,R054,P68422,S111,S211,12
-2.75,-3.4,0.74277525,1.7156115,0.97283625,0.237761475,-16.206575,0.609567933,-15.5158474,16.1254154,R013,P00056,S112,S222,2,R054,P68422,S111,S211,12
-2.7,-3.4,0.69277525,1.6656115,0.97283625,1.08293642,-15.3614,1.45474288,-14.6706725,16.1254154,R013,P00056,S112,S222,2,R054,P68422,S111,S211,12
-2.65,-3.4,0.64277525,1.6156115,0.97283625,1.92811136,-14.5162251,2.29991782,-13.8254975,16.1254154,R013,P00056,S112,S222,2,R054,P68422,S111,S211,12
-2.6,-3.4,0.59277525,1.5656115,0.97283625,2.7732863,-13.6710501,3.14509276,-12.9803226,16.1254154,R013,P00056,S112,S222,2,R054,P68422,S111,S211,12
-2.55,-3.4,0.54277525,1.5156115,0.97283625,3.61846125,-12.8258752,3.99026771,-12.1351477,16.1254154,R013,P00056,S112,S222,2,R054,P68422,S111,S211,12
-2.5,-3.4,0.49277525,1.4656115,0.97283625,4.46363619,-11.9807003,4.83544265,-11.2899727,16.1254154,R013,P00056,S112,S222,2,R054,P68422,S111,S211,12
-2.45,-3.4,0.44277525,1.4156115,0.97283625,5.30881113,-11.1355253,5.68061759,-10.4447978,16.1254154,R013,P00056,S112,S222,2,R054,P68422,S111,S211,12
-2.4,-3.4,0.39277525,1.3656115,0.97283625,6.15398608,-10.2903504,6.52579253,-9.59962282,16.1254154,R013,P00056,S112,S222,2,R054,P68422,S111,S211,12
-2.35,-3.4,0.34277525,1.3156115,0.97283625,6.99916102,-9.44517542,7.37096748,-8.75444788,16.1254154,R013,P00056,S112,S222,2,R028,P22552,S111,S211,24
-2.3,-3.4,0.29277525,1.2656115,0.97283625,7.84433596,-8.60000048,8.21614242,-7.90927294,16.1254154,R013,P00056,S112,S222,2,R028,P22552,S111,S211,24
-2.25,-3.4,0.24277525,1.2156115,0.97283625,8.68951091,-7.75482554,9.06131736,-7.06409799,16.1254154,R013,P00056,S112,S222,2,R028,P22552,S111,S211,24
-2.2,-3.4,0.19277525,1.1656115,0.97283625,9.53468585,-6.9096506,9.90649231,-6.21892305,16.1254154,R013,P00056,S112,S222,2,R028,P22552,S111,S211,24
-2.15,-3.4,0.14277525,1.1156115,0.97283625,10.3798608,-6.06447565,10.7516672,-5.37374811,16.1254154,R013,P00056,S112,S222,2,R028,P22552,S111,S211,24
-2.1,-3.4,0.09277525,1.0656115,0.97283625,11.2250357,-5.21930071,11.5968422,-4.52857317,16.1254154,R013,P00056,S112,S222,2,R028,P22552,S111,S211,24
-2.05,-3.4,0.04277525,1.0156115,0.97283625,12.0702107,-4.37412577,12.4420171,-3.68339822,16.1254154,R013,P00056,S112,S222,2,R028,P22552,S111,S211,24
-2,-3.4,0,0.9656115,0.9656115,12.7932621,-3.52895082,13.1650685,-2.83822328,16.0032918,R013,P00056,S000,S000,2,R028,P22552,S111,S211,24
-1.95,-3.4,0,0.9156115,0.9156115,12.7932621,-2.68377588,13.1650685,-1.99304834,15.1581169,R013,P00056,S000,S000,2,R028,P22552,S111,S211,24
-1.9,-3.4,0,0.8656115,0.8656115,12.7932621,-1.83860094,13.1650685,-1.14787339,14.3129419,R013,P00056,S000,S000,2,R028,P22552,S111,S211,24
-1.85,-3.4,0,0.8156115,0.8156115,12.7932621,-0.993425994,13.1650685,-0.30269845,13.467767,R013,P00056,S000,S000,2,R028,P22552,S111,S211,24
-1.8,-3.4,0,0.7656115,0.7656115,12.7932621,-0.148251051,13.1650685,0.542476493,12.622592,R013,P00056,S000,S000,2,R028,P22552,S111,S211,24
-1.75,-3.4,0,0.7156115,0.7156115,12.7932621,0.696923892,13.1650685,1.38765144,11.7774171,R013,P00056,S000,S000,2,R028,P22552,S111,S211,24
-1.7,-3.4,0,0.6656115,0.6656115,12.7932621,1.54209883,13.1650685,2.23282638,10.9322421,R013,P00056,S000,S000,2,R028,P22552,S111,S211,24
-1.65,-3.4,0,0.6156115,0.6156115,12.7932621,2.38727378,13.1650685,3.07800132,10.0870672,R013,P00056,S000,S000,2,R028,P22552,S111,S211,24
-1.6,-3.4,0,0.5656115,0.5656115,12.7932621,3.23244872,13.1650685,3.92317626,9.24189226,R013,P00056,S000,S000,2,R028,P22552,S111,S211,24
-1.55,-3.4,0,0.5156115,0.5156115,12.7932621,4.07762366,13.1650685,4.76835121,8.39671732,R013,P00056,S000,S000,2,R028,P22552,S111,S211,24
-1.5,-3.4,0,0.4656115,0.4656115,12.7932621,4.92279861,13.1650685,5.61352615,7.55154237,R013,P00056,S000,S000,2,R028,P22552,S111,S211,24
-1.45,-3.4,0,0.4156115,0.4156115,12.7932621,5.76797355,13.1650685,6.45870109,6.70636743,R013,P00056,S000,S000,2,R028,P22552,S111,S211,24
-1.4,-3.4,0,0.3656115,0.3656115,12.7932621,6.61314849,13.1650685,7.30387604,5.86119249,R013,P00056,S000,S000,2,R028,P22552,S111,S211,24
-1.35,-3.4,0,0.3156115,0.3156115,12.7932621,7.45832344,13.1650685,8.14905098,5.01601755,R013,P00056,S000,S000,2,R028,P22552,S111,S211,24
-1.3,-3.4,0,0.2656115,0.2656115,12.7932621,8.30349838,13.1650685,8.99422592,4.1708426,R013,P00056,S000,S000,2,R028,P22552,S111,S211,24
-1.25,-3.4,0,0.2156115,0.2156115,12.7932621,9.14867332,13.1650685,9.83940087,3.32566766,R013,P00056,S000,S000,2,R028,P22552,S111,S211,24
-1.2,-3.4,0,0.1656115,0.1656115,12.7932621,9.99384827,13.1650685,10.6845758,2.48049272,R013,P00056,S000,S000,2,R028,P22552,S111,S211,24
-1.15,-3.4,0,0.1156115,0.1156115,12.7932621,10.8390232,13.1650685,11.5297508,1.63531777,R013,P00056,S000,S000,2,R028,P22552,S111,S211,24
-1.1,-3.4,0,0.0656115,0.0656115,12.7932621,11.6841982,13.1650685,12.3749257,0.79014283,R013,P00056,S000,S000,2,R028,P22552,S111,S211,24
-1.05,-3.4,0,0.0156115,0.0156115,12.7932621,12.5293731,13.1650685,13.2201006,-0.0550321129,R013,P00056,S000,S000,2,R028,P22552,S111,S211,24
-1,-3.4,0,0,0,12.7932621,12.7932621,13.1650685,13.4839896,-0.318921085,R010,P00053,S000,S000,8,R028,P22552,S000,S000,24
-0.95,-3.4,0,0,0,12.7932621,12.7932621,13.1650685,13.4839896,-0.318921085,R001,P00001,S000,S000,27,R028,P22552,S000,S000,56
-0.9,-3.4,0,0,0,12.7932621,12.7932621,13.1650685,13.4839896,-0.318921085,R001,P00001,S000,S000,39,R028,P22552,S000,S000,56
-0.85,-3.4,0,0,0,12.7932621,12.7932621,13.1650685,13.4839896,-0.318921085,R001,P00001,S000,S000,39,R028,P22552,S000,S000,56
-0.8,-3.4,0,0,0,12.7932621,12.7932621,13.1650685,13.4839896,-0.318921085,R001,P00001,S000,S000,39,R027,P22549,S000,S000,80
-0.75,-3.4,0,0,0,12.7932621,12.7932621,13.1650685,13.4839896,-0.318921085,R001,P00001,S000,S000,39,R027,P22549,S000,S000,80
-0.7,-3.4,0,0,0,12.7932621,12.7932621,13.1650685,13.4839896,-0.318921085,R001,P00001,S000,S000,49,R027,P22549,S000,S000,80
-0.65,-3.4,0,0,0,12.7932621,12.7932621,13.1650685,13.4839896,-0.318921085,R001,P00001,S000,S000,49,R012,P04429,S000,S000,140
-0.6,-3.4,0,0,0,12.7932621,12.7932621,13.1650685,13.4839896,-0.318921085,R001,P00001,S000,S000,68,R012,P04429,S000,S000,140
-0.55,-3.4,0,0,0,12.7932621,12.7932621,13.1650685,13.4839896,-0.318921085,R001,P00001,S000,S000,68,R012,P04429,S000,S000,140
-0.5,-3.4,0,0,0,12.7932621,12.7932621,13.1650685,13.4839896,-0.318921085,R001,P00001,S000,S000,68,R012,P04429,S000,S000,140
-0.45,-3.4,0,0,0,12.7932621,12.7932621,13.1650685,13.4839896,-0.318921085,R001,P00001,S000,S000,68,R012,P04429,S000,S000,182
-0.4,-3.4,0,0,0,12.7932621,12.7932621,13.1650685,13.4839896,-0.318921085,R001,P00001,S000,S000,68,R012,P04429,S000,S000,182
-0.35,-3.4,0,0,0,12.7932621,12.7932621,13.1650685,13.4839896,-0.318921085,R001,P00001,S000,S000,68,R012,P04429,S000,S000,182
-0.3,-3.4,0,0,0,12.7932621,12.7932621,13.1650685,13.4839896,-0.318921085,R001,P00001,S000,S000,68,R010,P03778,S000,S000,520
-0.25,-3.4,0,0,0,12.7932621,12.7932621,13.1650685,13.4839896,-0.318921085,R001,P00001,S000,S000,68,R010,P03778,S000,S000,520
-0.2,-3.4,0,0,0,12.7932621,12.7932621,13.1650685,13.4839896,-0.318921085,R001,P00001,S000,S000,69,R010,P03778,S000,S000,520
-0.15,-3.4,0,0,0,12.7932621,12.7932621,13.1650685,13.4839896,-0.318921085,R001,P00001,S000,S000,79,R010,P03778,S000,S000,520
-0.1,-3.4,0,0,0,12.7932621,12.7932621,13.1650685,13.4839896,-0.318921085,R001,P00001,S000,S000,79,R010,P03778,S000,S000,560
-0.05,-3.4,0,0,0,12.7932621,12.7932621,13.1650685,13.4839896,-0.318921085,R001,P00001,S000,S000,79,R010,P03778,S000,S000,700
0,-3.4,0,0,0,12.7932621,12.7932621,13.1650685,13.4839896,-0.318921085,R001,P00001,S000,S000,79,R010,P03778,S000,S000,700
-4,-3.35,1.58261694,3.41286994,1.830253,-13.9585015,-44.896181,-13.5866951,-44.2054535,30.6187584,R017,P00065,S001,S222,1,R061,P68636,S111,S533,1
-3.95,-3.35,1.48261694,3.21286994,1.730253,-12.2681517,-41.5154813,-11.8963452,-40.8247537,28.9284085,R017,P00065,S001,S222,1,R061,P68636,S111,S533,1
-3.9,-3.35,1.38261694,3.01286994,1.630253,-10.5778018,-38.1347815,-10.2059953,-37.4440539,27.2380586,R017,P00065,S001,S222,1,R061,P68636,S111,S533,1
-3.85,-3.35,1.28261694,2.8860715,1.60345456,-8.88745188,-35.9914442,-8.51564542,-35.3007167,26.7850713,R017,P00065,S001,S222,1,R061,P68636,S433,S533,1
-3.8,-3.35,1.26039822,2.8360715,1.57567328,-8.51187779,-35.1462693,-8.14007133,-34.4555418,26.3154704,R017,P00065,S221,S222,1,R061,P68636,S433,S533,1
-3.75,-3.35,1.26039822,2.7860715,1.52567328,-8.51187779,-34.3010944,-8.14007133,-33.6103668,25.4702955,R017,P00065,S221,S222,1,R061,P68636,S433,S533,1
-3.7,-3.35,1.26039822,2.7360715,1.47567328,-8.51187779,-33.4559194,-8.14007133,-32.7651919,24.6251205,R017,P00065,S221,S222,2,R061,P68636,S433,S533,1
-3.65,-3.35,1.26039822,2.6860715,1.42567328,-8.51187779,-32.6107445,-8.14007133,-31.9200169,23.7799456,R017,P00065,S221,S222,2,R061,P68636,S433,S533,1
-3.6,-3.35,1.26039822,2.6360715,1.37567328,-8.51187779,-31.7655695,-8.14007133,-31.074842,22.9347707,R017,P00065,S221,S222,2,R061,P68636,S433,S533,1
-3.55,-3.35,1.26039822,2.5860715,1.32567328,-8.51187779,-30.9203946,-8.14007133,-30.229667,22.0895957,R017,P00065,S221,S222,2,R061,P68636,S433,S533,1
-3.5,-3.35,1.26039822,2.5360715,1.27567328,-8.51187779,-30.0752196,-8.14007133,-29.3844921,21.2444208,R017,P00065,S221,S222,2,R061,P68636,S433,S533,1
-3.45,-3.35,1.26039822,2.4860715,1.22567328,-8.51187779,-29.2300447,-8.14007133,-28.5393172,20.3992458,R017,P00065,S221,S222,3,R061,P68636,S433,S533,1
-3.4,-3.35,1.26039822,2.39433647,1.13393825,-8.51187779,-27.6794017,-8.14007133,-26.9886742,18.8486028,R017,P00065,S221,S222,3,R057,P68487,S544,S211,3
-3.35,-3.35,1.26039822,2.3156115,1.05521328,-8.51187779,-26.3486743,-8.14007133,-25.6579467,17.5178754,R017,P00065,S221,S222,3,R056,P68478,S111,S211,5
-3.3,-3.35,1.26039822,2.2656115,1.00521328,-8.51187779,-25.5034993,-8.14007133,-24.8127718,16.6727005,R017,P00065,S221,S222,3,R056,P68478,S111,S211,5
-3.25,-3.35,1.26039822,2.2156115,0.955213281,-8.51187779,-24.6583244,-8.14007133,-23.9675969,15.8275255,R017,P00065,S221,S222,3,R056,P68478,S111,S211,5
-3.2,-3.35,1.24277525,2.1656115,0.92283625,-8.21398796,-23.8131495,-7.8421815,-23.1224219,15.2802404,R013,P00056,S112,S222,2,R056,P68478,S111,S211,5
-3.15,-3.35,1.19277525,2.1156115,0.92283625,-7.36881301,-22.9679745,-6.99700655,-22.277247,15.2802404,R013,P00056,S112,S222,2,R056,P68478,S111,S211,5
-3.1,-3.35,1.14277525,2.0656115,0.92283625,-6.52363807,-22.1227996,-6.15183161,-21.432072,15.2802404,R013,P00056,S112,S222,2,R054,P68422,S111,S211,12
-3.05,-3.35,1.09277525,2.0156115,0.92283625,-5.67846313,-21.2776246,-5.30665667,-20.5868971,15.2802404,R013,P00056,S112,S222,2,R054,P68422,S111,S211,12
-3,-3.35,1.04277525,1.9656115,0.92283625,-4.83328818,-20.4324497,-4.46148172,-19.7417221,15.2802404,R013,P00056,S112,S222,2,R054,P68422,S111,S211,12
-2.95,-3.35,0.99277525,1.9156115,0.92283625,-3.98811324,-19.5872747,-3.61630678,-18.8965472,15.2802404,R013,P00056,S112,S222,2,R054,P68422,S111,S211,12
-2.9,-3.35,0.94277525,1.8656115,0.92283625,-3.1429383,-18.7420998,-2.77113184,-18.0513723,15.2802404,R013,P00056,S112,S222,2,R054,P68422,S111,S211,12
-2.85,-3.35,0.89277525,1.8156115,0.92283625,-2.29776335,-17.8969249,-1.9259569,-17.2061973,15.2802404,R013,P00056,S112,S222,2,R054,P68422,S111,S211,12
-2.8,-3.35,0.84277525,1.7656115,0.92283625,-1.45258841,-17.0517499,-1.08078195,-16.3610224,15.2802404,R013,P00056,S112,S222,2,R054,P68422,S111,S211,12
-2.75,-3.35,0.79277525,1.7156115,0.92283625,-0.607413468,-16.206575,-0.23560701,-15.5158474,15.2802404,R013,P00056,S112,S222,2,R054,P68422,S111,S211,12
-2.7,-3.35,0.74277525,1.6656115,0.92283625,0.237761475,-15.3614,0.609567933,-14.6706725,15.2802404,R013,P00056,S112,S222,2,R054,P68422,S111,S211,12
-2.65,-3.35,0.69277525,1.6156115,0.92283625,1.08293642,-14.5162251,1.45474288,-13.8254975,15.2802404,R013,P00056,S112,S222,2,R054,P68422,S111,S211,12
-2.6,-3.35,0.64277525,1.5656115,0.92283625,1.92811136,-13.6710501,2.29991782,-12.9803226,15.2802404,R013,P00056,S112,S222,2,R054,P68422,S111,S211,12
-2.55,-3.35,0.59277525,1.5156115,0.92283625,2.7732863,-12.8258752,3.14509276,-12.1351477,15.2802404,R013,P00056,S112,S222,2,R054,P68422,S111,S211,12
-2.5,-3.35,0.54277525,1.4656115,0.92283625,3.61846125,-11.9807003,3.99026771,-11.2899727,15.2802404,R013,P00056,S112,S222,2,R054,P68422,S111,S211,12
-2.45,-3.35,0.49277525,1.4156115,0.92283625,4.46363619,-11.1355253,4.83544265,-10.4447978,15.2802404,R013,P00056,S112,S222,2,R054,P68422,S111,S211,12
-2.4,-3.35,0.44277525,1.3656115,0.92283625,5.30881113,-10.2903504,5.68061759,-9.59962282,15.2802404,R013,P00056,S112,S222,2,R054,P68422,S111,S211,12
-2.35,-3.35,0.39277525,1.3156115,0.92283625,6.15398608,-9.44517542,6.52579253,-8.75444788,15.2802404,R013,P00056,S112,S222,2,R054,P68422,S111,S211,12
-2.3,-3.35,0.34277525,1.2656115,0.92283625,6.99916102,-8.60000048,7.37096748,-7.90927294,15.2802404,R013,P00056,S112,S222,2,R028,P22552,S111,S211,24
-2.25,-3.35,0.29277525,1.2156115,0.92283625,7.84433596,-7.75482554,8.21614242,-7.06409799,15.2802404,R013,P00056,S112,S222,2,R028,P22552,S111,S211,24
-2.2,-3.35,0.24277525,1.1656115,0.92283625,8.68951091,-6.9096506,9.06131736,-6.21892305,15.2802404,R013,P00056,S112,S222,2,R028,P22552,S111,S211,24
-2.15,-3.35,0.19277525,1.1156115,0.92283625,9.53468585,-6.06447565,9.90649231,-5.37374811,15.2802404,R013,P00056,S112,S222,2,R028,P22552,S111,S211,24
-2.1,-3.35,0.14277525,1.0656115,0.92283625,10.3798608,-5.21930071,10.7516672,-4.52857317,15.2802404,R013,P00056,S112,S222,2,R028,P22552,S111,S211,24
-2.05,-3.35,0.09277525,1.0156115,0.92283625,11.2250357,-4.37412577,11.5968422,-3.68339822,15.2802404,R013,P00056,S112,S222,2,R028,P22552,S111,S211,24
-2,-3.35,0.04277525,0.9656115,0.92283625,12.0702107,-3.52895082,12.4420171,-2.83822328,15.2802404,R013,P00056,S112,S222,2,R028,P22552,S111,S211,24
-1.95,-3.35,0,0.9156115,0.9156115,12.7932621,-2.68377588,13.1650685,-1.99304834,15.1581169,R013,P00056,S000,S000,2,R028,P22552,S111,S211,24
-1.9,-3.35,0,0.8656115,0.8656115,12.7932621,-1.83860094,13.1650685,-1.14787339,14.3129419,R013,P00056,S000,S000,2,R028,P22552,S111,S211,24
-1.85,-3.35,0,0.8156115,0.8156115,12.7932621,-0.993425994,13.1650685,-0.30269845,13.467767,R013,P00056,S000,S000,2,R028,P22552,S111,S211,24
-1.8,-3.35,0,0.7656115,0.7656115,12.7932621,-0.148251051,13.1650685,0.542476493,12.622592,R013,P00056,S000,S000,2,R028,P22552,S111,S211,24
-1.75,-3.35,0,0.7156115,0.7156115,12.7932621,0.696923892,13.1650685,1.38765144,11.7774171,R013,P00056,S000,S000,2,R028,P22552,S111,S211,24
-1.7,-3.35,0,0.6656115,0.6656115,12.7932621,1.54209883,13.1650685,2.23282638,10.9322421,R013,P00056,S000,S000,2,R028,P22552,S111,S211,24
-1.65,-3.35,0,0.6156115,0.6156115,12.7932621,2.38727378,13.1650685,3.07800132,10.0870672,R013,P00056,S000,S000,2,R028,P22552,S111,S211,24
-1.6,-3.35,0,0.5656115,0.5656115,12.7932621,3.23244872,13.1650685,3.92317626,9.24189226,R013,P00056,S000,S000,2,R028,P22552,S111,S211,24
-1.55,-3.35,0,0.5156115,0.5156115,12.7932621,4.07762366,13.1650685,4.76835121,8.39671732,R013,P00056,S000,S000,2,R028,P22552,S111,S211,24
-1.5,-3.35,0,0.4656115,0.4656115,12.7932621,4.92279861,13.1650685,5.61352615,7.55154237,R013,P00056,S000,S000,2,R028,P22552,S111,S211,24
-1.45,-3.35,0,0.4156115,0.4156115,12.7932621,5.76797355,13.1650685,6.45870109,6.70636743,R013,P00056,S000,S000,2,R028,P22552,S111,S211,24
-1.4,-3.35,0,0.3656115,0.3656115,12.7932621,6.61314849,13.1650685,7.30387604,5.86119249,R013,P00056,S000,S000,2,R028,P22552,S111,S211,24
-1.35,-3.35,0,0.3156115,0.3156115,12.7932621,7.45832344,13.1650685,8.14905098,5.01601755,R013,P00056,S000,S000,2,R028,P22552,S111,S211,24
-1.3,-3.35,0,0.2656115,0.2656115,12.7932621,8.30349838,13.1650685,8.99422592,4.1708426,R013,P00056,S000,S000,2,R028,P22552,S111,S211,24
-1.25,-3.35,0,0.2156115,0.2156115,12.7932621,9.14867332,13.1650685,9.83940087,3.32566766,R013,P00056,S000,S000,2,R028,P22552,S111,S211,24
-1.2,-3.35,0,0.1656115,0.1656115,12.7932621,9.99384827,13.1650685,10.6845758,2.48049272,R013,P00056,S000,S000,2,R028,P22552,S111,S211,24
-1.15,-3.35,0,0.1156115,0.1156115,12.7932621,10.8390232,13.1650685,11.5297508,1.63531777,R013,P00056,S000,S000,2,R028,P22552,S111,S211,24
-1.1,-3.35,0,0.0656115,0.0656115,12.7932621,11.6841982,13.1650685,12.3749257,0.79014283,R013,P00056,S000,S000,2,R028,P22552,S111,S211,24
-1.05,-3.35,0,0.0156115,0.0156115,12.7932621,12.5293731,13.1650685,13.2201006,-0.0550321129,R013,P00056,S000,S000,2,R028,P22552,S111,S211,24
-1,-3.35,0,0,0,12.7932621,12.7932621,13.1650685,13.4839896,-0.318921085,R010,P00053,S000,S000,8,R028,P22552,S000,S000,24
-0.95,-3.35,0,0,0,12.7932621,12.7932621,13.1650685,13.4839896,-0.318921085,R001,P00001,S000,S000,27,R028,P22552,S000,S000,56
-0.9,-3.35,0,0,0,12.7932621,12.7932621,13.1650685,13.4839896,-0.318921085,R001,P00001,S000,S000,39,R028,P22552,S000,S000,56
-0.85,-3.35,0,0,0,12.7932621,12.7932621,13.1650685,13.4839896,-0.318921085,R001,P00001,S000,S000,39,R028,P22552,S000,S000,56
-0.8,-3.35,0,0,0,12.7932621,12.7932621,13.1650685,13.4839896,-0.318921085,R001,P00001,S000,S000,39,R027,P22549,S000,S000,80
-0.75,-3.35,0,0,0,12.7932621,12.7932621,13.1650685,13.4839896,-0.318921085,R001,P00001,S000,S000,39,R027,P22549,S000,S000,80
-0.7,-3.35,0,0,0,12.7932621,12.7932621,13.1650685,13.4839896,-0.318921085,R001,P00001,S000,S000,49,R027,P22549,S000,S000,80
-0.65,-3.35,0,0,0,12.7932621,12.7932621,13.1650685,13.4839896,-0.318921085,R001,P00001,S000,S000,49,R012,P04429,S000,S000,140
-0.6,-3.35,0,0,0,12.7932621,12.7932621,13.1650685,13.4839896,-0.318921085,R001,P00001,S000,S000,68,R012,P04429,S000,S000,140
-0.55,-3.35,0,0,0,12.7932621,12.7932621,13.1650685,13.4839896,-0.318921085,R001,P00001,S000,S000,68,R012,P04429,S000,S000,140
-0.5,-3.35,0,0,0,12.7932621,12.7932621,13.1650685,13.4839896,-0.318921085,R001,P00001,S000,S000,68,R012,P04429,S000,S000,140
-0.45,-3.35,0,0,0,12.7932621,12.7932621,13.1650685,13.4839896,-0.318921085,R001,P00001,S000,S000,68,R012,P04429,S000,S000,182
-0.4,-3.35,0,0,0,12.7932621,12.7932621,13.1650685,13.4839896,-0.318921085,R001,P00001,S000,S000,68,R012,P04429,S000,S000,182
-0.35,-3.35,0,0,0,12.7932621,12.7932621,13.1650685,13.4839896,-0.318921085,R001,P00001,S000,S000,68,R012,P04429,S000,S000,182
-0.3,-3.35,0,0,0,12.7932621,12.7932621,13.1650685,13.4839896,-0.318921085,R001,P00001,S000,S000,68,R010,P03778,S000,S000,520
-0.25,-3.35,0,0,0,12.7932621,12.7932621,13.1650685,13.4839896,-0.318921085,R001,P00001,S000,S000,68,R010,P03778,S000,S000,520
-0.2,-3.35,0,0,0,12.7932621,12.7932621,13.1650685,13.4839896,-0.318921085,R001,P00001,S000,S000,69,R010,P03778,S000,S000,520
-0.15,-3.35,0,0,0,12.7932621,12.7932621,13.1650685,13.4839896,-0.318921085,R001,P00001,S000,S000,79,R010,P03778,S000,S000,520
-0.1,-3.35,0,0,0,12.7932621,12.7932621,13.1650685,13.4839896,-0.318921085,R001,P00001,S000,S000,79,R010,P03778,S000,S000,560
-0.05,-3.35,0,0,0,12.7932621,12.7932621,13.1650685,13.4839896,-0.318921085,R001,P00001,S000,S000,79,R010,P03778,S000,S000,700
0,-3.35,0,0,0,12.7932621,12.7932621,13.1650685,13.4839896,-0.318921085,R001,P00001,S000,S000,79,R010,P03778,S000,S000,700
-4,-3.3,1.70761694,3.56286994,1.855253,-16.0714389,-47.4317059,-15.6996324,-46.7409783,31.0413459,R017,P00065,S001,S222,1,R061,P68636,S111,S533,1
-3.95,-3.3,1.60761694,3.36286994,1.755253,-14.381089,-44.0510061,-14.0092826,-43.3602785,29.350996,R017,P00065,S001,S222,1,R061,P68636,S111,S533,1
-3.9,-3.3,1.50761694,3.16286994,1.655253,-12.6907391,-40.6703063,-12.3189327,-39.9795788,27.6606461,R017,P00065,S001,S222,1,R061,P68636,S111,S533,1
-3.85,-3.3,1.40761694,2.96286994,1.555253,-11.0003892,-37.2896065,-10.6285828,-36.598879,25.9702962,R017,P00065,S001,S222,1,R061,P68636,S111,S533,1
-3.8,-3.3,1.30761694,2.8360715,1.52845456,-9.31003935,-35.1462693,-8.9382329,-34.4555418,25.5173089,R017,P00065,S001,S222,1,R061,P68636,S433,S533,1
-3.75,-3.3,1.28539822,2.7860715,1.50067328,-8.93446526,-34.3010944,-8.56265881,-33.6103668,25.047708,R017,P00065,S221,S222,1,R061,P68636,S433,S533,1
-3.7,-3.3,1.28539822,2.7360715,1.45067328,-8.93446526,-33.4559194,-8.56265881,-32.7651919,24.2025331,R017,P00065,S221,S222,2,R061,P68636,S433,S533,1
-3.65,-3.3,1.28539822,2.6860715,1.40067328,-8.93446526,-32.6107445,-8.56265881,-31.9200169,23.3573581,R017,P00065,S221,S222,2,R061,P68636,S433,S533,1
-3.6,-3.3,1.28539822,2.6360715,1.35067328,-8.93446526,-31.7655695,-8.56265881,-31.074842,22.5121832,R017,P00065,S221,S222,2,R061,P68636,S433,S533,1
-3.55,-3.3,1.28539822,2.5860715,1.30067328,-8.93446526,-30.9203946,-8.56265881,-30.229667,21.6670082,R017,P00065,S221,S222,2,R061,P68636,S433,S533,1
-3.5,-3.3,1.28539822,2.5360715,1.25067328,-8.93446526,-30.0752196,-8.56265881,-29.3844921,20.8218333,R017,P00065,S221,S222,2,R061,P68636,S433,S533,1
-3.45,-3.3,1.28539822,2.4860715,1.20067328,-8.93446526,-29.2300447,-8.56265881,-28.5393172,19.9766584,R017,P00065,S221,S222,3,R061,P68636,S433,S533,1
-3.4,-3.3,1.28539822,2.4360715,1.15067328,-8.93446526,-28.3848698,-8.56265881,-27.6941422,19.1314834,R017,P00065,S221,S222,3,R061,P68636,S433,S533,1
-3.35,-3.3,1.28539822,2.31933647,1.03393825,-8.93446526,-26.4116393,-8.56265881,-25.7209118,17.1582529,R017,P00065,S221,S222,3,R057,P68487,S544,S211,3
-3.3,-3.3,1.28539822,2.2656115,0.980213281,-8.93446526,-25.5034993,-8.56265881,-24.8127718,16.250113,R017,P00065,S221,S222,3,R056,P68478,S111,S211,5
-3.25,-3.3,1.28539822,2.2156115,0.930213281,-8.93446526,-24.6583244,-8.56265881,-23.9675969,15.4049381,R017,P00065,S221,S222,3,R056,P68478,S111,S211,5
-3.2,-3.3,1.28539822,2.1656115,0.880213281,-8.93446526,-23.8131495,-8.56265881,-23.1224219,14.5597631,R017,P00065,S221,S222,3,R056,P68478,S111,S211,5
-3.15,-3.3,1.24277525,2.1156115,0.87283625,-8.21398796,-22.9679745,-7.8421815,-22.277247,14.4350655,R013,P00056,S112,S222,2,R056,P68478,S111,S211,5
-3.1,-3.3,1.19277525,2.0656115,0.87283625,-7.36881301,-22.1227996,-6.99700655,-21.432072,14.4350655,R013,P00056,S112,S222,2,R056,P68478,S111,S211,5
-3.05,-3.3,1.14277525,2.0156115,0.87283625,-6.52363807,-21.2776246,-6.15183161,-20.5868971,14.4350655,R013,P00056,S112,S222,2,R054,P68422,S111,S211,12
-3,-3.3,1.09277525,1.9656115,0.87283625,-5.67846313,-20.4324497,-5.30665667,-19.7417221,14.4350655,R013,P00056,S112,S222,2,R054,P68422,S111,S211,12
-2.95,-3.3,1.04277525,1.9156115,0.87283625,-4.83328818,-19.5872747,-4.46148172,-18.8965472,14.4350655,R013,P00056,S112,S222,2,R054,P68422,S111,S211,12
-2.9,-3.3,0.99277525,1.8656115,0.87283625,-3.98811324,-18.7420998,-3.61630678,-18.0513723,14.4350655,R013,P00056,S112,S222,2,R054,P68422,S111,S211,12
-2.85,-3.3,0.94277525,1.8156115,0.87283625,-3.1429383,-17.8969249,-2.77113184,-17.2061973,14.4350655,R013,P00056,S112,S222,2,R054,P68422,S111,S211,12
-2.8,-3.3,0.89277525,1.7656115,0.87283625,-2.29776335,-17.0517499,-1.9259569,-16.3610224,14.4350655,R013,P00056,S112,S222,2,R054,P68422,S111,S211,12
-2.75,-3.3,0.84277525,1.7156115,0.87283625,-1.45258841,-16.206575,-1.08078195,-15.5158474,14.4350655,R013,P00056,S112,S222,2,R054,P68422,S111,S211,12
-2.7,-3.3,0.79277525,1.6656115,0.87283625,-0.607413468,-15.3614,-0.23560701,-14.6706725,14.4350655,R013,P00056,S112,S222,2,R054,P68422,S111,S211,12
-2.65,-3.3,0.74277525,1.6156115,0.87283625,0.237761475,-14.5162251,0.609567933,-13.8254975,14.4350655,R013,P00056,S112,S222,2,R054,P68422,S111,S211,12
-2.6,-3.3,0.69277525,1.5656115,0.87283625,1.08293642,-13.6710501,1.45474288,-12.9803226,14.4350655,R013,P00056,S112,S222,2,R054,P68422,S111,S211,12
-2.55,-3.3,0.64277525,1.5156115,0.87283625,1.92811136,-12.8258752,2.29991782,-12.1351477,14.4350655,R013,P00056,S112,S222,2,R054,P68422,S111,S211,12
-2.5,-3.3,0.59277525,1.4656115,0.87283625,2.7732863,-11.9807003,3.14509276,-11.2899727,14.4350655,R013,P00056,S112,S222,2,R054,P68422,S111,S211,12
-2.45,-3.3,0.54277525,1.4156115,0.87283625,3.61846125,-11.1355253,3.99026771,-10.4447978,14.4350655,R013,P00056,S112,S222,2,R054,P68422,S111,S211,12
-2.4,-3.3,0.49277525,1.3656115,0.87283625,4.46363619,-10.2903504,4.83544265,-9.59962282,14.4350655,R013,P00056,S112,S222,2,R054,P68422,S111,S211,12
-2.35,-3.3,0.44277525,1.3156115,0.87283625,5.30881113,-9.44517542,5.68061759,-8.75444788,14.4350655,R013,P00056,S112,S222,2,R054,P68422,S111,S211,12
-2.3,-3.3,0.39277525,1.2656115,0.87283625,6.15398608,-8.60000048,6.52579253,-7.90927294,14.4350655,R013,P00056,S112,S222,2,R054,P68422,S111,S211,12
-2.25,-3.3,0.34277525,1.2156115,0.87283625,6.99916102,-7.75482554,7.37096748,-7.06409799,14.4350655,R013,P00056,S112,S222,2,R028,P22552,S111,S211,24
-2.2,-3.3,0.29277525,1.1656115,0.87283625,7.84433596,-6.9096506,8.21614242,-6.21892305,14.4350655,R013,P00056,S112,S222,2,R028,P22552,S111,S211,24
-2.15,-3.3,0.24277525,1.1156115,0.87283625,8.68951091,-6.06447565,9.06131736,-5.37374811,14.4350655,R013,P00056,S112,S222,2,R028,P22552,S111,S211,24
-2.1,-3.3,0.19277525,1.0656115,0.87283625,9.53468585,-5.21930071,9.90649231,-4.52857317,14.4350655,R013,P00056,S112,S222,2,R028,P22552,S111,S211,24
-2.05,-3.3,0.14277525,1.0156115,0.87283625,10.3798608,-4.37412577,10.7516672,-3.68339822,14.4350655,R013,P00056,S112,S222,2,R028,P22552,S111,S211,24
-2,-3.3,0.09277525,0.9656115,0.87283625,11.2250357,-3.52895082,11.5968422,-2.83822328,14.4350655,R013,P00056,S112,S222,2,R028,P22552,S111,S211,24
-1.95,-3.3,0.04277525,0.9156115,0.87283625,12.0702107,-2.68377588,12.4420171,-1.99304834,14.4350655,R013,P00056,S112,S222,2,R028,P22552,S111,S211,24
-1.9,-3.3,0,0.8656115,0.8656115,12.7932621,-1.83860094,13.1650685,-1.14787339,14.3129419,R013,P00056,S000,S000,2,R028,P22552,S111,S211,24
-1.85,-3.3,0,0.8156115,0.8156115,12.7932621,-0.993425994,13.1650685,-0.30269845,13.467767,R013,P00056,S000,S000,2,R028,P22552,S111,S211,24
-1.8,-3.3,0,0.7656115,0.7656115,12.7932621,-0.148251051,13.1650685,0.542476493,12.622592,R013,P00056,S000,S000,2,R028,P22552,S111,S211,24
-1.75,-3.3,0,0.7156115,0.7156115,12.7932621,0.696923892,13.1650685,1.38765144,11.7774171,R013,P00056,S000,S000,2,R028,P22552,S111,S211,24
-1.7,-3.3,0,0.6656115,0.6656115,12.7932621,1.54209883,13.1650685,2.23282638,10.9322421,R013,P00056,S000,S000,2,R028,P22552,S111,S211,24
-1.65,-3.3,0,0.6156115,0.6156115,12.7932621,2.38727378,13.1650685,3.07800132,10.0870672,R013,P00056,S000,S000,2,R028,P22552,S111,S211,24
-1.6,-3.3,0,0.5656115,0.5656115,12.7932621,3.23244872,13.1650685,3.92317626,9.24189226,R013,P00056,S000,S000,2,R028,P22552,S111,S211,24
-1.55,-3.3,0,0.5156115,0.5156115,12.7932621,4.07762366,13.1650685,4.76835121,8.39671732,R013,P00056,S000,S000,2,R028,P22552,S111,S211,24
-1.5,-3.3,0,0.4656115,0.4656115,12.7932621,4.92279861,13.1650685,5.61352615,7.55154237,R013,P00056,S000,S000,2,R028,P22552,S111,S211,24
-1.45,-3.3,0,0.4156115,0.4156115,12.7932621,5.76797355,13.1650685,6.45870109,6.70636743,R013,P00056,S000,S000,2,R028,P22552,S111,S211,24
-1.4,-3.3,0,0.3656115,0.3656115,12.7932621,6.61314849,13.1650685,7.30387604,5.86119249,R013,P00056,S000,S000,2,R028,P22552,S111,S211,24
-1.35,-3.3,0,0.3156115,0.3156115,12.7932621,7.45832344,13.1650685,8.14905098,5.01601755,R013,P00056,S000,S000,2,R028,P22552,S111,S211,24
-1.3,-3.3,0,0.2656115,0.2656115,12.7932621,8.30349838,13.1650685,8.99422592,4.1708426,R013,P00056,S000,S000,2,R028,P22552,S111,S211,24
-1.25,-3.3,0,0.2156115,0.2156115,12.7932621,9.14867332,13.1650685,9.83940087,3.32566766,R013,P00056,S000,S000,2,R028,P22552,S111,S211,24
-1.2,-3.3,0,0.1656115,0.1656115,12.7932621,9.99384827,13.1650685,10.6845758,2.48049272,R013,P00056,S000,S000,2,R028,P22552,S111,S211,24
-1.15,-3.3,0,0.1156115,0.1156115,12.7932621,10.8390232,13.1650685,11.5297508,1.63531777,R013,P00056,S000,S000,2,R028,P22552,S111,S211,24
-1.1,-3.3,0,0.0656115,0.0656115,12.7932621,11.6841982,13.1650685,12.3749257,0.79014283,R013,P00056,S000,S000,2,R028,P22552,S111,S211,24
-1.05,-3.3,0,0.0156115,0.0156115,12.7932621,12.5293731,13.1650685,13.2201006,-0.0550321129,R013,P00056,S000,S000,2,R028,P22552,S111,S211,24
-1,-3.3,0,0,0,12.7932621,12.7932621,13.1650685,13.4839896,-0.318921085,R010,P00053,S000,S000,8,R028,P22552,S000,S000,24
-0.95,-3.3,0,0,0,12.7932621,12.7932621,13.1650685,13.4839896,-0.318921085,R001,P00001,S000,S000,27,R028,P22552,S000,S000,56
-0.9,-3.3,0,0,0,12.7932621,12.7932621,13.1650685,13.4839896,-0.318921085,R001,P00001,S000,S000,39,R028,P22552,S000,S000,56
-0.85,-3.3,0,0,0,12.7932621,12.7932621,13.1650685,13.4839896,-0.318921085,R001,P00001,S000,S000,39,R028,P22552,S000,S000,56
-0.8,-3.3,0,0,0,12.7932621,12.7932621,13.1650685,13.4839896,-0.318921085,R001,P00001,S000,S000,39,R027,P22549,S000,S000,80
-0.75,-3.3,0,0,0,12.7932621,12.7932621,13.1650685,13.4839896,-0.318921085,R001,P00001,S000,S000,39,R027,P22549,S000,S000,80
-0.7,-3.3,0,0,0,12.7932621,12.7932621,13.1650685,13.4839896,-0.318921085,R001,P00001,S000,S000,49,R027,P22549,S000,S000,80
-0.65,-3.3,0,0,0,12.7932621,12.7932621,13.1650685,13.4839896,-0.318921085,R001,P00001,S000,S000,49,R012,P04429,S000,S000,140
-0.6,-3.3,0,0,0,12.7932621,12.7932621,13.1650685,13.4839896,-0.318921085,R001,P00001,S000,S000,68,R012,P04429,S000,S000,140
-0.55,-3.3,0,0,0,12.7932621,12.7932621,13.1650685,13.4839896,-0.318921085,R001,P00001,S000,S000,68,R012,P04429,S000,S000,140
-0.5,-3.3,0,0,0,12.7932621,12.7932621,13.1650685,13.4839896,-0.318921085,R001,P00001,S000,S000,68,R012,P04429,S000,S000,140
-0.45,-3.3,0,0,0,12.7932621,12.7932621,13.1650685,13.4839896,-0.318921085,R001,P00001,S000,S000,68,R012,P04429,S000,S000,182
-0.4,-3.3,0,0,0,12.7932621,12.7932621,13.1650685,13.4839896,-0.318921085,R001,P00001,S000,S000,68,R012,P04429,S000,S000,182
-0.35,-3.3,0,0,0,12.7932621,12.7932621,13.1650685,13.4839896,-0.318921085,R001,P00001,S000,S000,68,R012,P04429,S000,S000,182
-0.3,-3.3,0,0,0,12.7932621,12.7932621,13.1650685,13.4839896,-0.318921085,R001,P00001,S000,S000,68,R010,P03778,S000,S000,520
-0.25,-3.3,0,0,0,12.7932621,12.7932621,13.1650685,13.4839896,-0.318921085,R001,P00001,S000,S000,68,R010,P03778,S000,S000,520
-0.2,-3.3,0,0,0,12.7932621,12.7932621,13.1650685,13.4839896,-0.318921085,R001,P00001,S000,S000,69,R010,P03778,S000,S000,520
-0.15,-3.3,0,0,0,12.7932621,12.7932621,13.1650685,13.4839896,-0.318921085,R001,P00001,S000,S000,79,R010,P03778,S000,S000,520
-0.1,-3.3,0,0,0,12.7932621,12.7932621,13.1650685,13.4839896,-0.318921085,R001,P00001,S000,S000,79,R010,P03778,S000,S000,560
-0.05,-3.3,0,0,0,12.7932621,12.7932621,13.1650685,13.4839896,-0.318921085,R001,P00001,S000,S000,79,R010,P03778,S000,S000,700
0,-3.3,0,0,0,12.7932621,12.7932621,13.1650685,13.4839896,-0.318921085,R001,P00001,S000,S000,79,R010,P03778,S000,S000,700
-4,-3.25,1.83261694,3.71286994,1.880253,-18.1843763,-49.9672307,-17.8125698,-49.2765031,31.4639333,R017,P00065,S001,S222,1,R061,P68636,S111,S533,1
-3.95,-3.25,1.73261694,3.51286994,1.780253,-16.4940264,-46.5865309,-16.1222199,-45.8958034,29.7735835,R017,P00065,S001,S222,1,R061,P68636,S111,S533,1
-3.9,-3.25,1.63261694,3.31286994,1.680253,-14.8036765,-43.2058311,-14.43187,-42.5151036,28.0832336,R017,P00065,S001,S222,1,R061,P68636,S111,S533,1
-3.85,-3.25,1.53261694,3.11286994,1.580253,-13.1133266,-39.8251314,-12.7415201,-39.1344038,26.3928837,R017,P00065,S001,S222,1,R061,P68636,S111,S533,1
-3.8,-3.25,1.43261694,2.91286994,1.480253,-11.4229767,-36.4444316,-11.0511703,-35.7537041,24.7025338,R017,P00065,S001,S222,1,R061,P68636,S111,S533,1
-3.75,-3.25,1.33261694,2.7860715,1.45345456,-9.73262683,-34.3010944,-9.36082037,-33.6103668,24.2495464,R017,P00065,S001,S222,1,R061,P68636,S433,S533,1
-3.7,-3.25,1.31039822,2.7360715,1.42567328,-9.35705274,-33.4559194,-8.98524628,-32.7651919,23.7799456,R017,P00065,S221,S222,1,R061,P68636,S433,S533,1
-3.65,-3.25,1.31039822,2.6860715,1.37567328,-9.35705274,-32.6107445,-8.98524628,-31.9200169,22.9347707,R017,P00065,S221,S222,2,R061,P68636,S433,S533,1
-3.6,-3.25,1.31039822,2.6360715,1.32567328,-9.35705274,-31.7655695,-8.98524628,-31.074842,22.0895957,R017,P00065,S221,S222,2,R061,P68636,S433,S533,1
-3.55,-3.25,1.31039822,2.5860715,1.27567328,-9.35705274,-30.9203946,-8.98524628,-30.229667,21.2444208,R017,P00065,S221,S222,2,R061,P68636,S433,S533,1
-3.5,-3.25,1.31039822,2.5360715,1.22567328,-9.35705274,-30.0752196,-8.98524628,-29.3844921,20.3992458,R017,P00065,S221,S222,2,R061,P68636,S433,S533,1
-3.45,-3.25,1.31039822,2.4860715,1.17567328,-9.35705274,-29.2300447,-8.98524628,-28.5393172,19.5540709,R017,P00065,S221,S222,2,R061,P68636,S433,S533,1
-3.4,-3.25,1.31039822,2.4360715,1.12567328,-9.35705274,-28.3848698,-8.98524628,-27.6941422,18.7088959,R017,P00065,S221,S222,3,R061,P68636,S433,S533,1
-3.35,-3.25,1.31039822,2.3860715,1.07567328,-9.35705274,-27.5396948,-8.98524628,-26.8489673,17.863721,R017,P00065,S221,S222,3,R061,P68636,S433,S533,1
-3.3,-3.25,1.31039822,2.2656115,0.955213281,-9.35705274,-25.5034993,-8.98524628,-24.8127718,15.8275255,R017,P00065,S221,S222,3,R056,P68478,S111,S211,5
-3.25,-3.25,1.31039822,2.2156115,0.905213281,-9.35705274,-24.6583244,-8.98524628,-23.9675969,14.9823506,R017,P00065,S221,S222,3,R056,P68478,S111,S211,5
-3.2,-3.25,1.31039822,2.1656115,0.855213281,-9.35705274,-23.8131495,-8.98524628,-23.1224219,14.1371756,R017,P00065,S221,S222,3,R056,P68478,S111,S211,5
-3.15,-3.25,1.29277525,2.1156115,0.82283625,-9.0591629,-22.9679745,-8.68735644,-22.277247,13.5898905,R013,P00056,S112,S222,2,R056,P68478,S111,S211,5
-3.1,-3.25,1.24277525,2.0656115,0.82283625,-8.21398796,-22.1227996,-7.8421815,-21.432072,13.5898905,R013,P00056,S112,S222,2,R056,P68478,S111,S211,5
-3.05,-3.25,1.19277525,2.0156115,0.82283625,-7.36881301,-21.2776246,-6.99700655,-20.5868971,13.5898905,R013,P00056,S112,S222,2,R056,P68478,S111,S211,5
-3,-3.25,1.14277525,1.9656115,0.82283625,-6.52363807,-20.4324497,-6.15183161,-19.7417221,13.5898905,R013,P00056,S112,S222,2,R054,P68422,S111,S211,12
-2.95,-3.25,1.09277525,1.9156115,0.82283625,-5.67846313,-19.5872747,-5.30665667,-18.8965472,13.5898905,R013,P00056,S112,S222,2,R054,P68422,S111,S211,12
-2.9,-3.25,1.04277525,1.8656115,0.82283625,-4.83328818,-18.7420998,-4.46148172,-18.0513723,13.5898905,R013,P00056,S112,S222,2,R054,P68422,S111,S211,12
-2.85,-3.25,0.99277525,1.8156115,0.82283625,-3.98811324,-17.8969249,-3.61630678,-17.2061973,13.5898905,R013,P00056,S112,S222,2,R054,P68422,S111,S211,12
-2.8,-3.25,0.94277525,1.7656115,0.82283625,-3.1429383,-17.0517499,-2.77113184,-16.3610224,13.5898905,R013,P00056,S112,S222,2,R054,P68422,S111,S211,12
-2.75,-3.25,0.89277525,1.7156115,0.82283625,-2.29776335,-16.206575,-1.9259569,-15.5158474,13.5898905,R013,P00056,S112,S222,2,R054,P68422,S111,S211,12
-2.7,-3.25,0.84277525,1.6656115,0.82283625,-1.45258841,-15.3614,-1.08078195,-14.6706725,13.5898905,R013,P00056,S112,S222,2,R054,P68422,S111,S211,12
-2.65,-3.25,0.79277525,1.6156115,0.82283625,-0.607413468,-14.5162251,-0.23560701,-13.8254975,13.5898905,R013,P00056,S112,S222,2,R054,P68422,S111,S211,12
-2.6,-3.25,0.74277525,1.5656115,0.82283625,0.237761475,-13.6710501,0.609567933,-12.9803226,13.5898905,R013,P00056,S112,S222,2,R054,P68422,S111,S211,12
-2.55,-3.25,0.69277525,1.5156115,0.82283625,1.08293642,-12.8258752,1.45474288,-12.1351477,13.5898905,R013,P00056,S112,S222,2,R054,P68422,S111,S211,12
-2.5,-3.25,0.64277525,1.4656115,0.82283625,1.92811136,-11.9807003,2.29991782,-11.2899727,13.5898905,R013,P00056,S112,S222,2,R054,P68422,S111,S211,12
-2.45,-3.25,0.59277525,1.4156115,0.82283625,2.7732863,-11.1355253,3.14509276,-10.4447978,13.5898905,R013,P00056,S112,S222,2,R054,P68422,S111,S211,12
-2.4,-3.25,0.54277525,1.3656115,0.82283625,3.61846125,-10.2903504,3.99026771,-9.59962282,13.5898905,R013,P00056,S112,S222,2,R054,P68422,S111,S211,12
-2.35,-3.25,0.49277525,1.3156115,0.82283625,4.46363619,-9.44517542,4.83544265,-8.75444788,13.5898905,R013,P00056,S112,S222,2,R054,P68422,S111,S211,12
-2.3,-3.25,0.44277525,1.2656115,0.82283625,5.30881113,-8.60000048,5.68061759,-7.90927294,13.5898905,R013,P00056,S112,S222,2,R054,P68422,S111,S211,12
-2.25,-3.25,0.39277525,1.2156115,0.82283625,6.15398608,-7.75482554,6.52579253,-7.06409799,13.5898905,R013,P00056,S112,S222,2,R054,P68422,S111,S211,12
-2.2,-3.25,0.34277525,1.1656115,0.82283625,6.99916102,-6.9096506,7.37096748,-6.21892305,13.5898905,R013,P00056,S112,S222,2,R028,P22552,S111,S211,24
-2.15,-3.25,0.29277525,1.1156115,0.82283625,7.84433596,-6.06447565,8.21614242,-5.37374811,13.5898905,R013,P00056,S112,S222,2,R028,P22552,S111,S211,24
-2.1,-3.25,0.24277525,1.0656115,0.82283625,8.68951091,-5.21930071,9.06131736,-4.52857317,13.5898905,R013,P00056,S112,S222,2,R028,P22552,S111,S211,24
-2.05,-3.25,0.19277525,1.0156115,0.82283625,9.53468585,-4.37412577,9.90649231,-3.68339822,13.5898905,R013,P00056,S112,S222,2,R028,P22552,S111,S211,24
-2,-3.25,0.14277525,0.9656115,0.82283625,10.3798608,-3.52895082,10.7516672,-2.83822328,13.5898905,R013,P00056,S112,S222,2,R028,P22552,S111,S211,24
-1.95,-3.25,0.09277525,0.9156115,0.82283625,11.2250357,-2.68377588,11.5968422,-1.99304834,13.5898905,R013,P00056,S112,S222,2,R028,P22552,S111,S211,24
-1.9,-3.25,0.04277525,0.8656115,0.82283625,12.0702107,-1.83860094,12.4420171,-1.14787339,13.5898905,R013,P00056,S112,S222,2,R028,P22552,S111,S211,24
-1.85,-3.25,0,0.8156115,0.8156115,12.7932621,-0.993425994,13.1650685,-0.30269845,13.467767,R013,P00056,S000,S000,2,R028,P22552,S111,S211,24
-1.8,-3.25,0,0.7656115,0.7656115,12.7932621,-0.148251051,13.1650685,0.542476493,12.622592,R013,P00056,S000,S000,2,R028,P22552,S111,S211,24
-1.75,-3.25,0,0.7156115,0.7156115,12.7932621,0.696923892,13.1650685,1.38765144,11.7774171,R013,P00056,S000,S000,2,R028,P22552,S111,S211,24
-1.7,-3.25,0,0.6656115,0.6656115,12.7932621,1.54209883,13.1650685,2.23282638,10.9322421,R013,P00056,S000,S000,2,R028,P22552,S111,S211,24
-1.65,-3.25,0,0.6156115,0.6156115,12.7932621,2.38727378,13.1650685,3.07800132,10.0870672,R013,P00056,S000,S000,2,R028,P22552,S111,S211,24
-1.6,-3.25,0,0.5656115,0.5656115,12.7932621,3.23244872,13.1650685,3.92317626,9.24189226,R013,P00056,S000,S000,2,R028,P22552,S111,S211,24
-1.55,-3.25,0,0.5156115,0.5156115,12.7932621,4.07762366,13.1650685,4.76835121,8.39671732,R013,P00056,S000,S000,2,R028,P22552,S111,S211,24
-1.5,-3.25,0,0.4656115,0.4656115,12.7932621,4.92279861,13.1650685,5.61352615,7.55154237,R013,P00056,S000,S000,2,R028,P22552,S111,S211,24
-1.45,-3.25,0,0.4156115,0.4156115,12.7932621,5.76797355,13.1650685,6.45870109,6.70636743,R013,P00056,S000,S000,2,R028,P22552,S111,S211,24
-1.4,-3.25,0,0.3656115,0.3656115,12.7932621,6.61314849,13.1650685,7.30387604,5.86119249,R013,P00056,S000,S000,2,R028,P22552,S111,S211,24
-1.35,-3.25,0,0.3156115,0.3156115,12.7932621,7.45832344,13.1650685,8.14905098,5.01601755,R013,P00056,S000,S000,2,R028,P22552,S111,S211,24
-1.3,-3.25,0,0.2656115,0.2656115,12.7932621,8.30349838,13.1650685,8.99422592,4.1708426,R013,P00056,S000,S000,2,R028,P22552,S111,S211,24
-1.25,-3.25,0,0.2156115,0.2156115,12.7932621,9.14867332,13.1650685,9.83940087,3.32566766,R013,P00056,S000,S000,2,R028,P22552,S111,S211,24
-1.2,-3.25,0,0.1656115,0.1656115,12.7932621,9.99384827,13.1650685,10.6845758,2.48049272,R013,P00056,S000,S000,2,R028,P22552,S111,S211,24
-1.15,-3.25,0,0.1156115,0.1156115,12.7932621,10.8390232,13.1650685,11.5297508,1.63531777,R013,P00056,S000,S000,2,R028,P22552,S111,S211,24
-1.1,-3.25,0,0.0656115,0.0656115,12.7932621,11.6841982,13.1650685,12.3749257,0.79014283,R013,P00056,S000,S000,2,R028,P22552,S111,S211,24
-1.05,-3.25,0,0.0156115,0.0156115,12.7932621,12.5293731,13.1650685,13.2201006,-0.0550321129,R013,P00056,S000,S000,2,R028,P22552,S111,S211,24
-1,-3.25,0,0,0,12.7932621,12.7932621,13.1650685,13.4839896,-0.318921085,R010,P00053,S000,S000,8,R028,P22552,S000,S000,24
-0.95,-3.25,0,0,0,12.7932621,12.7932621,13.1650685,13.4839896,-0.318921085,R001,P00001,S000,S000,27,R028,P22552,S000,S000,56
-0.9,-3.25,0,0,0,12.7932621,12.7932621,13.1650685,13.4839896,-0.318921085,R001,P00001,S000,S000,39,R028,P22552,S000,S000,56
-0.85,-3.25,0,0,0,12.7932621,12.7932621,13.1650685,13.4839896,-0.318921085,R001,P00001,S000,S000,39,R028,P22552,S000,S000,56
-0.8,-3.25,0,0,0,12.7932621,12.7932621,13.1650685,13.4839896,-0.318921085,R001,P00001,S000,S000,39,R027,P22549,S000,S000,80
-0.75,-3.25,0,0,0,12.7932621,12.7932621,13.1650685,13.4839896,-0.318921085,R001,P00001,S000,S000,39,R027,P22549,S000,S000,80
-0.7,-3.25,0,0,0,12.7932621,12.7932621,13.1650685,13.4839896,-0.318921085,R001,P00001,S000,S000,49,R027,P22549,S000,S000,80
-0.65,-3.25,0,0,0,12.7932621,12.7932621,13.1650685,13.4839896,-0.318921085,R001,P00001,S000,S000,49,R012,P04429,S000,S000,140
-0.6,-3.25,0,0,0,12.7932621,12.7932621,13.1650685,13.4839896,-0.318921085,R001,P00001,S000,S000,68,R012,P04429,S000,S000,140
-0.55,-3.25,0,0,0,12.7932621,12.7932621,13.1650685,13.4839896,-0.318921085,R001,P00001,S000,S000,68,R012,P04429,S000,S000,140
-0.5,-3.25,0,0,0,12.7932621,12.7932621,13.1650685,13.4839896,-0.318921085,R001,P00001,S000,S000,68,R012,P04429,S000,S000,140
-0.45,-3.25,0,0,0,12.7932621,12.7932621,13.1650685,13.4839896,-0.318921085,R001,P00001,S000,S000,68,R012,P04429,S000,S000,182
-0.4,-3.25,0,0,0,12.7932621,12.7932621,13.1650685,13.4839896,-0.318921085,R001,P00001,S000,S000,68,R012,P04429,S000,S000,182
-0.35,-3.25,0,0,0,12.7932621,12.7932621,13.1650685,13.4839896,-0.318921085,R001,P00001,S000,S000,68,R012,P04429,S000,S000,182
-0.3,-3.25,0,0,0,12.7932621,12.7932621,13.1650685,13.4839896,-0.318921085,R001,P00001,S000,S000,68,R010,P03778,S000,S000,520
-0.25,-3.25,0,0,0,12.7932621,12.7932621,13.1650685,13.4839896,-0.318921085,R001,P00001,S000,S000,68,R010,P03778,S000,S000,520
-0.2,-3.25,0,0,0,12.7932621,12.7932621,13.1650685,13.4839896,-0.318921085,R001,P00001,S000,S000,69,R010,P03778,S000,S000,520
-0.15,-3.25,0,0,0,12.7932621,12.7932621,13.1650685,13.4839896,-0.318921085,R001,P00001,S000,S000,79,R010,P03778,S000,S000,520
-0.1,-3.25,0,0,0,12.7932621,12.7932621,13.1650685,13.4839896,-0.318921085,R001,P00001,S000,S000,79,R010,P03778,S000,S000,560
-0.05,-3.25,0,0,0,12.7932621,12.7932621,13.1650685,13.4839896,-0.318921085,R001,P00001,S000,S000,79,R010,P03778,S000,S000,700
0,-3.25,0,0,0,12.7932621,12.7932621,13.1650685,13.4839896,-0.318921085,R001,P00001,S000,S000,79,R010,P03778,S000,S000,700
-4,-3.2,1.95761694,3.86286994,1.905253,-20.2973136,-52.5027555,-19.9255072,-51.812028,31.8865208,R017,P00065,S001,S222,1,R061,P68636,S111,S533,1
-3.95,-3.2,1.85761694,3.66286994,1.805253,-18.6069637,-49.1220557,-18.2351573,-48.4313282,30.1961709,R017,P00065,S001,S222,1,R061,P68636,S111,S533,1
-3.9,-3.2,1.75761694,3.46286994,1.705253,-16.9166138,-45.741356,-16.5448074,-45.0506284,28.505821,R017,P00065,S001,S222,1,R061,P68636,S111,S533,1
-3.85,-3.2,1.65761694,3.26286994,1.605253,-15.226264,-42.3606562,-14.8544575,-41.6699287,26.8154712,R017,P00065,S001,S222,1,R061,P68636,S111,S533,1
-3.8,-3.2,1.55761694,3.06286994,1.505253,-13.5359141,-38.9799564,-13.1641076,-38.2892289,25.1251213,R017,P00065,S001,S222,1,R061,P68636,S111,S533,1
-3.75,-3.2,1.45761694,2.86286994,1.405253,-11.8455642,-35.5992567,-11.4737577,-34.9085291,23.4347714,R017,P00065,S001,S222,1,R061,P68636,S111,S533,1
-3.7,-3.2,1.35761694,2.7360715,1.37845456,-10.1552143,-33.4559194,-9.78340784,-32.7651919,22.981784,R017,P00065,S001,S222,1,R061,P68636,S433,S533,1
-3.65,-3.2,1.33539822,2.6860715,1.35067328,-9.77964021,-32.6107445,-9.40783375,-31.9200169,22.5121832,R017,P00065,S221,S222,2,R061,P68636,S433,S533,1
-3.6,-3.2,1.33539822,2.6360715,1.30067328,-9.77964021,-31.7655695,-9.40783375,-31.074842,21.6670082,R017,P00065,S221,S222,2,R061,P68636,S433,S533,1
-3.55,-3.2,1.33539822,2.5860715,1.25067328,-9.77964021,-30.9203946,-9.40783375,-30.229667,20.8218333,R017,P00065,S221,S222,2,R061,P68636,S433,S533,1
-3.5,-3.2,1.33539822,2.5360715,1.20067328,-9.77964021,-30.0752196,-9.40783375,-29.3844921,19.9766584,R017,P00065,S221,S222,2,R061,P68636,S433,S533,1
-3.45,-3.2,1.33539822,2.4860715,1.15067328,-9.77964021,-29.2300447,-9.40783375,-28.5393172,19.1314834,R017,P00065,S221,S222,2,R061,P68636,S433,S533,1
-3.4,-3.2,1.33539822,2.4360715,1.10067328,-9.77964021,-28.3848698,-9.40783375,-27.6941422,18.2863085,R017,P00065,S221,S222,2,R061,P68636,S433,S533,1
-3.35,-3.2,1.33539822,2.3860715,1.05067328,-9.77964021,-27.5396948,-9.40783375,-26.8489673,17.4411335,R017,P00065,S221,S222,3,R061,P68636,S433,S533,1
-3.3,-3.2,1.33539822,2.31933647,0.98393825,-9.77964021,-26.4116393,-9.40783375,-25.7209118,16.313078,R017,P00065,S221,S222,3,R057,P68487,S544,S211,3
-3.25,-3.2,1.33539822,2.2156115,0.880213281,-9.77964021,-24.6583244,-9.40783375,-23.9675969,14.5597631,R017,P00065,S221,S222,3,R056,P68478,S111,S211,5
-3.2,-3.2,1.33539822,2.1656115,0.830213281,-9.77964021,-23.8131495,-9.40783375,-23.1224219,13.7145882,R017,P00065,S221,S222,3,R056,P68478,S111,S211,5
-3.15,-3.2,1.33539822,2.1156115,0.780213281,-9.77964021,-22.9679745,-9.40783375,-22.277247,12.8694132,R017,P00065,S221,S222,3,R056,P68478,S111,S211,5
-3.1,-3.2,1.29277525,2.0656115,0.77283625,-9.0591629,-22.1227996,-8.68735644,-21.432072,12.7447156,R013,P00056,S112,S222,2,R056,P68478,S111,S211,5
-3.05,-3.2,1.24277525,2.0156115,0.77283625,-8.21398796,-21.2776246,-7.8421815,-20.5868971,12.7447156,R013,P00056,S112,S222,2,R056,P68478,S111,S211,5
-3,-3.2,1.19277525,1.9656115,0.77283625,-7.36881301,-20.4324497,-6.99700655,-19.7417221,12.7447156,R013,P00056,S112,S222,2,R056,P68478,S111,S211,5
-2.95,-3.2,1.14277525,1.9156115,0.77283625,-6.52363807,-19.5872747,-6.15183161,-18.8965472,12.7447156,R013,P00056,S112,S222,2,R054,P68422,S111,S211,12
-2.9,-3.2,1.09277525,1.8656115,0.77283625,-5.67846313,-18.7420998,-5.30665667,-18.0513723,12.7447156,R013,P00056,S112,S222,2,R054,P68422,S111,S211,12
-2.85,-3.2,1.04277525,1.8156115,0.77283625,-4.83328818,-17.8969249,-4.46148172,-17.2061973,12.7447156,R013,P00056,S112,S222,2,R054,P68422,S111,S211,12
-2.8,-3.2,0.99277525,1.7656115,0.77283625,-3.98811324,-17.0517499,-3.61630678,-16.3610224,12.7447156,R013,P00056,S112,S222,2,R054,P68422,S111,S211,12
-2.75,-3.2,0.94277525,1.7156115,0.77283625,-3.1429383,-16.206575,-2.77113184,-15.5158474,12.7447156,R013,P00056,S112,S222,2,R054,P68422,S111,S211,12
-2.7,-3.2,0.89277525,1.6656115,0.77283625,-2.29776335,-15.3614,-1.9259569,-14.6706725,12.7447156,R013,P00056,S112,S222,2,R054,P68422,S111,S211,12
-2.65,-3.2,0.84277525,1.6156115,0.77283625,-1.45258841,-14.5162251,-1.08078195,-13.8254975,12.7447156,R013,P00056,S112,S222,2,R054,P68422,S111,S211,12
-2.6,-3.2,0.79277525,1.5656115,0.77283625,-0.607413468,-13.6710501,-0.23560701,-12.9803226,12.7447156,R013,P00056,S112,S222,2,R054,P68422,S111,S211,12
-2.55,-3.2,0.74277525,1.5156115,0.77283625,0.237761475,-12.8258752,0.609567933,-12.1351477,12.7447156,R013,P00056,S112,S222,2,R054,P68422,S111,S211,12
-2.5,-3.2,0.69277525,1.4656115,0.77283625,1.08293642,-11.9807003,1.45474288,-11.2899727,12.7447156,R013,P00056,S112,S222,2,R054,P68422,S111,S211,12
-2.45,-3.2,0.64277525,1.4156115,0.77283625,1.92811136,-11.1355253,2.29991782,-10.4447978,12.7447156,R013,P00056,S112,S222,2,R054,P68422,S111,S211,12
-2.4,-3.2,0.59277525,1.3656115,0.77283625,2.7732863,-10.2903504,3.14509276,-9.59962282,12.7447156,R013,P00056,S112,S222,2,R054,P68422,S111,S211,12
-2.35,-3.2,0.54277525,1.3156115,0.77283625,3.61846125,-9.44517542,3.99026771,-8.75444788,12.7447156,R013,P00056,S112,S222,2,R054,P68422,S111,S211,12
-2.3,-3.2,0.49277525,1.2656115,0.77283625,4.46363619,-8.60000048,4.83544265,-7.90927294,12.7447156,R013,P00056,S112,S222,2,R054,P68422,S111,S211,12
-2.25,-3.2,0.44277525,1.2156115,0.77283625,5.30881113,-7.75482554,5.68061759,-7.06409799,12.7447156,R013,P00056,S112,S222,2,R054,P68422,S111,S211,12
-2.2,-3.2,0.39277525,1.1656115,0.77283625,6.15398608,-6.9096506,6.52579253,-6.21892305,12.7447156,R013,P00056,S112,S222,2,R054,P68422,S111,S211,12
-2.15,-3.2,0.34277525,1.1156115,0.77283625,6.99916102,-6.06447565,7.37096748,-5.37374811,12.7447156,R013,P00056,S112,S222,2,R028,P22552,S111,S211,24
-2.1,-3.2,0.29277525,1.0656115,0.77283625,7.84433596,-5.21930071,8.21614242,-4.52857317,12.7447156,R013,P00056,S112,S222,2,R028,P22552,S111,S211,24
-2.05,-3.2,0.24277525,1.0156115,0.77283625,8.68951091,-4.37412577,9.06131736,-3.68339822,12.7447156,R013,P00056,S112,S222,2,R028,P22552,S111,S211,24
-2,-3.2,0.19277525,0.9656115,0.77283625,9.53468585,-3.52895082,9.90649231,-2.83822328,12.7447156,R013,P00056,S112,S222,2,R028,P22552,S111,S211,24
-1.95,-3.2,0.14277525,0.9156115,0.77283625,10.3798608,-2.68377588,10.7516672,-1.99304834,12.7447156,R013,P00056,S112,S222,2,R028,P22552,S111,S211,24
-1.9,-3.2,0.09277525,0.8656115,0.77283625,11.2250357,-1.83860094,11.5968422,-1.14787339,12.7447156,R013,P00056,S112,S222,2,R028,P22552,S111,S211,24
-1.85,-3.2,0.04277525,0.8156115,0.77283625,12.0702107,-0.993425994,12.4420171,-0.30269845,12.7447156,R013,P00056,S112,S222,2,R028,P22552,S111,S211,24
-1.8,-3.2,0,0.7656115,0.7656115,12.7932621,-0.148251051,13.1650685,0.542476493,12.622592,R013,P00056,S000,S000,2,R028,P22552,S111,S211,24
-1.75,-3.2,0,0.7156115,0.7156115,12.7932621,0.696923892,13.1650685,1.38765144,11.7774171,R013,P00056,S000,S000,2,R028,P22552,S111,S211,24
-1.7,-3.2,0,0.6656115,0.6656115,12.7932621,1.54209883,13.1650685,2.23282638,10.9322421,R013,P00056,S000,S000,2,R028,P22552,S111,S211,24
-1.65,-3.2,0,0.6156115,0.6156115,12.7932621,2.38727378,13.1650685,3.07800132,10.0870672,R013,P00056,S000,S000,2,R028,P22552,S111,S211,24
-1.6,-3.2,0,0.5656115,0.5656115,12.7932621,3.23244872,13.1650685,3.92317626,9.24189226,R013,P00056,S000,S000,2,R028,P22552,S111,S211,24
-1.55,-3.2,0,0.5156115,0.5156115,12.7932621,4.07762366,13.1650685,4.76835121,8.39671732,R013,P00056,S000,S000,2,R028,P22552,S111,S211,24
-1.5,-3.2,0,0.4656115,0.4656115,12.7932621,4.92279861,13.1650685,5.61352615,7.55154237,R013,P00056,S000,S000,2,R028,P22552,S111,S211,24
-1.45,-3.2,0,0.4156115,0.4156115,12.7932621,5.76797355,13.1650685,6.45870109,6.70636743,R013,P00056,S000,S000,2,R028,P22552,S111,S211,24
-1.4,-3.2,0,0.3656115,0.3656115,12.7932621,6.61314849,13.1650685,7.30387604,5.86119249,R013,P00056,S000,S000,2,R028,P22552,S111,S211,24
-1.35,-3.2,0,0.3156115,0.3156115,12.7932621,7.45832344,13.1650685,8.14905098,5.01601755,R013,P00056,S000,S000,2,R028,P22552,S111,S211,24
-1.3,-3.2,0,0.2656115,0.2656115,12.7932621,8.30349838,13.1650685,8.99422592,4.1708426,R013,P00056,S000,S000,2,R028,P22552,S111,S211,24
-1.25,-3.2,0,0.2156115,0.2156115,12.7932621,9.14867332,13.1650685,9.83940087,3.32566766,R013,P00056,S000,S000,2,R028,P22552,S111,S211,24
-1.2,-3.2,0,0.1656115,0.1656115,12.7932621,9.99384827,13.1650685,10.6845758,2.48049272,R013,P00056,S000,S000,2,R028,P22552,S111,S211,24
-1.15,-3.2,0,0.1156115,0.1156115,12.7932621,10.8390232,13.1650685,11.5297508,1.63531777,R013,P00056,S000,S000,2,R028,P22552,S111,S211,24
-1.1,-3.2,0,0.0656115,0.0656115,12.7932621,11.6841982,13.1650685,12.3749257,0.79014283,R013,P00056,S000,S000,2,R028,P22552,S111,S211,24
-1.05,-3.2,0,0.0156115,0.0156115,12.7932621,12.5293731,13.1650685,13.2201006,-0.0550321129,R013,P00056,S000,S000,2,R028,P22552,S111,S211,24
-1,-3.2,0,0,0,12.7932621,12.7932621,13.1650685,13.4839896,-0.318921085,R010,P00053,S000,S000,8,R028,P22552,S000,S000,24
-0.95,-3.2,0,0,0,12.7932621,12.7932621,13.1650685,13.4839896,-0.318921085,R001,P00001,S000,S000,27,R028,P22552,S000,S000,56
-0.9,-3.2,0,0,0,12.7932621,12.7932621,13.1650685,13.4839896,-0.318921085,R001,P00001,S000,S000,39,R028,P22552,S000,S000,56
-0.85,-3.2,0,0,0,12.7932621,12.7932621,13.1650685,13.4839896,-0.318921085,R001,P00001,S000,S000,39,R028,P22552,S000,S000,56
-0.8,-3.2,0,0,0,12.7932621,12.7932621,13.1650685,13.4839896,-0.318921085,R001,P00001,S000,S000,39,R027,P22549,S000,S000,80
-0.75,-3.2,0,0,0,12.7932621,12.7932621,13.1650685,13.4839896,-0.318921085,R001,P00001,S000,S000,39,R027,P22549,S000,S000,80
-0.7,-3.2,0,0,0,12.7932621,12.7932621,13.1650685,13.4839896,-0.318921085,R001,P00001,S000,S000,49,R027,P22549,S000,S000,80
-0.65,-3.2,0,0,0,12.7932621,12.7932621,13.1650685,13.4839896,-0.318921085,R001,P00001,S000,S000,49,R012,P04429,S000,S000,140
-0.6,-3.2,0,0,0,12.7932621,12.7932621,13.1650685,13.4839896,-0.318921085,R001,P00001,S000,S000,68,R012,P04429,S000,S000,140
-0.55,-3.2,0,0,0,12.7932621,12.7932621,13.1650685,13.4839896,-0.318921085,R001,P00001,S000,S000,68,R012,P04429,S000,S000,140
-0.5,-3.2,0,0,0,12.7932621,12.7932621,13.1650685,13.4839896,-0.318921085,R001,P00001,S000,S000,68,R012,P04429,S000,S000,140
-0.45,-3.2,0,0,0,12.7932621,12.7932621,13.1650685,13.4839896,-0.318921085,R001,P00001,S000,S000,68,R012,P04429,S000,S000,182
-0.4,-3.2,0,0,0,12.7932621,12.7932621,13.1650685,13.4839896,-0.318921085,R001,P00001,S000,S000,68,R012,P04429,S000,S000,182
-0.35,-3.2,0,0,0,12.7932621,12.7932621,13.1650685,13.4839896,-0.318921085,R001,P00001,S000,S000,68,R012,P04429,S000,S000,182
-0.3,-3.2,0,0,0,12.7932621,12.7932621,13.1650685,13.4839896,-0.318921085,R001,P00001,S000,S000,68,R010,P03778,S000,S000,520
-0.25,-3.2,0,0,0,12.7932621,12.7932621,13.1650685,13.4839896,-0.318921085,R001,P00001,S000,S000,68,R010,P03778,S000,S000,520
-0.2,-3.2,0,0,0,12.7932621,12.7932621,13.1650685,13.4839896,-0.318921085,R001,P00001,S000,S000,69,R010,P03778,S000,S000,520
-0.15,-3.2,0,0,0,12.7932621,12.7932621,13.1650685,13.4839896,-0.318921085,R001,P00001,S000,S000,79,R010,P03778,S000,S000,520
-0.1,-3.2,0,0,0,12.7932621,12.7932621,13.1650685,13.4839896,-0.318921085,R001,P00001,S000,S000,79,R010,P03778,S000,S000,560
-0.05,-3.2,0,0,0,12.7932621,12.7932621,13.1650685,13.4839896,-0.318921085,R001,P00001,S000,S000,79,R010,P03778,S000,S000,700
0,-3.2,0,0,0,12.7932621,12.7932621,13.1650685,13.4839896,-0.318921085,R001,P00001,S000,S000,79,R010,P03778,S000,S000,700
-4,-3.15,2.08261694,4.01286994,1.930253,-22.410251,-55.0382803,-22.0384445,-54.3475528,32.3091083,R017,P00065,S001,S222,1,R061,P68636,S111,S533,1
-3.95,-3.15,1.98261694,3.81286994,1.830253,-20.7199011,-51.6575806,-20.3480946,-50.966853,30.6187584,R017,P00065,S001,S222,1,R061,P68636,S111,S533,1
-3.9,-3.15,1.88261694,3.61286994,1.730253,-19.0295512,-48.2768808,-18.6577447,-47.5861533,28.9284085,R017,P00065,S001,S222,1,R061,P68636,S111,S533,1
-3.85,-3.15,1.78261694,3.41286994,1.630253,-17.3392013,-44.896181,-16.9673949,-44.2054535,27.2380586,R017,P00065,S001,S222,1,R061,P68636,S111,S533,1
-3.8,-3.15,1.68261694,3.21286994,1.530253,-15.6488514,-41.5154813,-15.277045,-40.8247537,25.5477087,R017,P00065,S001,S222,1,R061,P68636,S111,S533,1
-3.75,-3.15,1.58261694,3.01286994,1.430253,-13.9585015,-38.1347815,-13.5866951,-37.4440539,23.8573589,R017,P00065,S001,S222,1,R061,P68636,S111,S533,1
-3.7,-3.15,1.48261694,2.81286994,1.330253,-12.2681517,-34.7540817,-11.8963452,-34.0633542,22.167009,R017,P00065,S001,S222,1,R061,P68636,S111,S533,1
-3.65,-3.15,1.38261694,2.6860715,1.30345456,-10.5778018,-32.6107445,-10.2059953,-31.9200169,21.7140216,R017,P00065,S001,S222,1,R061,P68636,S433,S533,1
-3.6,-3.15,1.36039822,2.6360715,1.27567328,-10.2022277,-31.7655695,-9.83042122,-31.074842,21.2444208,R017,P00065,S221,S222,2,R061,P68636,S433,S533,1
-3.55,-3.15,1.36039822,2.5860715,1.22567328,-10.2022277,-30.9203946,-9.83042122,-30.229667,20.3992458,R017,P00065,S221,S222,2,R061,P68636,S433,S533,1
-3.5,-3.15,1.36039822,2.5360715,1.17567328,-10.2022277,-30.0752196,-9.83042122,-29.3844921,19.5540709,R017,P00065,S221,S222,2,R061,P68636,S433,S533,1
-3.45,-3.15,1.36039822,2.4860715,1.12567328,-10.2022277,-29.2300447,-9.83042122,-28.5393172,18.7088959,R017,P00065,S221,S222,2,R061,P68636,S433,S533,1
-3.4,-3.15,1.36039822,2.4360715,1.07567328,-10.2022277,-28.3848698,-9.83042122,-27.6941422,17.863721,R017,P00065,S221,S222,2,R061,P68636,S433,S533,1
-3.35,-3.15,1.36039822,2.3860715,1.02567328,-10.2022277,-27.5396948,-9.83042122,-26.8489673,17.0185461,R017,P00065,S221,S222,3,R061,P68636,S433,S533,1
-3.3,-3.15,1.36039822,2.3360715,0.975673281,-10.2022277,-26.6945199,-9.83042122,-26.0037923,16.1733711,R017,P00065,S221,S222,3,R061,P68636,S433,S533,1
-3.25,-3.15,1.36039822,2.24433647,0.88393825,-10.2022277,-25.1438769,-9.83042122,-24.4531493,14.6227281,R017,P00065,S221,S222,3,R057,P68487,S544,S211,3
-3.2,-3.15,1.36039822,2.1656115,0.805213281,-10.2022277,-23.8131495,-9.83042122,-23.1224219,13.2920007,R017,P00065,S221,S222,3,R056,P68478,S111,S211,5
-3.15,-3.15,1.36039822,2.1156115,0.755213281,-10.2022277,-22.9679745,-9.83042122,-22.277247,12.4468257,R017,P00065,S221,S222,3,R056,P68478,S111,S211,5
-3.1,-3.15,1.34277525,2.0656115,0.72283625,-9.90433784,-22.1227996,-9.53253138,-21.432072,11.8995406,R013,P00056,S112,S222,2,R056,P68478,S111,S211,5
-3.05,-3.15,1.29277525,2.0156115,0.72283625,-9.0591629,-21.2776246,-8.68735644,-20.5868971,11.8995406,R013,P00056,S112,S222,2,R056,P68478,S111,S211,5
-3,-3.15,1.24277525,1.9656115,0.72283625,-8.21398796,-20.4324497,-7.8421815,-19.7417221,11.8995406,R013,P00056,S112,S222,2,R056,P68478,S111,S211,5
-2.95,-3.15,1.19277525,1.9156115,0.72283625,-7.36881301,-19.5872747,-6.99700655,-18.8965472,11.8995406,R013,P00056,S112,S222,2,R056,P68478,S111,S211,5
-2.9,-3.15,1.14277525,1.8656115,0.72283625,-6.52363807,-18.7420998,-6.15183161,-18.0513723,11.8995406,R013,P00056,S112,S222,2,R054,P68422,S111,S211,12
-2.85,-3.15,1.09277525,1.8156115,0.72283625,-5.67846313,-17.8969249,-5.30665667,-17.2061973,11.8995406,R013,P00056,S112,S222,2,R054,P68422,S111,S211,12
-2.8,-3.15,1.04277525,1.7656115,0.72283625,-4.83328818,-17.0517499,-4.46148172,-16.3610224,11.8995406,R013,P00056,S112,S222,2,R054,P68422,S111,S211,12
-2.75,-3.15,0.99277525,1.7156115,0.72283625,-3.98811324,-16.206575,-3.61630678,-15.5158474,11.8995406,R013,P00056,S112,S222,2,R054,P68422,S111,S211,12
-2.7,-3.15,0.94277525,1.6656115,0.72283625,-3.1429383,-15.3614,-2.77113184,-14.6706725,11.8995406,R013,P00056,S112,S222,2,R054,P68422,S111,S211,12
-2.65,-3.15,0.89277525,1.6156115,0.72283625,-2.29776335,-14.5162251,-1.9259569,-13.8254975,11.8995406,R013,P00056,S112,S222,2,R054,P68422,S111,S211,12
-2.6,-3.15,0.84277525,1.5656115,0.72283625,-1.45258841,-13.6710501,-1.08078195,-12.9803226,11.8995406,R013,P00056,S112,S222,2,R054,P68422,S111,S211,12
-2.55,-3.15,0.79277525,1.5156115,0.72283625,-0.607413468,-12.8258752,-0.23560701,-12.1351477,11.8995406,R013,P00056,S112,S222,2,R054,P68422,S111,S211,12
-2.5,-3.15,0.74277525,1.4656115,0.72283625,0.237761475,-11.9807003,0.609567933,-11.2899727,11.8995406,R013,P00056,S112,S222,2,R054,P68422,S111,S211,12
-2.45,-3.15,0.69277525,1.4156115,0.72283625,1.08293642,-11.1355253,1.45474288,-10.4447978,11.8995406,R013,P00056,S112,S222,2,R054,P68422,S111,S211,12
-2.4,-3.15,0.64277525,1.3656115,0.72283625,1.92811136,-10.2903504,2.29991782,-9.59962282,11.8995406,R013,P00056,S112,S222,2,R054,P68422,S111,S211,12
-2.35,-3.15,0.59277525,1.3156115,0.72283625,2.7732863,-9.44517542,3.14509276,-8.75444788,11.8995406,R013,P00056,S112,S222,2,R054,P68422,S111,S211,12
-2.3,-3.15,0.54277525,1.2656115,0.72283625,3.61846125,-8.60000048,3.99026771,-7.90927294,11.8995406,R013,P00056,S112,S222,2,R054,P68422,S111,S211,12
-2.25,-3.15,0.49277525,1.2156115,0.72283625,4.46363619,-7.75482554,4.83544265,-7.06409799,11.8995406,R013,P00056,S112,S222,2,R054,P68422,S111,S211,12
-2.2,-3.15,0.44277525,1.1656115,0.72283625,5.30881113,-6.9096506,5.68061759,-6.21892305,11.8995406,R013,P00056,S112,S222,2,R054,P68422,S111,S211,12
-2.15,-3.15,0.39277525,1.1156115,0.72283625,6.15398608,-6.06447565,6.52579253,-5.37374811,11.8995406,R013,P00056,S112,S222,2,R054,P68422,S111,S211,12
-2.1,-3.15,0.34277525,1.0656115,0.72283625,6.99916102,-5.21930071,7.37096748,-4.52857317,11.8995406,R013,P00056,S112,S222,2,R028,P22552,S111,S211,24
-2.05,-3.15,0.29277525,1.0156115,0.72283625,7.84433596,-4.37412577,8.21614242,-3.68339822,11.8995406,R013,P00056,S112,S222,2,R028,P22552,S111,S211,24
-2,-3.15,0.24277525,0.9656115,0.72283625,8.68951091,-3.52895082,9.06131736,-2.83822328,11.8995406,R013,P00056,S112,S222,2,R028,P22552,S111,S211,24
-1.95,-3.15,0.19277525,0.9156115,0.72283625,9.53468585,-2.68377588,9.90649231,-1.99304834,11.8995406,R013,P00056,S112,S222,2,R028,P22552,S111,S211,24
-1.9,-3.15,0.14277525,0.8656115,0.72283625,10.3798608,-1.83860094,10.7516672,-1.14787339,11.8995406,R013,P00056,S112,S222,2,R028,P22552,S111,S211,24
-1.85,-3.15,0.09277525,0.8156115,0.72283625,11.2250357,-0.993425994,11.5968422,-0.30269845,11.8995406,R013,P00056,S112,S222,2,R028,P22552,S111,S211,24
-1.8,-3.15,0.04277525,0.7656115,0.72283625,12.0702107,-0.148251051,12.4420171,0.542476493,11.8995406,R013,P00056,S112,S222,2,R028,P22552,S111,S211,24
-1.75,-3.15,0,0.7156115,0.7156115,12.7932621,0.696923892,13.1650685,1.38765144,11.7774171,R013,P00056,S000,S000,2,R028,P22552,S111,S211,24
-1.7,-3.15,0,0.6656115,0.6656115,12.7932621,1.54209883,13.1650685,2.23282638,10.9322421,R013,P00056,S000,S000,2,R028,P22552,S111,S211,24
-1.65,-3.15,0,0.6156115,0.6156115,12.7932621,2.38727378,13.1650685,3.07800132,10.0870672,R013,P00056,S000,S000,2,R028,P22552,S111,S211,24
-1.6,-3.15,0,0.5656115,0.5656115,12.7932621,3.23244872,13.1650685,3.92317626,9.24189226,R013,P00056,S000,S000,2,R028,P22552,S111,S211,24
-1.55,-3.15,0,0.5156115,0.5156115,12.7932621,4.07762366,13.1650685,4.76835121,8.39671732,R013,P00056,S000,S000,2,R028,P22552,S111,S211,24
-1.5,-3.15,0,0.4656115,0.4656115,12.7932621,4.92279861,13.1650685,5.61352615,7.55154237,R013,P00056,S000,S000,2,R028,P22552,S111,S211,24
-1.45,-3.15,0,0.4156115,0.4156115,12.7932621,5.76797355,13.1650685,6.45870109,6.70636743,R013,P00056,S000,S000,2,R028,P22552,S111,S211,24
-1.4,-3.15,0,0.3656115,0.3656115,12.7932621,6.61314849,13.1650685,7.30387604,5.86119249,R013,P00056,S000,S000,2,R028,P22552,S111,S211,24
-1.35,-3.15,0,0.3156115,0.3156115,12.7932621,7.45832344,13.1650685,8.14905098,5.01601755,R013,P00056,S000,S000,2,R028,P22552,S111,S211,24
-1.3,-3.15,0,0.2656115,0.2656115,12.7932621,8.30349838,13.1650685,8.99422592,4.1708426,R013,P00056,S000,S000,2,R028,P22552,S111,S211,24
-1.25,-3.15,0,0.2156115,0.2156115,12.7932621,9.14867332,13.1650685,9.83940087,3.32566766,R013,P00056,S000,S000,2,R028,P22552,S111,S211,24
-1.2,-3.15,0,0.1656115,0.1656115,12.7932621,9.99384827,13.1650685,10.6845758,2.48049272,R013,P00056,S000,S000,2,R028,P22552,S111,S211,24
-1.15,-3.15,0,0.1156115,0.1156115,12.7932621,10.8390232,13.1650685,11.5297508,1.63531777,R013,P00056,S000,S000,2,R028,P22552,S111,S211,24
-1.1,-3.15,0,0.0656115,0.0656115,12.7932621,11.6841982,13.1650685,12.3749257,0.79014283,R013,P00056,S000,S000,2,R028,P22552,S111,S211,24
-1.05,-3.15,0,0.0156115,0.0156115,12.7932621,12.5293731,13.1650685,13.2201006,-0.0550321129,R013,P00056,S000,S000,2,R028,P22552,S111,S211,24
-1,-3.15,0,0,0,12.7932621,12.7932621,13.1650685,13.4839896,-0.318921085,R010,P00053,S000,S000,8,R028,P22552,S000,S000,24
-0.95,-3.15,0,0,0,12.7932621,12.7932621,13.1650685,13.4839896,-0.318921085,R001,P00001,S000,S000,27,R028,P22552,S000,S000,56
-0.9,-3.15,0,0,0,12.7932621,12.7932621,13.1650685,13.4839896,-0.318921085,R001,P00001,S000,S000,39,R028,P22552,S000,S000,56
-0.85,-3.15,0,0,0,12.7932621,12.7932621,13.1650685,13.4839896,-0.318921085,R001,P00001,S000,S000,39,R028,P22552,S000,S000,56
-0.8,-3.15,0,0,0,12.7932621,12.7932621,13.1650685,13.4839896,-0.318921085,R001,P00001,S000,S000,39,R027,P22549,S000,S000,80
-0.75,-3.15,0,0,0,12.7932621,12.7932621,13.1650685,13.4839896,-0.318921085,R001,P00001,S000,S000,39,R027,P22549,S000,S000,80
-0.7,-3.15,0,0,0,12.7932621,12.7932621,13.1650685,13.4839896,-0.318921085,R001,P00001,S000,S000,49,R027,P22549,S000,S000,80
-0.65,-3.15,0,0,0,12.7932621,12.7932621,13.1650685,13.4839896,-0.318921085,R001,P00001,S000,S000,49,R012,P04429,S000,S000,140
-0.6,-3.15,0,0,0,12.7932621,12.7932621,13.1650685,13.4839896,-0.318921085,R001,P00001,S000,S000,68,R012,P04429,S000,S000,140
-0.55,-3.15,0,0,0,12.7932621,12.7932621,13.1650685,13.4839896,-0.318921085,R001,P00001,S000,S000,68,R012,P04429,S000,S000,140
-0.5,-3.15,0,0,0,12.7932621,12.7932621,13.1650685,13.4839896,-0.318921085,R001,P00001,S000,S000,68,R012,P04429,S000,S000,140
-0.45,-3.15,0,0,0,12.7932621,12.7932621,13.1650685,13.4839896,-0.318921085,R001,P00001,S000,S000,68,R012,P04429,S000,S000,182
-0.4,-3.15,0,0,0,12.7932621,12.7932621,13.1650685,13.4839896,-0.318921085,R001,P00001,S000,S000,68,R012,P04429,S000,S000,182
-0.35,-3.15,0,0,0,12.7932621,12.7932621,13.1650685,13.4839896,-0.318921085,R001,P00001,S000,S000,68,R012,P04429,S000,S000,182
-0.3,-3.15,0,0,0,12.7932621,12.7932621,13.1650685,13.4839896,-0.318921085,R001,P00001,S000,S000,68,R010,P03778,S000,S000,520
-0.25,-3.15,0,0,0,12.7932621,12.7932621,13.1650685,13.4839896,-0.318921085,R001,P00001,S000,S000,68,R010,P03778,S000,S000,520
-0.2,-3.15,0,0,0,12.7932621,12.7932621,13.1650685,13.4839896,-0.318921085,R001,P00001,S000,S000,69,R010,P03778,S000,S000,520
-0.15,-3.15,0,0,0,12.7932621,12.7932621,13.1650685,13.4839896,-0.318921085,R001,P00001,S000,S000,79,R010,P03778,S000,S000,520
-0.1,-3.15,0,0,0,12.7932621,12.7932621,13.1650685,13.4839896,-0.318921085,R001,P00001,S000,S000,79,R010,P03778,S000,S000,560
-0.05,-3.15,0,0,0,12.7932621,12.7932621,13.1650685,13.4839896,-0.318921085,R001,P00001,S000,S000,79,R010,P03778,S000,S000,700
0,-3.15,0,0,0,12.7932621,12.7932621,13.1650685,13.4839896,-0.318921085,R001,P00001,S000,S000,79,R010,P03778,S000,S000,700
-4,-3.1,2.20761694,4.20740866,1.99979172,-24.5231883,-58.3266654,-24.1513819,-57.6359378,33.4845559,R017,P00065,S001,S222,1,R061,P68636,S212,S211,1
-3.95,-3.1,2.10761694,3.96286994,1.855253,-22.8328384,-54.1931054,-22.461032,-53.5023779,31.0413459,R017,P00065,S001,S222,1,R061,P68636,S111,S533,1
-3.9,-3.1,2.00761694,3.76286994,1.755253,-21.1424886,-50.8124056,-20.7706821,-50.1216781,29.350996,R017,P00065,S001,S222,1,R061,P68636,S111,S533,1
-3.85,-3.1,1.90761694,3.56286994,1.655253,-19.4521387,-47.4317059,-19.0803322,-46.7409783,27.6606461,R017,P00065,S001,S222,1,R061,P68636,S111,S533,1
-3.8,-3.1,1.78160022,3.36286994,1.58126972,-17.3220152,-44.0510061,-16.9502087,-43.3602785,26.4100698,R025,P00220,S111,S110,1,R061,P68636,S111,S533,1
-3.75,-3.1,1.67691497,3.16286994,1.48595497,-15.5524682,-40.6703063,-15.1806617,-39.9795788,24.798917,R025,P00220,S221,S110,1,R061,P68636,S111,S533,1
-3.7,-3.1,1.57691497,2.96286994,1.38595497,-13.8621183,-37.2896065,-13.4903119,-36.598879,23.1085671,R025,P00220,S221,S110,1,R061,P68636,S111,S533,1
-3.65,-3.1,1.47691497,2.76286994,1.28595497,-12.1717684,-33.9089068,-11.799962,-33.2181792,21.4182173,R025,P00220,S221,S110,1,R061,P68636,S111,S533,1
-3.6,-3.1,1.38539822,2.6360715,1.25067328,-10.6248151,-31.7655695,-10.2530087,-31.074842,20.8218333,R025,P00220,S221,S222,1,R061,P68636,S433,S533,1
-3.55,-3.1,1.38539822,2.5860715,1.20067328,-10.6248151,-30.9203946,-10.2530087,-30.229667,19.9766584,R017,P00065,S221,S222,2,R061,P68636,S433,S533,1
-3.5,-3.1,1.38539822,2.5360715,1.15067328,-10.6248151,-30.0752196,-10.2530087,-29.3844921,19.1314834,R017,P00065,S221,S222,2,R061,P68636,S433,S533,1
-3.45,-3.1,1.38539822,2.4860715,1.10067328,-10.6248151,-29.2300447,-10.2530087,-28.5393172,18.2863085,R017,P00065,S221,S222,2,R061,P68636,S433,S533,1
-3.4,-3.1,1.38539822,2.4360715,1.05067328,-10.6248151,-28.3848698,-10.2530087,-27.6941422,17.4411335,R017,P00065,S221,S222,2,R061,P68636,S433,S533,1
-3.35,-3.1,1.38539822,2.3860715,1.00067328,-10.6248151,-27.5396948,-10.2530087,-26.8489673,16.5959586,R017,P00065,S221,S222,2,R061,P68636,S433,S533,1
-3.3,-3.1,1.38539822,2.3360715,0.950673281,-10.6248151,-26.6945199,-10.2530087,-26.0037923,15.7507836,R017,P00065,S221,S222,3,R061,P68636,S433,S533,1
-3.25,-3.1,1.38539822,2.2860715,0.900673281,-10.6248151,-25.8493449,-10.2530087,-25.1586174,14.9056087,R017,P00065,S221,S222,3,R061,P68636,S433,S533,1
-3.2,-3.1,1.38539822,2.16933647,0.78393825,-10.6248151,-23.8761145,-10.2530087,-23.1853869,12.9323782,R017,P00065,S221,S222,3,R057,P68487,S544,S211,3
-3.15,-3.1,1.38539822,2.1156115,0.730213281,-10.6248151,-22.9679745,-10.2530087,-22.277247,12.0242383,R017,P00065,S221,S222,3,R056,P68478,S111,S211,5
-3.1,-3.1,1.38539822,2.0656115,0.680213281,-10.6248151,-22.1227996,-10.2530087,-21.432072,11.1790633,R017,P00065,S221,S222,3,R056,P68478,S111,S211,5
-3.05,-3.1,1.34277525,2.0156115,0.67283625,-9.90433784,-21.2776246,-9.53253138,-20.5868971,11.0543657,R013,P00056,S112,S222,2,R056,P68478,S111,S211,5
-3,-3.1,1.29277525,1.9656115,0.67283625,-9.0591629,-20.4324497,-8.68735644,-19.7417221,11.0543657,R013,P00056,S112,S222,2,R056,P68478,S111,S211,5
-2.95,-3.1,1.24277525,1.9156115,0.67283625,-8.21398796,-19.5872747,-7.8421815,-18.8965472,11.0543657,R013,P00056,S112,S222,2,R056,P68478,S111,S211,5
-2.9,-3.1,1.19277525,1.8656115,0.67283625,-7.36881301,-18.7420998,-6.99700655,-18.0513723,11.0543657,R013,P00056,S112,S222,2,R056,P68478,S111,S211,5
-2.85,-3.1,1.14277525,1.8156115,0.67283625,-6.52363807,-17.8969249,-6.15183161,-17.2061973,11.0543657,R013,P00056,S112,S222,2,R054,P68422,S111,S211,12
-2.8,-3.1,1.09277525,1.7656115,0.67283625,-5.67846313,-17.0517499,-5.30665667,-16.3610224,11.0543657,R013,P00056,S112,S222,2,R054,P68422,S111,S211,12
-2.75,-3.1,1.04277525,1.7156115,0.67283625,-4.83328818,-16.206575,-4.46148172,-15.5158474,11.0543657,R013,P00056,S112,S222,2,R054,P68422,S111,S211,12
-2.7,-3.1,0.99277525,1.6656115,0.67283625,-3.98811324,-15.3614,-3.61630678,-14.6706725,11.0543657,R013,P00056,S112,S222,2,R054,P68422,S111,S211,12
-2.65,-3.1,0.94277525,1.6156115,0.67283625,-3.1429383,-14.5162251,-2.77113184,-13.8254975,11.0543657,R013,P00056,S112,S222,2,R054,P68422,S111,S211,12
-2.6,-3.1,0.89277525,1.5656115,0.67283625,-2.29776335,-13.6710501,-1.9259569,-12.9803226,11.0543657,R013,P00056,S112,S222,2,R054,P68422,S111,S211,12
-2.55,-3.1,0.84277525,1.5156115,0.67283625,-1.45258841,-12.8258752,-1.08078195,-12.1351477,11.0543657,R013,P00056,S112,S222,2,R054,P68422,S111,S211,12
-2.5,-3.1,0.79277525,1.4656115,0.67283625,-0.607413468,-11.9807003,-0.23560701,-11.2899727,11.0543657,R013,P00056,S112,S222,2,R054,P68422,S111,S211,12
-2.45,-3.1,0.74277525,1.4156115,0.67283625,0.237761475,-11.1355253,0.609567933,-10.4447978,11.0543657,R013,P00056,S112,S222,2,R054,P68422,S111,S211,12
-2.4,-3.1,0.69277525,1.3656115,0.67283625,1.08293642,-10.2903504,1.45474288,-9.59962282,11.0543657,R013,P00056,S112,S222,2,R054,P68422,S111,S211,12
-2.35,-3.1,0.64277525,1.3156115,0.67283625,1.92811136,-9.44517542,2.29991782,-8.75444788,11.0543657,R013,P00056,S112,S222,2,R054,P68422,S111,S211,12
-2.3,-3.1,0.59277525,1.2656115,0.67283625,2.7732863,-8.60000048,3.14509276,-7.90927294,11.0543657,R013,P00056,S112,S222,2,R054,P68422,S111,S211,12
-2.25,-3.1,0.54277525,1.2156115,0.67283625,3.61846125,-7.75482554,3.99026771,-7.06409799,11.0543657,R013,P00056,S112,S222,2,R054,P68422,S111,S211,12
-2.2,-3.1,0.49277525,1.1656115,0.67283625,4.46363619,-6.9096506,4.83544265,-6.21892305,11.0543657,R013,P00056,S112,S222,2,R054,P68422,S111,S211,12
-2.15,-3.1,0.44277525,1.1156115,0.67283625,5.30881113,-6.06447565,5.68061759,-5.37374811,11.0543657,R013,P00056,S112,S222,2,R054,P68422,S111,S211,12
-2.1,-3.1,0.39277525,1.0656115,0.67283625,6.15398608,-5.21930071,6.52579253,-4.52857317,11.0543657,R013,P00056,S112,S222,2,R054,P68422,S111,S211,12
-2.05,-3.1,0.34277525,1.0156115,0.67283625,6.99916102,-4.37412577,7.37096748,-3.68339822,11.0543657,R013,P00056,S112,S222,2,R028,P22552,S111,S211,24
-2,-3.1,0.29277525,0.9656115,0.67283625,7.84433596,-3.52895082,8.21614242,-2.83822328,11.0543657,R013,P00056,S112,S222,2,R028,P22552,S111,S211,24
-1.95,-3.1,0.24277525,0.9156115,0.67283625,8.68951091,-2.68377588,9.06131736,-1.99304834,11.0543657,R013,P00056,S112,S222,2,R028,P22552,S111,S211,24
-1.9,-3.1,0.19277525,0.8656115,0.67283625,9.53468585,-1.83860094,9.90649231,-1.14787339,11.0543657,R013,P00056,S112,S222,2,R028,P22552,S111,S211,24
-1.85,-3.1,0.14277525,0.8156115,0.67283625,10.3798608,-0.993425994,10.7516672,-0.30269845,11.0543657,R013,P00056,S112,S222,2,R028,P22552,S111,S211,24
-1.8,-3.1,0.09277525,0.7656115,0.67283625,11.2250357,-0.148251051,11.5968422,0.542476493,11.0543657,R013,P00056,S112,S222,2,R028,P22552,S111,S211,24
-1.75,-3.1,0.04277525,0.7156115,0.67283625,12.0702107,0.696923892,12.4420171,1.38765144,11.0543657,R013,P00056,S112,S222,2,R028,P22552,S111,S211,24
-1.7,-3.1,0,0.6656115,0.6656115,12.7932621,1.54209883,13.1650685,2.23282638,10.9322421,R013,P00056,S000,S000,2,R028,P22552,S111,S211,24
-1.65,-3.1,0,0.6156115,0.6156115,12.7932621,2.38727378,13.1650685,3.07800132,10.0870672,R013,P00056,S000,S000,2,R028,P22552,S111,S211,24
-1.6,-3.1,0,0.5656115,0.5656115,12.7932621,3.23244872,13.1650685,3.92317626,9.24189226,R013,P00056,S000,S000,2,R028,P22552,S111,S211,24
-1.55,-3.1,0,0.5156115,0.5156115,12.7932621,4.07762366,13.1650685,4.76835121,8.39671732,R013,P00056,S000,S000,2,R028,P22552,S111,S211,24
-1.5,-3.1,0,0.4656115,0.4656115,12.7932621,4.92279861,13.1650685,5.61352615,7.55154237,R013,P00056,S000,S000,2,R028,P22552,S111,S211,24
-1.45,-3.1,0,0.4156115,0.4156115,12.7932621,5.76797355,13.1650685,6.45870109,6.70636743,R013,P00056,S000,S000,2,R028,P22552,S111,S211,24
-1.4,-3.1,0,0.3656115,0.3656115,12.7932621,6.61314849,13.1650685,7.30387604,5.86119249,R013,P00056,S000,S000,2,R028,P22552,S111,S211,24
-1.35,-3.1,0,0.3156115,0.3156115,12.7932621,7.45832344,13.1650685,8.14905098,5.01601755,R013,P00056,S000,S000,2,R028,P22552,S111,S211,24
-1.3,-3.1,0,0.2656115,0.2656115,12.7932621,8.30349838,13.1650685,8.99422592,4.1708426,R013,P00056,S000,S000,2,R028,P22552,S111,S211,24
-1.25,-3.1,0,0.2156115,0.2156115,12.7932621,9.14867332,13.1650685,9.83940087,3.32566766,R013,P00056,S000,S000,2,R028,P22552,S111,S211,24
-1.2,-3.1,0,0.1656115,0.1656115,12.7932621,9.99384827,13.1650685,10.6845758,2.48049272,R013,P00056,S000,S000,2,R028,P22552,S111,S211,24
-1.15,-3.1,0,0.1156115,0.1156115,12.7932621,10.8390232,13.1650685,11.5297508,1.63531777,R013,P00056,S000,S000,2,R028,P22552,S111,S211,24
-1.1,-3.1,0,0.0656115,0.0656115,12.7932621,11.6841982,13.1650685,12.3749257,0.79014283,R013,P00056,S000,S000,2,R028,P22552,S111,S211,24
-1.05,-3.1,0,0.0156115,0.0156115,12.7932621,12.5293731,13.1650685,13.2201006,-0.0550321129,R013,P00056,S000,S000,2,R028,P22552,S111,S211,24
-1,-3.1,0,0,0,12.7932621,12.7932621,13.1650685,13.4839896,-0.318921085,R010,P00053,S000,S000,8,R028,P22552,S000,S000,24
-0.95,-3.1,0,0,0,12.7932621,12.7932621,13.1650685,13.4839896,-0.318921085,R001,P00001,S000,S000,27,R028,P22552,S000,S000,56
-0.9,-3.1,0,0,0,12.7932621,12.7932621,13.1650685,13.4839896,-0.318921085,R001,P00001,S000,S000,39,R028,P22552,S000,S000,56
-0.85,-3.1,0,0,0,12.7932621,12.7932621,13.1650685,13.4839896,-0.318921085,R001,P00001,S000,S000,39,R028,P22552,S000,S000,56
-0.8,-3.1,0,0,0,12.7932621,12.7932621,13.1650685,13.4839896,-0.318921085,R001,P00001,S000,S000,39,R027,P22549,S000,S000,80
-0.75,-3.1,0,0,0,12.7932621,12.7932621,13.1650685,13.4839896,-0.318921085,R001,P00001,S000,S000,39,R027,P22549,S000,S000,80
-0.7,-3.1,0,0,0,12.7932621,12.7932621,13.1650685,13.4839896,-0.318921085,R001,P00001,S000,S000,49,R027,P22549,S000,S000,80
-0.65,-3.1,0,0,0,12.7932621,12.7932621,13.1650685,13.4839896,-0.318921085,R001,P00001,S000,S000,49,R012,P04429,S000,S000,140
-0.6,-3.1,0,0,0,12.7932621,12.7932621,13.1650685,13.4839896,-0.318921085,R001,P00001,S000,S000,68,R012,P04429,S000,S000,140
-0.55,-3.1,0,0,0,12.7932621,12.7932621,13.1650685,13.4839896,-0.318921085,R001,P00001,S000,S000,68,R012,P04429,S000,S000,140
-0.5,-3.1,0,0,0,12.7932621,12.7932621,13.1650685,13.4839896,-0.318921085,R001,P00001,S000,S000,68,R012,P04429,S000,S000,140
-0.45,-3.1,0,0,0,12.7932621,12.7932621,13.1650685,13.4839896,-0.318921085,R001,P00001,S000,S000,68,R012,P04429,S000,S000,182
-0.4,-3.1,0,0,0,12.7932621,12.7932621,13.1650685,13.4839896,-0.318921085,R001,P00001,S000,S000,68,R012,P04429,S000,S000,182
-0.35,-3.1,0,0,0,12.7932621,12.7932621,13.1650685,13.4839896,-0.318921085,R001,P00001,S000,S000,68,R012,P04429,S000,S000,182
-0.3,-3.1,0,0,0,12.7932621,12.7932621,13.1650685,13.4839896,-0.318921085,R001,P00001,S000,S000,68,R010,P03778,S000,S000,520
-0.25,-3.1,0,0,0,12.7932621,12.7932621,13.1650685,13.4839896,-0.318921085,R001,P00001,S000,S000,68,R010,P03778,S000,S000,520
-0.2,-3.1,0,0,0,12.7932621,12.7932621,13.1650685,13.4839896,-0.318921085,R001,P00001,S000,S000,69,R010,P03778,S000,S000,520
-0.15,-3.1,0,0,0,12.7932621,12.7932621,13.1650685,13.4839896,-0.318921085,R001,P00001,S000,S000,79,R010,P03778,S000,S000,520
-0.1,-3.1,0,0,0,12.7932621,12.7932621,13.1650685,13.4839896,-0.318921085,R001,P00001,S000,S000,79,R010,P03778,S000,S000,560
-0.05,-3.1,0,0,0,12.7932621,12.7932621,13.1650685,13.4839896,-0.318921085,R001,P00001,S000,S000,79,R010,P03778,S000,S000,700
0,-3.1,0,0,0,12.7932621,12.7932621,13.1650685,13.4839896,-0.318921085,R001,P00001,S000,S000,79,R010,P03778,S000,S000,700
-4,-3.05,2.33261694,4.48240866,2.14979172,-26.6361257,-62.9751275,-26.2643192,-62.2844,36.0200808,R017,P00065,S001,S222,1,R061,P68636,S212,S211,1
-3.95,-3.05,2.23261694,4.18240866,1.94979172,-24.9457758,-57.9040779,-24.5739693,-57.2133503,32.639381,R017,P00065,S001,S222,1,R061,P68636,S212,S211,1
-3.9,-3.05,2.13261694,3.91286994,1.780253,-23.2554259,-53.3479305,-22.8836195,-52.6572029,29.7735835,R017,P00065,S001,S222,1,R061,P68636,S111,S533,1
-3.85,-3.05,2.03261694,3.71286994,1.680253,-21.565076,-49.9672307,-21.1932696,-49.2765031,28.0832336,R017,P00065,S001,S222,1,R061,P68636,S111,S533,1
-3.8,-3.05,1.90660022,3.51286994,1.60626972,-19.4349526,-46.5865309,-19.0631461,-45.8958034,26.8326573,R025,P00220,S111,S110,1,R061,P68636,S111,S533,1
-3.75,-3.05,1.75660022,3.31286994,1.55626972,-16.8994277,-43.2058311,-16.5276213,-42.5151036,25.9874823,R025,P00220,S111,S110,1,R061,P68636,S111,S533,1
-3.7,-3.05,1.65191497,3.11286994,1.46095497,-15.1298807,-39.8251314,-14.7580743,-39.1344038,24.3763296,R025,P00220,S221,S110,1,R061,P68636,S111,S533,1
-3.65,-3.05,1.55191497,2.91286994,1.36095497,-13.4395308,-36.4444316,-13.0677244,-35.7537041,22.6859797,R025,P00220,S221,S110,1,R061,P68636,S111,S533,1
-3.6,-3.05,1.45191497,2.71286994,1.26095497,-11.749181,-33.0637318,-11.3773745,-32.3730043,20.9956298,R025,P00220,S221,S110,1,R061,P68636,S111,S533,1
-3.55,-3.05,1.41039822,2.5860715,1.17567328,-11.0474026,-30.9203946,-10.6755962,-30.229667,19.5540709,R025,P00220,S221,S222,1,R061,P68636,S433,S533,1
-3.5,-3.05,1.41039822,2.5360715,1.12567328,-11.0474026,-30.0752196,-10.6755962,-29.3844921,18.7088959,R017,P00065,S221,S222,2,R061,P68636,S433,S533,1
-3.45,-3.05,1.41039822,2.4860715,1.07567328,-11.0474026,-29.2300447,-10.6755962,-28.5393172,17.863721,R017,P00065,S221,S222,2,R061,P68636,S433,S533,1
-3.4,-3.05,1.41039822,2.4360715,1.02567328,-11.0474026,-28.3848698,-10.6755962,-27.6941422,17.0185461,R017,P00065,S221,S222,2,R061,P68636,S433,S533,1
-3.35,-3.05,1.41039822,2.3860715,0.975673281,-11.0474026,-27.5396948,-10.6755962,-26.8489673,16.1733711,R017,P00065,S221,S222,2,R061,P68636,S433,S533,1
-3.3,-3.05,1.41039822,2.3360715,0.925673281,-11.0474026,-26.6945199,-10.6755962,-26.0037923,15.3281962,R017,P00065,S221,S222,2,R061,P68636,S433,S533,1
-3.25,-3.05,1.41039822,2.2860715,0.875673281,-11.0474026,-25.8493449,-10.6755962,-25.1586174,14.4830212,R017,P00065,S221,S222,3,R061,P68636,S433,S533,1
-3.2,-3.05,1.41039822,2.2360715,0.825673281,-11.0474026,-25.00417,-10.6755962,-24.3134424,13.6378463,R017,P00065,S221,S222,3,R061,P68636,S433,S533,1
-3.15,-3.05,1.41039822,2.1156115,0.705213281,-11.0474026,-22.9679745,-10.6755962,-22.277247,11.6016508,R017,P00065,S221,S222,3,R057,P68487,S111,S211,3
-3.1,-3.05,1.41039822,2.0656115,0.655213281,-11.0474026,-22.1227996,-10.6755962,-21.432072,10.7564759,R017,P00065,S221,S222,3,R056,P68478,S111,S211,5
-3.05,-3.05,1.39277525,2.0156115,0.62283625,-10.7495128,-21.2776246,-10.3777063,-20.5868971,10.2091908,R013,P00056,S112,S222,2,R056,P68478,S111,S211,5
-3,-3.05,1.34277525,1.9656115,0.62283625,-9.90433784,-20.4324497,-9.53253138,-19.7417221,10.2091908,R013,P00056,S112,S222,2,R056,P68478,S111,S211,5
-2.95,-3.05,1.29277525,1.9156115,0.62283625,-9.0591629,-19.5872747,-8.68735644,-18.8965472,10.2091908,R013,P00056,S112,S222,2,R056,P68478,S111,S211,5
-2.9,-3.05,1.24277525,1.8656115,0.62283625,-8.21398796,-18.7420998,-7.8421815,-18.0513723,10.2091908,R013,P00056,S112,S222,2,R056,P68478,S111,S211,5
-2.85,-3.05,1.19277525,1.8156115,0.62283625,-7.36881301,-17.8969249,-6.99700655,-17.2061973,10.2091908,R013,P00056,S112,S222,2,R056,P68478,S111,S211,5
-2.8,-3.05,1.14277525,1.7656115,0.62283625,-6.52363807,-17.0517499,-6.15183161,-16.3610224,10.2091908,R013,P00056,S112,S222,2,R054,P68422,S111,S211,12
-2.75,-3.05,1.09277525,1.7156115,0.62283625,-5.67846313,-16.206575,-5.30665667,-15.5158474,10.2091908,R013,P00056,S112,S222,2,R054,P68422,S111,S211,12
-2.7,-3.05,1.04277525,1.6656115,0.62283625,-4.83328818,-15.3614,-4.46148172,-14.6706725,10.2091908,R013,P00056,S112,S222,2,R054,P68422,S111,S211,12
-2.65,-3.05,0.99277525,1.6156115,0.62283625,-3.98811324,-14.5162251,-3.61630678,-13.8254975,10.2091908,R013,P00056,S112,S222,2,R054,P68422,S111,S211,12
-2.6,-3.05,0.94277525,1.5656115,0.62283625,-3.1429383,-13.6710501,-2.77113184,-12.9803226,10.2091908,R013,P00056,S112,S222,2,R054,P68422,S111,S211,12
-2.55,-3.05,0.89277525,1.5156115,0.62283625,-2.29776335,-12.8258752,-1.9259569,-12.1351477,10.2091908,R013,P00056,S112,S222,2,R054,P68422,S111,S211,12
-2.5,-3.05,0.84277525,1.4656115,0.62283625,-1.45258841,-11.9807003,-1.08078195,-11.2899727,10.2091908,R013,P00056,S112,S222,2,R054,P68422,S111,S211,12
-2.45,-3.05,0.79277525,1.4156115,0.62283625,-0.607413468,-11.1355253,-0.23560701,-10.4447978,10.2091908,R013,P00056,S112,S222,2,R054,P68422,S111,S211,12
-2.4,-3.05,0.74277525,1.3656115,0.62283625,0.237761475,-10.2903504,0.609567933,-9.59962282,10.2091908,R013,P00056,S112,S222,2,R054,P68422,S111,S211,12
-2.35,-3.05,0.69277525,1.3156115,0.62283625,1.08293642,-9.44517542,1.45474288,-8.75444788,10.2091908,R013,P00056,S112,S222,2,R054,P68422,S111,S211,12
-2.3,-3.05,0.64277525,1.2656115,0.62283625,1.92811136,-8.60000048,2.29991782,-7.90927294,10.2091908,R013,P00056,S112,S222,2,R054,P68422,S111,S211,12
-2.25,-3.05,0.59277525,1.2156115,0.62283625,2.7732863,-7.75482554,3.14509276,-7.06409799,10.2091908,R013,P00056,S112,S222,2,R054,P68422,S111,S211,12
-2.2,-3.05,0.54277525,1.1656115,0.62283625,3.61846125,-6.9096506,3.99026771,-6.21892305,10.2091908,R013,P00056,S112,S222,2,R054,P68422,S111,S211,12
-2.15,-3.05,0.49277525,1.1156115,0.62283625,4.46363619,-6.06447565,4.83544265,-5.37374811,10.2091908,R013,P00056,S112,S222,2,R054,P68422,S111,S211,12
-2.1,-3.05,0.44277525,1.0656115,0.62283625,5.30881113,-5.21930071,5.68061759,-4.52857317,10.2091908,R013,P00056,S112,S222,2,R054,P68422,S111,S211,12
-2.05,-3.05,0.39277525,1.0156115,0.62283625,6.15398608,-4.37412577,6.52579253,-3.68339822,10.2091908,R013,P00056,S112,S222,2,R054,P68422,S111,S211,12
-2,-3.05,0.34277525,0.9656115,0.62283625,6.99916102,-3.52895082,7.37096748,-2.83822328,10.2091908,R013,P00056,S112,S222,2,R028,P22552,S111,S211,24
-1.95,-3.05,0.29277525,0.9156115,0.62283625,7.84433596,-2.68377588,8.21614242,-1.99304834,10.2091908,R013,P00056,S112,S222,2,R028,P22552,S111,S211,24
-1.9,-3.05,0.24277525,0.8656115,0.62283625,8.68951091,-1.83860094,9.06131736,-1.14787339,10.2091908,R013,P00056,S112,S222,2,R028,P22552,S111,S211,24
-1.85,-3.05,0.19277525,0.8156115,0.62283625,9.53468585,-0.993425994,9.90649231,-0.30269845,10.2091908,R013,P00056,S112,S222,2,R028,P22552,S111,S211,24
-1.8,-3.05,0.14277525,0.7656115,0.62283625,10.3798608,-0.148251051,10.7516672,0.542476493,10.2091908,R013,P00056,S112,S222,2,R028,P22552,S111,S211,24
-1.75,-3.05,0.09277525,0.7156115,0.62283625,11.2250357,0.696923892,11.5968422,1.38765144,10.2091908,R013,P00056,S112,S222,2,R028,P22552,S111,S211,24
-1.7,-3.05,0.04277525,0.6656115,0.62283625,12.0702107,1.54209883,12.4420171,2.23282638,10.2091908,R013,P00056,S112,S222,2,R028,P22552,S111,S211,24
-1.65,-3.05,0,0.6156115,0.6156115,12.7932621,2.38727378,13.1650685,3.07800132,10.0870672,R013,P00056,S000,S000,2,R028,P22552,S111,S211,24
-1.6,-3.05,0,0.5656115,0.5656115,12.7932621,3.23244872,13.1650685,3.92317626,9.24189226,R013,P00056,S000,S000,2,R028,P22552,S111,S211,24
-1.55,-3.05,0,0.5156115,0.5156115,12.7932621,4.07762366,13.1650685,4.76835121,8.39671732,R013,P00056,S000,S000,2,R028,P22552,S111,S211,24
-1.5,-3.05,0,0.4656115,0.4656115,12.7932621,4.92279861,13.1650685,5.61352615,7.55154237,R013,P00056,S000,S000,2,R028,P22552,S111,S211,24
-1.45,-3.05,0,0.4156115,0.4156115,12.7932621,5.76797355,13.1650685,6.45870109,6.70636743,R013,P00056,S000,S000,2,R028,P22552,S111,S211,24
-1.4,-3.05,0,0.3656115,0.3656115,12.7932621,6.61314849,13.1650685,7.30387604,5.86119249,R013,P00056,S000,S000,2,R028,P22552,S111,S211,24
-1.35,-3.05,0,0.3156115,0.3156115,12.7932621,7.45832344,13.1650685,8.14905098,5.01601755,R013,P00056,S000,S000,2,R028,P22552,S111,S211,24
-1.3,-3.05,0,0.2656115,0.2656115,12.7932621,8.30349838,13.1650685,8.99422592,4.1708426,R013,P00056,S000,S000,2,R028,P22552,S111,S211,24
-1.25,-3.05,0,0.2156115,0.2156115,12.7932621,9.14867332,13.1650685,9.83940087,3.32566766,R013,P00056,S000,S000,2,R028,P22552,S111,S211,24
-1.2,-3.05,0,0.1656115,0.1656115,12.7932621,9.99384827,13.1650685,10.6845758,2.48049272,R013,P00056,S000,S000,2,R028,P22552,S111,S211,24
-1.15,-3.05,0,0.1156115,0.1156115,12.7932621,10.8390232,13.1650685,11.5297508,1.63531777,R013,P00056,S000,S000,2,R028,P22552,S111,S211,24
-1.1,-3.05,0,0.0656115,0.0656115,12.7932621,11.6841982,13.1650685,12.3749257,0.79014283,R013,P00056,S000,S000,2,R028,P22552,S111,S211,24
-1.05,-3.05,0,0.0156115,0.0156115,12.7932621,12.5293731,13.1650685,13.2201006,-0.0550321129,R013,P00056,S000,S000,2,R028,P22552,S111,S211,24
-1,-3.05,0,0,0,12.7932621,12.7932621,13.1650685,13.4839896,-0.318921085,R010,P00053,S000,S000,8,R028,P22552,S000,S000,24
-0.95,-3.05,0,0,0,12.7932621,12.7932621,13.1650685,13.4839896,-0.318921085,R001,P00001,S000,S000,27,R028,P22552,S000,S000,56
-0.9,-3.05,0,0,0,12.7932621,12.7932621,13.1650685,13.4839896,-0.318921085,R001,P00001,S000,S000,39,R028,P22552,S000,S000,56
-0.85,-3.05,0,0,0,12.7932621,12.7932621,13.1650685,13.4839896,-0.318921085,R001,P00001,S000,S000,39,R028,P22552,S000,S000,56
-0.8,-3.05,0,0,0,12.7932621,12.7932621,13.1650685,13.4839896,-0.318921085,R001,P00001,S000,S000,39,R027,P22549,S000,S000,80
-0.75,-3.05,0,0,0,12.7932621,12.7932621,13.1650685,13.4839896,-0.318921085,R001,P00001,S000,S000,39,R027,P22549,S000,S000,80
-0.7,-3.05,0,0,0,12.7932621,12.7932621,13.1650685,13.4839896,-0.318921085,R001,P00001,S000,S000,49,R027,P22549,S000,S000,80
-0.65,-3.05,0,0,0,12.7932621,12.7932621,13.1650685,13.4839896,-0.318921085,R001,P00001,S000,S000,49,R012,P04429,S000,S000,140
-0.6,-3.05,0,0,0,12.7932621,12.7932621,13.1650685,13.4839896,-0.318921085,R001,P00001,S000,S000,68,R012,P04429,S000,S000,140
-0.55,-3.05,0,0,0,12.7932621,12.7932621,13.1650685,13.4839896,-0.318921085,R001,P00001,S000,S000,68,R012,P04429,S000,S000,140
-0.5,-3.05,0,0,0,12.7932621,12.7932621,13.1650685,13.4839896,-0.318921085,R001,P00001,S000,S000,68,R012,P04429,S000,S000,140
-0.45,-3.05,0,0,0,12.7932621,12.7932621,13.1650685,13.4839896,-0.318921085,R001,P00001,S000,S000,68,R012,P04429,S000,S000,182
-0.4,-3.05,0,0,0,12.7932621,12.7932621,13.1650685,13.4839896,-0.318921085,R001,P00001,S000,S000,68,R012,P04429,S000,S000,182
-0.35,-3.05,0,0,0,12.7932621,12.7932621,13.1650685,13.4839896,-0.318921085,R001,P00001,S000,S000,68,R012,P04429,S000,S000,182
-0.3,-3.05,0,0,0,12.7932621,12.7932621,13.1650685,13.4839896,-0.318921085,R001,P00001,S000,S000,68,R010,P03778,S000,S000,520
-0.25,-3.05,0,0,0,12.7932621,12.7932621,13.1650685,13.4839896,-0.318921085,R001,P00001,S000,S000,68,R010,P03778,S000,S000,520
-0.2,-3.05,0,0,0,12.7932621,12.7932621,13.1650685,13.4839896,-0.318921085,R001,P00001,S000,S000,69,R010,P03778,S000,S000,520
-0.15,-3.05,0,0,0,12.7932621,12.7932621,13.1650685,13.4839896,-0.318921085,R001,P00001,S000,S000,79,R010,P03778,S000,S000,520
-0.1,-3.05,0,0,0,12.7932621,12.7932621,13.1650685,13.4839896,-0.318921085,R001,P00001,S000,S000,79,R010,P03778,S000,S000,560
-0.05,-3.05,0,0,0,12.7932621,12.7932621,13.1650685,13.4839896,-0.318921085,R001,P00001,S000,S000,79,R010,P03778,S000,S000,700
0,-3.05,0,0,0,12.7932621,12.7932621,13.1650685,13.4839896,-0.318921085,R001,P00001,S000,S000,79,R010,P03778,S000,S000,700
-4,-3,2.45761694,4.75740866,2.29979172,-28.749063,-67.6235897,-28.3772566,-66.9328622,38.5556056,R013,P00056,S001,S222,2,R061,P68636,S212,S211,1
-3.95,-3,2.35761694,4.45740866,2.09979172,-27.0587132,-62.5525401,-26.6869067,-61.8618125,35.1749058,R013,P00056,S001,S222,2,R061,P68636,S212,S211,1
-3.9,-3,2.25761694,4.15740866,1.89979172,-25.3683633,-57.4814904,-24.9965568,-56.7907629,31.7942061,R017,P00065,S001,S222,1,R061,P68636,S212,S211,1
-3.85,-3,2.15761694,3.86286994,1.705253,-23.6780134,-52.5027555,-23.3062069,-51.812028,28.505821,R017,P00065,S001,S222,1,R061,P68636,S111,S533,1
-3.8,-3,2.03160022,3.66286994,1.63126972,-21.5478899,-49.1220557,-21.1760835,-48.4313282,27.2552447,R025,P00220,S111,S110,1,R061,P68636,S111,S533,1
-3.75,-3,1.88160022,3.46286994,1.58126972,-19.0123651,-45.741356,-18.6405586,-45.0506284,26.4100698,R025,P00220,S111,S110,1,R061,P68636,S111,S533,1
-3.7,-3,1.73160022,3.26286994,1.53126972,-16.4768403,-42.3606562,-16.1050338,-41.6699287,25.5648948,R025,P00220,S111,S110,1,R061,P68636,S111,S533,1
-3.65,-3,1.62691497,3.06286994,1.43595497,-14.7072933,-38.9799564,-14.3354868,-38.2892289,23.9537421,R025,P00220,S221,S110,1,R061,P68636,S111,S533,1
-3.6,-3,1.52691497,2.86286994,1.33595497,-13.0169434,-35.5992567,-12.6451369,-34.9085291,22.2633922,R025,P00220,S221,S110,1,R061,P68636,S111,S533,1
-3.55,-3,1.43539822,2.66286994,1.22747172,-11.4699901,-32.2185569,-11.0981836,-31.5278293,20.4296457,R025,P00220,S221,S222,1,R061,P68636,S111,S533,1
-3.5,-3,1.43539822,2.5360715,1.10067328,-11.4699901,-30.0752196,-11.0981836,-29.3844921,18.2863085,R025,P00220,S221,S222,1,R061,P68636,S433,S533,1
-3.45,-3,1.43539822,2.4860715,1.05067328,-11.4699901,-29.2300447,-11.0981836,-28.5393172,17.4411335,R017,P00065,S221,S222,2,R061,P68636,S433,S533,1
-3.4,-3,1.43539822,2.4360715,1.00067328,-11.4699901,-28.3848698,-11.0981836,-27.6941422,16.5959586,R017,P00065,S221,S222,2,R061,P68636,S433,S533,1
-3.35,-3,1.43539822,2.3860715,0.950673281,-11.4699901,-27.5396948,-11.0981836,-26.8489673,15.7507836,R017,P00065,S221,S222,2,R061,P68636,S433,S533,1
-3.3,-3,1.43539822,2.3360715,0.900673281,-11.4699901,-26.6945199,-11.0981836,-26.0037923,14.9056087,R017,P00065,S221,S222,2,R061,P68636,S433,S533,1
-3.25,-3,1.43539822,2.2860715,0.850673281,-11.4699901,-25.8493449,-11.0981836,-25.1586174,14.0604338,R017,P00065,S221,S222,2,R061,P68636,S433,S533,1
-3.2,-3,1.43539822,2.2360715,0.800673281,-11.4699901,-25.00417,-11.0981836,-24.3134424,13.2152588,R017,P00065,S221,S222,3,R061,P68636,S433,S533,1
-3.15,-3,1.43539822,2.16933647,0.73393825,-11.4699901,-23.8761145,-11.0981836,-23.1853869,12.0872033,R017,P00065,S221,S222,3,R057,P68487,S544,S211,3
-3.1,-3,1.43539822,2.0656115,0.630213281,-11.4699901,-22.1227996,-11.0981836,-21.432072,10.3338884,R017,P00065,S221,S222,3,R057,P68487,S111,S211,3
-3.05,-3,1.43539822,2.0156115,0.580213281,-11.4699901,-21.2776246,-11.0981836,-20.5868971,9.48871345,R017,P00065,S221,S222,3,R056,P68478,S111,S211,5
-3,-3,1.39277525,1.9656115,0.57283625,-10.7495128,-20.4324497,-10.3777063,-19.7417221,9.36401581,R013,P00056,S112,S222,2,R056,P68478,S111,S211,5
-2.95,-3,1.34277525,1.9156115,0.57283625,-9.90433784,-19.5872747,-9.53253138,-18.8965472,9.36401581,R013,P00056,S112,S222,2,R056,P68478,S111,S211,5
-2.9,-3,1.29277525,1.8656115,0.57283625,-9.0591629,-18.7420998,-8.68735644,-18.0513723,9.36401581,R013,P00056,S112,S222,2,R056,P68478,S111,S211,5
-2.85,-3,1.24277525,1.8156115,0.57283625,-8.21398796,-17.8969249,-7.8421815,-17.2061973,9.36401581,R013,P00056,S112,S222,2,R056,P68478,S111,S211,5
-2.8,-3,1.19277525,1.7656115,0.57283625,-7.36881301,-17.0517499,-6.99700655,-16.3610224,9.36401581,R013,P00056,S112,S222,2,R056,P68478,S111,S211,5
-2.75,-3,1.14277525,1.7156115,0.57283625,-6.52363807,-16.206575,-6.15183161,-15.5158474,9.36401581,R013,P00056,S112,S222,2,R054,P68422,S111,S211,12
-2.7,-3,1.09277525,1.6656115,0.57283625,-5.67846313,-15.3614,-5.30665667,-14.6706725,9.36401581,R013,P00056,S112,S222,2,R054,P68422,S111,S211,12
-2.65,-3,1.04277525,1.6156115,0.57283625,-4.83328818,-14.5162251,-4.46148172,-13.8254975,9.36401581,R013,P00056,S112,S222,2,R054,P68422,S111,S211,12
-2.6,-3,0.99277525,1.5656115,0.57283625,-3.98811324,-13.6710501,-3.61630678,-12.9803226,9.36401581,R013,P00056,S112,S222,2,R054,P68422,S111,S211,12
-2.55,-3,0.94277525,1.5156115,0.57283625,-3.1429383,-12.8258752,-2.77113184,-12.1351477,9.36401581,R013,P00056,S112,S222,2,R054,P68422,S111,S211,12
-2.5,-3,0.89277525,1.4656115,0.57283625,-2.29776335,-11.9807003,-1.9259569,-11.2899727,9.36401581,R013,P00056,S112,S222,2,R054,P68422,S111,S211,12
-2.45,-3,0.84277525,1.4156115,0.57283625,-1.45258841,-11.1355253,-1.08078195,-10.4447978,9.36401581,R013,P00056,S112,S222,2,R054,P68422,S111,S211,12
-2.4,-3,0.79277525,1.3656115,0.57283625,-0.607413468,-10.2903504,-0.23560701,-9.59962282,9.36401581,R013,P00056,S112,S222,2,R054,P68422,S111,S211,12
-2.35,-3,0.74277525,1.3156115,0.57283625,0.237761475,-9.44517542,0.609567933,-8.75444788,9.36401581,R013,P00056,S112,S222,2,R054,P68422,S111,S211,12
-2.3,-3,0.69277525,1.2656115,0.57283625,1.08293642,-8.60000048,1.45474288,-7.90927294,9.36401581,R013,P00056,S112,S222,2,R054,P68422,S111,S211,12
-2.25,-3,0.64277525,1.2156115,0.57283625,1.92811136,-7.75482554,2.29991782,-7.06409799,9.36401581,R013,P00056,S112,S222,2,R054,P68422,S111,S211,12
-2.2,-3,0.59277525,1.1656115,0.57283625,2.7732863,-6.9096506,3.14509276,-6.21892305,9.36401581,R013,P00056,S112,S222,2,R054,P68422,S111,S211,12
-2.15,-3,0.54277525,1.1156115,0.57283625,3.61846125,-6.06447565,3.99026771,-5.37374811,9.36401581,R013,P00056,S112,S222,2,R054,P68422,S111,S211,12
-2.1,-3,0.49277525,1.0656115,0.57283625,4.46363619,-5.21930071,4.83544265,-4.52857317,9.36401581,R013,P00056,S112,S222,2,R054,P68422,S111,S211,12
-2.05,-3,0.44277525,1.0156115,0.57283625,5.30881113,-4.37412577,5.68061759,-3.68339822,9.36401581,R013,P00056,S112,S222,2,R054,P68422,S111,S211,12
-2,-3,0.39277525,0.9656115,0.57283625,6.15398608,-3.52895082,6.52579253,-2.83822328,9.36401581,R013,P00056,S112,S222,2,R054,P68422,S111,S211,12
-1.95,-3,0.34277525,0.9156115,0.57283625,6.99916102,-2.68377588,7.37096748,-1.99304834,9.36401581,R013,P00056,S112,S222,2,R028,P22552,S111,S211,24
-1.9,-3,0.29277525,0.8656115,0.57283625,7.84433596,-1.83860094,8.21614242,-1.14787339,9.36401581,R013,P00056,S112,S222,2,R028,P22552,S111,S211,24
-1.85,-3,0.24277525,0.8156115,0.57283625,8.68951091,-0.993425994,9.06131736,-0.30269845,9.36401581,R013,P00056,S112,S222,2,R028,P22552,S111,S211,24
-1.8,-3,0.19277525,0.7656115,0.57283625,9.53468585,-0.148251051,9.90649231,0.542476493,9.36401581,R013,P00056,S112,S222,2,R028,P22552,S111,S211,24
-1.75,-3,0.14277525,0.7156115,0.57283625,10.3798608,0.696923892,10.7516672,1.38765144,9.36401581,R013,P00056,S112,S222,2,R028,P22552,S111,S211,24
-1.7,-3,0.09277525,0.6656115,0.57283625,11.2250357,1.54209883,11.5968422,2.23282638,9.36401581,R013,P00056,S112,S222,2,R028,P22552,S111,S211,24
-1.65,-3,0.04277525,0.6156115,0.57283625,12.0702107,2.38727378,12.4420171,3.07800132,9.36401581,R013,P00056,S112,S222,2,R028,P22552,S111,S211,24
-1.6,-3,0,0.5656115,0.5656115,12.7932621,3.23244872,13.1650685,3.92317626,9.24189226,R013,P00056,S000,S000,2,R028,P22552,S111,S211,24
-1.55,-3,0,0.5156115,0.5156115,12.7932621,4.07762366,13.1650685,4.76835121,8.39671732,R013,P00056,S000,S000,2,R028,P22552,S111,S211,24
-1.5,-3,0,0.4656115,0.4656115,12.7932621,4.92279861,13.1650685,5.61352615,7.55154237,R013,P00056,S000,S000,2,R028,P22552,S111,S211,24
-1.45,-3,0,0.4156115,0.4156115,12.7932621,5.76797355,13.1650685,6.45870109,6.70636743,R013,P00056,S000,S000,2,R028,P22552,S111,S211,24
-1.4,-3,0,0.3656115,0.3656115,12.7932621,6.61314849,13.1650685,7.30387604,5.86119249,R013,P00056,S000,S000,2,R028,P22552,S111,S211,24
-1.35,-3,0,0.3156115,0.3156115,12.7932621,7.45832344,13.1650685,8.14905098,5.01601755,R013,P00056,S000,S000,2,R028,P22552,S111,S211,24
-1.3,-3,0,0.2656115,0.2656115,12.7932621,8.30349838,13.1650685,8.99422592,4.1708426,R013,P00056,S000,S000,2,R028,P22552,S111,S211,24
-1.25,-3,0,0.2156115,0.2156115,12.7932621,9.14867332,13.1650685,9.83940087,3.32566766,R013,P00056,S000,S000,2,R028,P22552,S111,S211,24
-1.2,-3,0,0.1656115,0.1656115,12.7932621,9.99384827,13.1650685,10.6845758,2.48049272,R013,P00056,S000,S000,2,R028,P22552,S111,S211,24
-1.15,-3,0,0.1156115,0.1156115,12.7932621,10.8390232,13.1650685,11.5297508,1.63531777,R013,P00056,S000,S000,2,R028,P22552,S111,S211,24
-1.1,-3,0,0.0656115,0.0656115,12.7932621,11.6841982,13.1650685,12.3749257,0.79014283,R013,P00056,S000,S000,2,R028,P22552,S111,S211,24
-1.05,-3,0,0.0156115,0.0156115,12.7932621,12.5293731,13.1650685,13.2201006,-0.0550321129,R013,P00056,S000,S000,2,R028,P22552,S111,S211,24
-1,-3,0,0,0,12.7932621,12.7932621,13.1650685,13.4839896,-0.318921085,R010,P00053,S000,S000,8,R028,P22552,S000,S000,24
-0.95,-3,0,0,0,12.7932621,12.7932621,13.1650685,13.4839896,-0.318921085,R001,P00001,S000,S000,27,R028,P22552,S000,S000,56
-0.9,-3,0,0,0,12.7932621,12.7932621,13.1650685,13.4839896,-0.318921085,R001,P00001,S000,S000,39,R028,P22552,S000,S000,56
-0.85,-3,0,0,0,12.7932621,12.7932621,13.1650685,13.4839896,-0.318921085,R001,P00001,S000,S000,39,R028,P22552,S000,S000,56
-0.8,-3,0,0,0,12.7932621,12.7932621,13.1650685,13.4839896,-0.318921085,R001,P00001,S000,S000,39,R027,P22549,S000,S000,80
-0.75,-3,0,0,0,12.7932621,12.7932621,13.1650685,13.4839896,-0.318921085,R001,P00001,S000,S000,39,R027,P22549,S000,S000,80
-0.7,-3,0,0,0,12.7932621,12.7932621,13.1650685,13.4839896,-0.318921085,R001,P00001,S000,S000,49,R027,P22549,S000,S000,80
-0.65,-3,0,0,0,12.7932621,12.7932621,13.1650685,13.4839896,-0.318921085,R001,P00001,S000,S000,49,R012,P04429,S000,S000,140
-0.6,-3,0,0,0,12.7932621,12.7932621,13.1650685,13.4839896,-0.318921085,R001,P00001,S000,S000,68,R012,P04429,S000,S000,140
-0.55,-3,0,0,0,12.7932621,12.7932621,13.1650685,13.4839896,-0.318921085,R001,P00001,S000,S000,68,R012,P04429,S000,S000,140
-0.5,-3,0,0,0,12.7932621,12.7932621,13.1650685,13.4839896,-0.318921085,R001,P00001,S000,S000,68,R012,P04429,S000,S000,140
-0.45,-3,0,0,0,12.7932621,12.7932621,13.1650685,13.4839896,-0.318921085,R001,P00001,S000,S000,68,R012,P04429,S000,S000,182
-0.4,-3,0,0,0,12.7932621,12.7932621,13.1650685,13.4839896,-0.318921085,R001,P00001,S000,S000,68,R012,P04429,S000,S000,182
-0.35,-3,0,0,0,12.7932621,12.7932621,13.1650685,13.4839896,-0.318921085,R001,P00001,S000,S000,68,R012,P04429,S000,S000,182
-0.3,-3,0,0,0,12.7932621,12.7932621,13.1650685,13.4839896,-0.318921085,R001,P00001,S000,S000,68,R010,P03778,S000,S000,520
-0.25,-3,0,0,0,12.7932621,12.7932621,13.1650685,13.4839896,-0.318921085,R001,P00001,S000,S000,68,R010,P03778,S000,S000,520
-0.2,-3,0,0,0,12.7932621,12.7932621,13.1650685,13.4839896,-0.318921085,R001,P00001,S000,S000,69,R010,P03778,S000,S000,520
-0.15,-3,0,0,0,12.7932621,12.7932621,13.1650685,13.4839896,-0.318921085,R001,P00001,S000,S000,79,R010,P03778,S000,S000,520
-0.1,-3,0,0,0,12.7932621,12.7932621,13.1650685,13.4839896,-0.318921085,R001,P00001,S000,S000,79,R010,P03778,S000,S000,560
-0.05,-3,0,0,0,12.7932621,12.7932621,13.1650685,13.4839896,-0.318921085,R001,P00001,S000,S000,79,R010,P03778,S000,S000,700
0,-3,0,0,0,12.7932621,12.7932621,13.1650685,13.4839896,-0.318921085,R001,P00001,S000,S000,79,R010,P03778,S000,S000,700
-4,-2.95,2.58261694,5.02142866,2.43881172,-30.8620004,-72.0864515,-30.4901939,-71.395724,40.90553,R013,P00056,S001,S222,2,R029,P24279,S001,S000,2
-3.95,-2.95,2.48261694,4.73240866,2.24979172,-29.1716505,-67.2010023,-28.7998441,-66.5102747,37.7104307,R013,P00056,S001,S222,2,R061,P68636,S212,S211,1
-3.9,-2.95,2.38261694,4.43240866,2.04979172,-27.4813006,-62.1299526,-27.1094942,-61.4392251,34.3297309,R013,P00056,S001,S222,2,R061,P68636,S212,S211,1
-3.85,-2.95,2.28261694,4.13240866,1.84979172,-25.7909507,-57.0589029,-25.4191443,-56.3681754,30.9490311,R017,P00065,S001,S222,1,R061,P68636,S212,S211,1
-3.8,-2.95,2.15660022,3.83240866,1.67580844,-23.6608273,-51.9878533,-23.2890208,-51.2971257,28.0081049,R025,P00220,S111,S110,1,R061,P68636,S212,S211,1
-3.75,-2.95,2.00660022,3.61286994,1.60626972,-21.1253024,-48.2768808,-20.753496,-47.5861533,26.8326573,R025,P00220,S111,S110,1,R061,P68636,S111,S533,1
-3.7,-2.95,1.85660022,3.41286994,1.55626972,-18.5897776,-44.896181,-18.2179712,-44.2054535,25.9874823,R025,P00220,S111,S110,1,R061,P68636,S111,S533,1
-3.65,-2.95,1.70660022,3.21286994,1.50626972,-16.0542528,-41.5154813,-15.6824463,-40.8247537,25.1423074,R025,P00220,S111,S110,1,R061,P68636,S111,S533,1
-3.6,-2.95,1.60191497,3.01286994,1.41095497,-14.2847058,-38.1347815,-13.9128993,-37.4440539,23.5311546,R025,P00220,S221,S110,1,R061,P68636,S111,S533,1
-3.55,-2.95,1.50191497,2.81286994,1.31095497,-12.5943559,-34.7540817,-12.2225494,-34.0633542,21.8408047,R025,P00220,S221,S110,1,R061,P68636,S111,S533,1
-3.5,-2.95,1.46039822,2.61286994,1.15247172,-11.8925776,-31.3733819,-11.5207711,-30.6826544,19.1618833,R025,P00220,S221,S222,1,R061,P68636,S111,S533,1
-3.45,-2.95,1.46039822,2.4860715,1.02567328,-11.8925776,-29.2300447,-11.5207711,-28.5393172,17.0185461,R025,P00220,S221,S222,1,R061,P68636,S433,S533,1
-3.4,-2.95,1.46039822,2.4360715,0.975673281,-11.8925776,-28.3848698,-11.5207711,-27.6941422,16.1733711,R017,P00065,S221,S222,2,R061,P68636,S433,S533,1
-3.35,-2.95,1.46039822,2.3860715,0.925673281,-11.8925776,-27.5396948,-11.5207711,-26.8489673,15.3281962,R017,P00065,S221,S222,2,R061,P68636,S433,S533,1
-3.3,-2.95,1.46039822,2.3360715,0.875673281,-11.8925776,-26.6945199,-11.5207711,-26.0037923,14.4830212,R017,P00065,S221,S222,2,R061,P68636,S433,S533,1
-3.25,-2.95,1.46039822,2.2860715,0.825673281,-11.8925776,-25.8493449,-11.5207711,-25.1586174,13.6378463,R017,P00065,S221,S222,2,R061,P68636,S433,S533,1
-3.2,-2.95,1.46039822,2.2360715,0.775673281,-11.8925776,-25.00417,-11.5207711,-24.3134424,12.7926713,R017,P00065,S221,S222,3,R061,P68636,S433,S533,1
-3.15,-2.95,1.46039822,2.1860715,0.725673281,-11.8925776,-24.158995,-11.5207711,-23.4682675,11.9474964,R017,P00065,S221,S222,3,R061,P68636,S433,S533,1
-3.1,-2.95,1.46039822,2.09433647,0.63393825,-11.8925776,-22.6083521,-11.5207711,-21.9176245,10.3968534,R017,P00065,S221,S222,3,R057,P68487,S544,S211,3
-3.05,-2.95,1.46039822,2.0156115,0.555213281,-11.8925776,-21.2776246,-11.5207711,-20.5868971,9.06612598,R017,P00065,S221,S222,3,R056,P68478,S111,S211,5
-3,-2.95,1.44277525,1.9656115,0.52283625,-11.5946877,-20.4324497,-11.2228813,-19.7417221,8.51884087,R013,P00056,S112,S222,2,R056,P68478,S111,S211,5
-2.95,-2.95,1.39277525,1.9156115,0.52283625,-10.7495128,-19.5872747,-10.3777063,-18.8965472,8.51884087,R013,P00056,S112,S222,2,R056,P68478,S111,S211,5
-2.9,-2.95,1.34277525,1.8656115,0.52283625,-9.90433784,-18.7420998,-9.53253138,-18.0513723,8.51884087,R013,P00056,S112,S222,2,R056,P68478,S111,S211,5
-2.85,-2.95,1.29277525,1.8156115,0.52283625,-9.0591629,-17.8969249,-8.68735644,-17.2061973,8.51884087,R013,P00056,S112,S222,2,R056,P68478,S111,S211,5
-2.8,-2.95,1.24277525,1.7656115,0.52283625,-8.21398796,-17.0517499,-7.8421815,-16.3610224,8.51884087,R013,P00056,S112,S222,2,R056,P68478,S111,S211,5
-2.75,-2.95,1.19277525,1.7156115,0.52283625,-7.36881301,-16.206575,-6.99700655,-15.5158474,8.51884087,R013,P00056,S112,S222,2,R056,P68478,S111,S211,5
-2.7,-2.95,1.14277525,1.6656115,0.52283625,-6.52363807,-15.3614,-6.15183161,-14.6706725,8.51884087,R013,P00056,S112,S222,2,R054,P68422,S111,S211,12
-2.65,-2.95,1.09277525,1.6156115,0.52283625,-5.67846313,-14.5162251,-5.30665667,-13.8254975,8.51884087,R013,P00056,S112,S222,2,R054,P68422,S111,S211,12
-2.6,-2.95,1.04277525,1.5656115,0.52283625,-4.83328818,-13.6710501,-4.46148172,-12.9803226,8.51884087,R013,P00056,S112,S222,2,R054,P68422,S111,S211,12
-2.55,-2.95,0.99277525,1.5156115,0.52283625,-3.98811324,-12.8258752,-3.61630678,-12.1351477,8.51884087,R013,P00056,S112,S222,2,R054,P68422,S111,S211,12
-2.5,-2.95,0.94277525,1.4656115,0.52283625,-3.1429383,-11.9807003,-2.77113184,-11.2899727,8.51884087,R013,P00056,S112,S222,2,R054,P68422,S111,S211,12
-2.45,-2.95,0.89277525,1.4156115,0.52283625,-2.29776335,-11.1355253,-1.9259569,-10.4447978,8.51884087,R013,P00056,S112,S222,2,R054,P68422,S111,S211,12
-2.4,-2.95,0.84277525,1.3656115,0.52283625,-1.45258841,-10.2903504,-1.08078195,-9.59962282,8.51884087,R013,P00056,S112,S222,2,R054,P68422,S111,S211,12
-2.35,-2.95,0.79277525,1.3156115,0.52283625,-0.607413468,-9.44517542,-0.23560701,-8.75444788,8.51884087,R013,P00056,S112,S222,2,R054,P68422,S111,S211,12
-2.3,-2.95,0.74277525,1.2656115,0.52283625,0.237761475,-8.60000048,0.609567933,-7.90927294,8.51884087,R013,P00056,S112,S222,2,R054,P68422,S111,S211,12
-2.25,-2.95,0.69277525,1.2156115,0.52283625,1.08293642,-7.75482554,1.45474288,-7.06409799,8.51884087,R013,P00056,S112,S222,2,R054,P68422,S111,S211,12
-2.2,-2.95,0.64277525,1.1656115,0.52283625,1.92811136,-6.9096506,2.29991782,-6.21892305,8.51884087,R013,P00056,S112,S222,2,R054,P68422,S111,S211,12
-2.15,-2.95,0.59277525,1.1156115,0.52283625,2.7732863,-6.06447565,3.14509276,-5.37374811,8.51884087,R013,P00056,S112,S222,2,R054,P68422,S111,S211,12
-2.1,-2.95,0.54277525,1.0656115,0.52283625,3.61846125,-5.21930071,3.99026771,-4.52857317,8.51884087,R013,P00056,S112,S222,2,R054,P68422,S111,S211,12
-2.05,-2.95,0.49277525,1.0156115,0.52283625,4.46363619,-4.37412577,4.83544265,-3.68339822,8.51884087,R013,P00056,S112,S222,2,R054,P68422,S111,S211,12
-2,-2.95,0.44277525,0.9656115,0.52283625,5.30881113,-3.52895082,5.68061759,-2.83822328,8.51884087,R013,P00056,S112,S222,2,R054,P68422,S111,S211,12
-1.95,-2.95,0.39277525,0.9156115,0.52283625,6.15398608,-2.68377588,6.52579253,-1.99304834,8.51884087,R013,P00056,S112,S222,2,R054,P68422,S111,S211,12
-1.9,-2.95,0.34277525,0.8656115,0.52283625,6.99916102,-1.83860094,7.37096748,-1.14787339,8.51884087,R013,P00056,S112,S222,2,R028,P22552,S111,S211,24
-1.85,-2.95,0.29277525,0.8156115,0.52283625,7.84433596,-0.993425994,8.21614242,-0.30269845,8.51884087,R013,P00056,S112,S222,2,R028,P22552,S111,S211,24
-1.8,-2.95,0.24277525,0.7656115,0.52283625,8.68951091,-0.148251051,9.06131736,0.542476493,8.51884087,R013,P00056,S112,S222,2,R028,P22552,S111,S211,24
-1.75,-2.95,0.19277525,0.7156115,0.52283625,9.53468585,0.696923892,9.90649231,1.38765144,8.51884087,R013,P00056,S112,S222,2,R028,P22552,S111,S211,24
-1.7,-2.95,0.14277525,0.6656115,0.52283625,10.3798608,1.54209883,10.7516672,2.23282638,8.51884087,R013,P00056,S112,S222,2,R028,P22552,S111,S211,24
-1.65,-2.95,0.09277525,0.6156115,0.52283625,11.2250357,2.38727378,11.5968422,3.07800132,8.51884087,R013,P00056,S112,S222,2,R028,P22552,S111,S211,24
-1.6,-2.95,0.04277525,0.5656115,0.52283625,12.0702107,3.23244872,12.4420171,3.92317626,8.51884087,R013,P00056,S112,S222,2,R028,P22552,S111,S211,24
-1.55,-2.95,0,0.5156115,0.5156115,12.7932621,4.07762366,13.1650685,4.76835121,8.39671732,R013,P00056,S000,S000,2,R028,P22552,S111,S211,24
-1.5,-2.95,0,0.4656115,0.4656115,12.7932621,4.92279861,13.1650685,5.61352615,7.55154237,R013,P00056,S000,S000,2,R028,P22552,S111,S211,24
-1.45,-2.95,0,0.4156115,0.4156115,12.7932621,5.76797355,13.1650685,6.45870109,6.70636743,R013,P00056,S000,S000,2,R028,P22552,S111,S211,24
-1.4,-2.95,0,0.3656115,0.3656115,12.7932621,6.61314849,13.1650685,7.30387604,5.86119249,R013,P00056,S000,S000,2,R028,P22552,S111,S211,24
-1.35,-2.95,0,0.3156115,0.3156115,12.7932621,7.45832344,13.1650685,8.14905098,5.01601755,R013,P00056,S000,S000,2,R028,P22552,S111,S211,24
-1.3,-2.95,0,0.2656115,0.2656115,12.7932621,8.30349838,13.1650685,8.99422592,4.1708426,R013,P00056,S000,S000,2,R028,P22552,S111,S211,24
-1.25,-2.95,0,0.2156115,0.2156115,12.7932621,9.14867332,13.1650685,9.83940087,3.32566766,R013,P00056,S000,S000,2,R028,P22552,S111,S211,24
-1.2,-2.95,0,0.1656115,0.1656115,12.7932621,9.99384827,13.1650685,10.6845758,2.48049272,R013,P00056,S000,S000,2,R028,P22552,S111,S211,24
-1.15,-2.95,0,0.1156115,0.1156115,12.7932621,10.8390232,13.1650685,11.5297508,1.63531777,R013,P00056,S000,S000,2,R028,P22552,S111,S211,24
-1.1,-2.95,0,0.0656115,0.0656115,12.7932621,11.6841982,13.1650685,12.3749257,0.79014283,R013,P00056,S000,S000,2,R028,P22552,S111,S211,24
-1.05,-2.95,0,0.0156115,0.0156115,12.7932621,12.5293731,13.1650685,13.2201006,-0.0550321129,R013,P00056,S000,S000,2,R028,P22552,S111,S211,24
-1,-2.95,0,0,0,12.7932621,12.7932621,13.1650685,13.4839896,-0.318921085,R010,P00053,S000,S000,8,R028,P22552,S000,S000,24
-0.95,-2.95,0,0,0,12.7932621,12.7932621,13.1650685,13.4839896,-0.318921085,R001,P00001,S000,S000,27,R028,P22552,S000,S000,56
-0.9,-2.95,0,0,0,12.7932621,12.7932621,13.1650685,13.4839896,-0.318921085,R001,P00001,S000,S000,39,R028,P22552,S000,S000,56
-0.85,-2.95,0,0,0,12.7932621,12.7932621,13.1650685,13.4839896,-0.318921085,R001,P00001,S000,S000,39,R028,P22552,S000,S000,56
-0.8,-2.95,0,0,0,12.7932621,12.7932621,13.1650685,13.4839896,-0.318921085,R001,P00001,S000,S000,39,R027,P22549,S000,S000,80
-0.75,-2.95,0,0,0,12.7932621,12.7932621,13.1650685,13.4839896,-0.318921085,R001,P00001,S000,S000,39,R027,P22549,S000,S000,80
-0.7,-2.95,0,0,0,12.7932621,12.7932621,13.1650685,13.4839896,-0.318921085,R001,P00001,S000,S000,49,R027,P22549,S000,S000,80
-0.65,-2.95,0,0,0,12.7932621,12.7932621,13.1650685,13.4839896,-0.318921085,R001,P00001,S000,S000,49,R012,P04429,S000,S000,140
-0.6,-2.95,0,0,0,12.7932621,12.7932621,13.1650685,13.4839896,-0.318921085,R001,P00001,S000,S000,68,R012,P04429,S000,S000,140
-0.55,-2.95,0,0,0,12.7932621,12.7932621,13.1650685,13.4839896,-0.318921085,R001,P00001,S000,S000,68,R012,P04429,S000,S000,140
-0.5,-2.95,0,0,0,12.7932621,12.7932621,13.1650685,13.4839896,-0.318921085,R001,P00001,S000,S000,68,R012,P04429,S000,S000,140
-0.45,-2.95,0,0,0,12.7932621,12.7932621,13.1650685,13.4839896,-0.318921085,R001,P00001,S000,S000,68,R012,P04429,S000,S000,182
-0.4,-2.95,0,0,0,12.7932621,12.7932621,13.1650685,13.4839896,-0.318921085,R001,P00001,S000,S000,68,R012,P04429,S000,S000,182
-0.35,-2.95,0,0,0,12.7932621,12.7932621,13.1650685,13.4839896,-0.318921085,R001,P00001,S000,S000,68,R012,P04429,S000,S000,182
-0.3,-2.95,0,0,0,12.7932621,12.7932621,13.1650685,13.4839896,-0.318921085,R001,P00001,S000,S000,68,R010,P03778,S000,S000,520
-0.25,-2.95,0,0,0,12.7932621,12.7932621,13.1650685,13.4839896,-0.318921085,R001,P00001,S000,S000,68,R010,P03778,S000,S000,520
-0.2,-2.95,0,0,0,12.7932621,12.7932621,13.1650685,13.4839896,-0.318921085,R001,P00001,S000,S000,69,R010,P03778,S000,S000,520
-0.15,-2.95,0,0,0,12.7932621,12.7932621,13.1650685,13.4839896,-0.318921085,R001,P00001,S000,S000,79,R010,P03778,S000,S000,520
-0.1,-2.95,0,0,0,12.7932621,12.7932621,13.1650685,13.4839896,-0.318921085,R001,P00001,S000,S000,79,R010,P03778,S000,S000,560
-0.05,-2.95,0,0,0,12.7932621,12.7932621,13.1650685,13.4839896,-0.318921085,R001,P00001,S000,S000,79,R010,P03778,S000,S000,700
0,-2.95,0,0,0,12.7932621,12.7932621,13.1650685,13.4839896,-0.318921085,R001,P00001,S000,S000,79,R010,P03778,S000,S000,700
-4,-2.9,2.70761694,5.29642866,2.58881172,-32.9749378,-76.7349137,-32.6031313,-76.0441861,43.4410548,R013,P00056,S001,S222,2,R029,P24279,S001,S000,2
-3.95,-2.9,2.60761694,4.99642866,2.38881172,-31.2845879,-71.663864,-30.9127814,-70.9731365,40.0603551,R013,P00056,S001,S222,2,R029,P24279,S001,S000,2
-3.9,-2.9,2.50761694,4.70740866,2.19979172,-29.594238,-66.7784148,-29.2224315,-66.0876872,36.8652557,R013,P00056,S001,S222,2,R061,P68636,S212,S211,1
-3.85,-2.9,2.40761694,4.40740866,1.99979172,-27.9038881,-61.7073651,-27.5320816,-61.0166376,33.4845559,R013,P00056,S001,S222,2,R061,P68636,S212,S211,1
-3.8,-2.9,2.28160022,4.10740866,1.82580844,-25.7737646,-56.6363155,-25.4019582,-55.9455879,30.5436297,R025,P00220,S111,S110,1,R061,P68636,S212,S211,1
-3.75,-2.9,2.13160022,3.80740866,1.67580844,-23.2382398,-51.5652658,-22.8664333,-50.8745383,28.0081049,R025,P00220,S111,S110,1,R061,P68636,S212,S211,1
-3.7,-2.9,1.98160022,3.56286994,1.58126972,-20.702715,-47.4317059,-20.3309085,-46.7409783,26.4100698,R025,P00220,S111,S110,1,R061,P68636,S111,S533,1
-3.65,-2.9,1.83160022,3.36286994,1.53126972,-18.1671901,-44.0510061,-17.7953837,-43.3602785,25.5648948,R025,P00220,S111,S110,1,R061,P68636,S111,S533,1
-3.6,-2.9,1.68160022,3.16286994,1.48126972,-15.6316653,-40.6703063,-15.2598589,-39.9795788,24.7197199,R025,P00220,S111,S110,1,R061,P68636,S111,S533,1
-3.55,-2.9,1.57691497,2.96286994,1.38595497,-13.8621183,-37.2896065,-13.4903119,-36.598879,23.1085671,R025,P00220,S221,S110,1,R061,P68636,S111,S533,1
-3.5,-2.9,1.48539822,2.76286994,1.27747172,-12.315165,-33.9089068,-11.9433586,-33.2181792,21.2748206,R025,P00220,S221,S222,1,R061,P68636,S111,S533,1
-3.45,-2.9,1.48539822,2.56286994,1.07747172,-12.315165,-30.528207,-11.9433586,-29.8374794,17.8941209,R025,P00220,S221,S222,1,R061,P68636,S111,S533,1
-3.4,-2.9,1.48539822,2.4360715,0.950673281,-12.315165,-28.3848698,-11.9433586,-27.6941422,15.7507836,R025,P00220,S221,S222,1,R061,P68636,S433,S533,1
-3.35,-2.9,1.48539822,2.3860715,0.900673281,-12.315165,-27.5396948,-11.9433586,-26.8489673,14.9056087,R017,P00065,S221,S222,2,R061,P68636,S433,S533,1
-3.3,-2.9,1.48539822,2.3360715,0.850673281,-12.315165,-26.6945199,-11.9433586,-26.0037923,14.0604338,R017,P00065,S221,S222,2,R061,P68636,S433,S533,1
-3.25,-2.9,1.48539822,2.2860715,0.800673281,-12.315165,-25.8493449,-11.9433586,-25.1586174,13.2152588,R017,P00065,S221,S222,2,R061,P68636,S433,S533,1
-3.2,-2.9,1.48539822,2.2360715,0.750673281,-12.315165,-25.00417,-11.9433586,-24.3134424,12.3700839,R017,P00065,S221,S222,2,R061,P68636,S433,S533,1
-3.15,-2.9,1.48539822,2.1860715,0.700673281,-12.315165,-24.158995,-11.9433586,-23.4682675,11.5249089,R017,P00065,S221,S222,3,R061,P68636,S433,S533,1
-3.1,-2.9,1.48539822,2.1360715,0.650673281,-12.315165,-23.3138201,-11.9433586,-22.6230926,10.679734,R017,P00065,S221,S222,3,R061,P68636,S433,S533,1
-3.05,-2.9,1.48539822,2.01933647,0.53393825,-12.315165,-21.3405896,-11.9433586,-20.6498621,8.70650352,R017,P00065,S221,S222,3,R057,P68487,S544,S211,3
-3,-2.9,1.48539822,1.9656115,0.480213281,-12.315165,-20.4324497,-11.9433586,-19.7417221,7.79836356,R017,P00065,S221,S222,3,R056,P68478,S111,S211,5
-2.95,-2.9,1.44277525,1.9156115,0.47283625,-11.5946877,-19.5872747,-11.2228813,-18.8965472,7.67366593,R013,P00056,S112,S222,2,R056,P68478,S111,S211,5
-2.9,-2.9,1.39277525,1.8656115,0.47283625,-10.7495128,-18.7420998,-10.3777063,-18.0513723,7.67366593,R013,P00056,S112,S222,2,R056,P68478,S111,S211,5
-2.85,-2.9,1.34277525,1.8156115,0.47283625,-9.90433784,-17.8969249,-9.53253138,-17.2061973,7.67366593,R013,P00056,S112,S222,2,R056,P68478,S111,S211,5
-2.8,-2.9,1.29277525,1.7656115,0.47283625,-9.0591629,-17.0517499,-8.68735644,-16.3610224,7.67366593,R013,P00056,S112,S222,2,R056,P68478,S111,S211,5
-2.75,-2.9,1.24277525,1.7156115,0.47283625,-8.21398796,-16.206575,-7.8421815,-15.5158474,7.67366593,R013,P00056,S112,S222,2,R056,P68478,S111,S211,5
-2.7,-2.9,1.19277525,1.6656115,0.47283625,-7.36881301,-15.3614,-6.99700655,-14.6706725,7.67366593,R013,P00056,S112,S222,2,R056,P68478,S111,S211,5
-2.65,-2.9,1.14277525,1.6156115,0.47283625,-6.52363807,-14.5162251,-6.15183161,-13.8254975,7.67366593,R013,P00056,S112,S222,2,R054,P68422,S111,S211,12
-2.6,-2.9,1.09277525,1.5656115,0.47283625,-5.67846313,-13.6710501,-5.30665667,-12.9803226,7.67366593,R013,P00056,S112,S222,2,R054,P68422,S111,S211,12
-2.55,-2.9,1.04277525,1.5156115,0.47283625,-4.83328818,-12.8258752,-4.46148172,-12.1351477,7.67366593,R013,P00056,S112,S222,2,R054,P68422,S111,S211,12
-2.5,-2.9,0.99277525,1.4656115,0.47283625,-3.98811324,-11.9807003,-3.61630678,-11.2899727,7.67366593,R013,P00056,S112,S222,2,R054,P68422,S111,S211,12
-2.45,-2.9,0.94277525,1.4156115,0.47283625,-3.1429383,-11.1355253,-2.77113184,-10.4447978,7.67366593,R013,P00056,S112,S222,2,R054,P68422,S111,S211,12
-2.4,-2.9,0.89277525,1.3656115,0.47283625,-2.29776335,-10.2903504,-1.9259569,-9.59962282,7.67366593,R013,P00056,S112,S222,2,R054,P68422,S111,S211,12
-2.35,-2.9,0.84277525,1.3156115,0.47283625,-1.45258841,-9.44517542,-1.08078195,-8.75444788,7.67366593,R013,P00056,S112,S222,2,R054,P68422,S111,S211,12
-2.3,-2.9,0.79277525,1.2656115,0.47283625,-0.607413468,-8.60000048,-0.23560701,-7.90927294,7.67366593,R013,P00056,S112,S222,2,R054,P68422,S111,S211,12
-2.25,-2.9,0.74277525,1.2156115,0.47283625,0.237761475,-7.75482554,0.609567933,-7.06409799,7.67366593,R013,P00056,S112,S222,2,R054,P68422,S111,S211,12
-2.2,-2.9,0.69277525,1.1656115,0.47283625,1.08293642,-6.9096506,1.45474288,-6.21892305,7.67366593,R013,P00056,S112,S222,2,R054,P68422,S111,S211,12
-2.15,-2.9,0.64277525,1.1156115,0.47283625,1.92811136,-6.06447565,2.29991782,-5.37374811,7.67366593,R013,P00056,S112,S222,2,R054,P68422,S111,S211,12
-2.1,-2.9,0.59277525,1.0656115,0.47283625,2.7732863,-5.21930071,3.14509276,-4.52857317,7.67366593,R013,P00056,S112,S222,2,R054,P68422,S111,S211,12
-2.05,-2.9,0.54277525,1.0156115,0.47283625,3.61846125,-4.37412577,3.99026771,-3.68339822,7.67366593,R013,P00056,S112,S222,2,R054,P68422,S111,S211,12
-2,-2.9,0.49277525,0.9656115,0.47283625,4.46363619,-3.52895082,4.83544265,-2.83822328,7.67366593,R013,P00056,S112,S222,2,R054,P68422,S111,S211,12
-1.95,-2.9,0.44277525,0.9156115,0.47283625,5.30881113,-2.68377588,5.68061759,-1.99304834,7.67366593,R013,P00056,S112,S222,2,R054,P68422,S111,S211,12
-1.9,-2.9,0.39277525,0.8656115,0.47283625,6.15398608,-1.83860094,6.52579253,-1.14787339,7.67366593,R013,P00056,S112,S222,2,R054,P68422,S111,S211,12
-1.85,-2.9,0.34277525,0.8156115,0.47283625,6.99916102,-0.993425994,7.37096748,-0.30269845,7.67366593,R013,P00056,S112,S222,2,R028,P22552,S111,S211,24
-1.8,-2.9,0.29277525,0.7656115,0.47283625,7.84433596,-0.148251051,8.21614242,0.542476493,7.67366593,R013,P00056,S112,S222,2,R028,P22552,S111,S211,24
-1.75,-2.9,0.24277525,0.7156115,0.47283625,8.68951091,0.696923892,9.06131736,1.38765144,7.67366593,R013,P00056,S112,S222,2,R028,P22552,S111,S211,24
-1.7,-2.9,0.19277525,0.6656115,0.47283625,9.53468585,1.54209883,9.90649231,2.23282638,7.67366593,R013,P00056,S112,S222,2,R028,P22552,S111,S211,24
-1.65,-2.9,0.14277525,0.6156115,0.47283625,10.3798608,2.38727378,10.7516672,3.07800132,7.67366593,R013,P00056,S112,S222,2,R028,P22552,S111,S211,24
-1.6,-2.9,0.09277525,0.5656115,0.47283625,11.2250357,3.23244872,11.5968422,3.92317626,7.67366593,R013,P00056,S112,S222,2,R028,P22552,S111,S211,24
-1.55,-2.9,0.04277525,0.5156115,0.47283625,12.0702107,4.07762366,12.4420171,4.76835121,7.67366593,R013,P00056,S112,S222,2,R028,P22552,S111,S211,24
-1.5,-2.9,0,0.4656115,0.4656115,12.7932621,4.92279861,13.1650685,5.61352615,7.55154237,R013,P00056,S000,S000,2,R028,P22552,S111,S211,24
-1.45,-2.9,0,0.4156115,0.4156115,12.7932621,5.76797355,13.1650685,6.45870109,6.70636743,R013,P00056,S000,S000,2,R028,P22552,S111,S211,24
-1.4,-2.9,0,0.3656115,0.3656115,12.7932621,6.61314849,13.1650685,7.30387604,5.86119249,R013,P00056,S000,S000,2,R028,P22552,S111,S211,24
-1.35,-2.9,0,0.3156115,0.3156115,12.7932621,7.45832344,13.1650685,8.14905098,5.01601755,R013,P00056,S000,S000,2,R028,P22552,S111,S211,24
-1.3,-2.9,0,0.2656115,0.2656115,12.7932621,8.30349838,13.1650685,8.99422592,4.1708426,R013,P00056,S000,S000,2,R028,P22552,S111,S211,24
-1.25,-2.9,0,0.2156115,0.2156115,12.7932621,9.14867332,13.1650685,9.83940087,3.32566766,R013,P00056,S000,S000,2,R028,P22552,S111,S211,24
-1.2,-2.9,0,0.1656115,0.1656115,12.7932621,9.99384827,13.1650685,10.6845758,2.48049272,R013,P00056,S000,S000,2,R028,P22552,S111,S211,24
-1.15,-2.9,0,0.1156115,0.1156115,12.7932621,10.8390232,13.1650685,11.5297508,1.63531777,R013,P00056,S000,S000,2,R028,P22552,S111,S211,24
-1.1,-2.9,0,0.0656115,0.0656115,12.7932621,11.6841982,13.1650685,12.3749257,0.79014283,R013,P00056,S000,S000,2,R028,P22552,S111,S211,24
-1.05,-2.9,0,0.0156115,0.0156115,12.7932621,12.5293731,13.1650685,13.2201006,-0.0550321129,R013,P00056,S000,S000,2,R028,P22552,S111,S211,24
-1,-2.9,0,0,0,12.7932621,12.7932621,13.1650685,13.4839896,-0.318921085,R010,P00053,S000,S000,8,R028,P22552,S000,S000,24
-0.95,-2.9,0,0,0,12.7932621,12.7932621,13.1650685,13.4839896,-0.318921085,R001,P00001,S000,S000,27,R028,P22552,S000,S000,56
-0.9,-2.9,0,0,0,12.7932621,12.7932621,13.1650685,13.4839896,-0.318921085,R001,P00001,S000,S000,39,R028,P22552,S000,S000,56
-0.85,-2.9,0,0,0,12.7932621,12.7932621,13.1650685,13.4839896,-0.318921085,R001,P00001,S000,S000,39,R028,P22552,S000,S000,56
-0.8,-2.9,0,0,0,12.7932621,12.7932621,13.1650685,13.4839896,-0.318921085,R001,P00001,S000,S000,39,R027,P22549,S000,S000,80
-0.75,-2.9,0,0,0,12.7932621,12.7932621,13.1650685,13.4839896,-0.318921085,R001,P00001,S000,S000,39,R027,P22549,S000,S000,80
-0.7,-2.9,0,0,0,12.7932621,12.7932621,13.1650685,13.4839896,-0.318921085,R001,P00001,S000,S000,49,R027,P22549,S000,S000,80
-0.65,-2.9,0,0,0,12.7932621,12.7932621,13.1650685,13.4839896,-0.318921085,R001,P00001,S000,S000,49,R012,P04429,S000,S000,140
-0.6,-2.9,0,0,0,12.7932621,12.7932621,13.1650685,13.4839896,-0.318921085,R001,P00001,S000,S000,68,R012,P04429,S000,S000,140
-0.55,-2.9,0,0,0,12.7932621,12.7932621,13.1650685,13.4839896,-0.318921085,R001,P00001,S000,S000,68,R012,P04429,S000,S000,140
-0.5,-2.9,0,0,0,12.7932621,12.7932621,13.1650685,13.4839896,-0.318921085,R001,P00001,S000,S000,68,R012,P04429,S000,S000,140
-0.45,-2.9,0,0,0,12.7932621,12.7932621,13.1650685,13.4839896,-0.318921085,R001,P00001,S000,S000,68,R012,P04429,S000,S000,182
-0.4,-2.9,0,0,0,12.7932621,12.7932621,13.1650685,13.4839896,-0.318921085,R001,P00001,S000,S000,68,R012,P04429,S000,S000,182
-0.35,-2.9,0,0,0,12.7932621,12.7932621,13.1650685,13.4839896,-0.318921085,R001,P00001,S000,S000,68,R012,P04429,S000,S000,182
-0.3,-2.9,0,0,0,12.7932621,12.7932621,13.1650685,13.4839896,-0.318921085,R001,P00001,S000,S000,68,R010,P03778,S000,S000,520
-0.25,-2.9,0,0,0,12.7932621,12.7932621,13.1650685,13.4839896,-0.318921085,R001,P00001,S000,S000,68,R010,P03778,S000,S000,520
-0.2,-2.9,0,0,0,12.7932621,12.7932621,13.1650685,13.4839896,-0.318921085,R001,P00001,S000,S000,69,R010,P03778,S000,S000,520
-0.15,-2.9,0,0,0,12.7932621,12.7932621,13.1650685,13.4839896,-0.318921085,R001,P00001,S000,S000,79,R010,P03778,S000,S000,520
-0.1,-2.9,0,0,0,12.7932621,12.7932621,13.1650685,13.4839896,-0.318921085,R001,P00001,S000,S000,79,R010,P03778,S000,S000,560
-0.05,-2.9,0,0,0,12.7932621,12.7932621,13.1650685,13.4839896,-0.318921085,R001,P00001,S000,S000,79,R010,P03778,S000,S000,700
0,-2.9,0,0,0,12.7932621,12.7932621,13.1650685,13.4839896,-0.318921085,R001,P00001,S000,S000,79,R010,P03778,S000,S000,700
-4,-2.85,2.83261694,5.57142866,2.73881172,-35.0878751,-81.3833759,-34.7160687,-80.6926483,45.9765797,R013,P00056,S001,S222,2,R029,P24279,S001,S000,2
-3.95,-2.85,2.73261694,5.27142866,2.53881172,-33.3975252,-76.3123262,-33.0257188,-75.6215987,42.5958799,R013,P00056,S001,S222,2,R029,P24279,S001,S000,2
-3.9,-2.85,2.63261694,4.97142866,2.33881172,-31.7071753,-71.2412766,-31.3353689,-70.550549,39.2151801,R013,P00056,S001,S222,2,R029,P24279,S001,S000,2
-3.85,-2.85,2.53261694,4.68240866,2.14979172,-30.0168255,-66.3558273,-29.645019,-65.6650998,36.0200808,R013,P00056,S001,S222,2,R061,P68636,S212,S211,1
-3.8,-2.85,2.40660022,4.38240866,1.97580844,-27.886702,-61.2847777,-27.5148955,-60.5940501,33.0791546,R025,P00220,S111,S110,1,R061,P68636,S212,S211,1
-3.75,-2.85,2.25660022,4.08240866,1.82580844,-25.3511772,-56.213728,-24.9793707,-55.5230005,30.5436297,R025,P00220,S111,S110,1,R061,P68636,S212,S211,1
-3.7,-2.85,2.10660022,3.78240866,1.67580844,-22.8156523,-51.1426783,-22.4438459,-50.4519508,28.0081049,R025,P00220,S111,S110,1,R061,P68636,S212,S211,1
-3.65,-2.85,1.95660022,3.51286994,1.55626972,-20.2801275,-46.5865309,-19.908321,-45.8958034,25.9874823,R025,P00220,S111,S110,1,R061,P68636,S111,S533,1
-3.6,-2.85,1.80660022,3.31286994,1.50626972,-17.7446027,-43.2058311,-17.3727962,-42.5151036,25.1423074,R025,P00220,S111,S110,1,R061,P68636,S111,S533,1
-3.55,-2.85,1.65660022,3.11286994,1.45626972,-15.2090778,-39.8251314,-14.8372714,-39.1344038,24.2971324,R025,P00220,S111,S110,1,R061,P68636,S111,S533,1
-3.5,-2.85,1.55191497,2.91286994,1.36095497,-13.4395308,-36.4444316,-13.0677244,-35.7537041,22.6859797,R025,P00220,S221,S110,1,R061,P68636,S111,S533,1
-3.45,-2.85,1.51039822,2.71286994,1.20247172,-12.7377525,-33.0637318,-12.365946,-32.3730043,20.0070582,R025,P00220,S221,S222,1,R061,P68636,S111,S533,1
-3.4,-2.85,1.51039822,2.51286994,1.00247172,-12.7377525,-29.6830321,-12.365946,-28.9923045,16.6263585,R025,P00220,S221,S222,1,R061,P68636,S111,S533,1
-3.35,-2.85,1.51039822,2.3860715,0.875673281,-12.7377525,-27.5396948,-12.365946,-26.8489673,14.4830212,R025,P00220,S221,S222,1,R061,P68636,S433,S533,1
-3.3,-2.85,1.51039822,2.3360715,0.825673281,-12.7377525,-26.6945199,-12.365946,-26.0037923,13.6378463,R017,P00065,S221,S222,2,R061,P68636,S433,S533,1
-3.25,-2.85,1.51039822,2.2860715,0.775673281,-12.7377525,-25.8493449,-12.365946,-25.1586174,12.7926713,R017,P00065,S221,S222,2,R061,P68636,S433,S533,1
-3.2,-2.85,1.51039822,2.2360715,0.725673281,-12.7377525,-25.00417,-12.365946,-24.3134424,11.9474964,R017,P00065,S221,S222,2,R061,P68636,S433,S533,1
-3.15,-2.85,1.51039822,2.1860715,0.675673281,-12.7377525,-24.158995,-12.365946,-23.4682675,11.1023215,R017,P00065,S221,S222,2,R061,P68636,S433,S533,1
-3.1,-2.85,1.51039822,2.1360715,0.625673281,-12.7377525,-23.3138201,-12.365946,-22.6230926,10.2571465,R017,P00065,S221,S222,3,R061,P68636,S433,S533,1
-3.05,-2.85,1.51039822,2.0860715,0.575673281,-12.7377525,-22.4686452,-12.365946,-21.7779176,9.41197156,R017,P00065,S221,S222,3,R061,P68636,S433,S533,1
-3,-2.85,1.51039822,1.9656115,0.455213281,-12.7377525,-20.4324497,-12.365946,-19.7417221,7.37577609,R017,P00065,S221,S222,3,R057,P68487,S111,S211,3
-2.95,-2.85,1.49277525,1.9156115,0.42283625,-12.4398627,-19.5872747,-12.0680562,-18.8965472,6.82849098,R013,P00056,S112,S222,2,R056,P68478,S111,S211,5
-2.9,-2.85,1.44277525,1.8656115,0.42283625,-11.5946877,-18.7420998,-11.2228813,-18.0513723,6.82849098,R013,P00056,S112,S222,2,R056,P68478,S111,S211,5
-2.85,-2.85,1.39277525,1.8156115,0.42283625,-10.7495128,-17.8969249,-10.3777063,-17.2061973,6.82849098,R013,P00056,S112,S222,2,R056,P68478,S111,S211,5
-2.8,-2.85,1.34277525,1.7656115,0.42283625,-9.90433784,-17.0517499,-9.53253138,-16.3610224,6.82849098,R013,P00056,S112,S222,2,R056,P68478,S111,S211,5
-2.75,-2.85,1.29277525,1.7156115,0.42283625,-9.0591629,-16.206575,-8.68735644,-15.5158474,6.82849098,R013,P00056,S112,S222,2,R056,P68478,S111,S211,5
-2.7,-2.85,1.24277525,1.6656115,0.42283625,-8.21398796,-15.3614,-7.8421815,-14.6706725,6.82849098,R013,P00056,S112,S222,2,R056,P68478,S111,S211,5
-2.65,-2.85,1.19277525,1.6156115,0.42283625,-7.36881301,-14.5162251,-6.99700655,-13.8254975,6.82849098,R013,P00056,S112,S222,2,R056,P68478,S111,S211,5
-2.6,-2.85,1.14277525,1.5656115,0.42283625,-6.52363807,-13.6710501,-6.15183161,-12.9803226,6.82849098,R013,P00056,S112,S222,2,R054,P68422,S111,S211,12
-2.55,-2.85,1.09277525,1.5156115,0.42283625,-5.67846313,-12.8258752,-5.30665667,-12.1351477,6.82849098,R013,P00056,S112,S222,2,R054,P68422,S111,S211,12
-2.5,-2.85,1.04277525,1.4656115,0.42283625,-4.83328818,-11.9807003,-4.46148172,-11.2899727,6.82849098,R013,P00056,S112,S222,2,R054,P68422,S111,S211,12
-2.45,-2.85,0.99277525,1.4156115,0.42283625,-3.98811324,-11.1355253,-3.61630678,-10.4447978,6.82849098,R013,P00056,S112,S222,2,R054,P68422,S111,S211,12
-2.4,-2.85,0.94277525,1.3656115,0.42283625,-3.1429383,-10.2903504,-2.77113184,-9.59962282,6.82849098,R013,P00056,S112,S222,2,R054,P68422,S111,S211,12
-2.35,-2.85,0.89277525,1.3156115,0.42283625,-2.29776335,-9.44517542,-1.9259569,-8.75444788,6.82849098,R013,P00056,S112,S222,2,R054,P68422,S111,S211,12
-2.3,-2.85,0.84277525,1.2656115,0.42283625,-1.45258841,-8.60000048,-1.08078195,-7.90927294,6.82849098,R013,P00056,S112,S222,2,R054,P68422,S111,S211,12
-2.25,-2.85,0.79277525,1.2156115,0.42283625,-0.607413468,-7.75482554,-0.23560701,-7.06409799,6.82849098,R013,P00056,S112,S222,2,R054,P68422,S111,S211,12
-2.2,-2.85,0.74277525,1.1656115,0.42283625,0.237761475,-6.9096506,0.609567933,-6.21892305,6.82849098,R013,P00056,S112,S222,2,R054,P68422,S111,S211,12
-2.15,-2.85,0.69277525,1.1156115,0.42283625,1.08293642,-6.06447565,1.45474288,-5.37374811,6.82849098,R013,P00056,S112,S222,2,R054,P68422,S111,S211,12
-2.1,-2.85,0.64277525,1.0656115,0.42283625,1.92811136,-5.21930071,2.29991782,-4.52857317,6.82849098,R013,P00056,S112,S222,2,R054,P68422,S111,S211,12
-2.05,-2.85,0.59277525,1.0156115,0.42283625,2.7732863,-4.37412577,3.14509276,-3.68339822,6.82849098,R013,P00056,S112,S222,2,R054,P68422,S111,S211,12
-2,-2.85,0.54277525,0.9656115,0.42283625,3.61846125,-3.52895082,3.99026771,-2.83822328,6.82849098,R013,P00056,S112,S222,2,R054,P68422,S111,S211,12
-1.95,-2.85,0.49277525,0.9156115,0.42283625,4.46363619,-2.68377588,4.83544265,-1.99304834,6.82849098,R013,P00056,S112,S222,2,R054,P68422,S111,S211,12
-1.9,-2.85,0.44277525,0.8656115,0.42283625,5.30881113,-1.83860094,5.68061759,-1.14787339,6.82849098,R013,P00056,S112,S222,2,R054,P68422,S111,S211,12
-1.85,-2.85,0.39277525,0.8156115,0.42283625,6.15398608,-0.993425994,6.52579253,-0.30269845,6.82849098,R013,P00056,S112,S222,2,R054,P68422,S111,S211,12
-1.8,-2.85,0.34277525,0.7656115,0.42283625,6.99916102,-0.148251051,7.37096748,0.542476493,6.82849098,R013,P00056,S112,S222,2,R028,P22552,S111,S211,24
-1.75,-2.85,0.29277525,0.7156115,0.42283625,7.84433596,0.696923892,8.21614242,1.38765144,6.82849098,R013,P00056,S112,S222,2,R028,P22552,S111,S211,24
-1.7,-2.85,0.24277525,0.6656115,0.42283625,8.68951091,1.54209883,9.06131736,2.23282638,6.82849098,R013,P00056,S112,S222,2,R028,P22552,S111,S211,24
-1.65,-2.85,0.19277525,0.6156115,0.42283625,9.53468585,2.38727378,9.90649231,3.07800132,6.82849098,R013,P00056,S112,S222,2,R028,P22552,S111,S211,24
-1.6,-2.85,0.14277525,0.5656115,0.42283625,10.3798608,3.23244872,10.7516672,3.92317626,6.82849098,R013,P00056,S112,S222,2,R028,P22552,S111,S211,24
-1.55,-2.85,0.09277525,0.5156115,0.42283625,11.2250357,4.07762366,11.5968422,4.76835121,6.82849098,R013,P00056,S112,S222,2,R028,P22552,S111,S211,24
-1.5,-2.85,0.04277525,0.4656115,0.42283625,12.0702107,4.92279861,12.4420171,5.61352615,6.82849098,R013,P00056,S112,S222,2,R028,P22552,S111,S211,24
-1.45,-2.85,0,0.4156115,0.4156115,12.7932621,5.76797355,13.1650685,6.45870109,6.70636743,R013,P00056,S000,S000,2,R028,P22552,S111,S211,24
-1.4,-2.85,0,0.3656115,0.3656115,12.7932621,6.61314849,13.1650685,7.30387604,5.86119249,R013,P00056,S000,S000,2,R028,P22552,S111,S211,24
-1.35,-2.85,0,0.3156115,0.3156115,12.7932621,7.45832344,13.1650685,8.14905098,5.01601755,R013,P00056,S000,S000,2,R028,P22552,S111,S211,24
-1.3,-2.85,0,0.2656115,0.2656115,12.7932621,8.30349838,13.1650685,8.99422592,4.1708426,R013,P00056,S000,S000,2,R028,P22552,S111,S211,24
-1.25,-2.85,0,0.2156115,0.2156115,12.7932621,9.14867332,13.1650685,9.83940087,3.32566766,R013,P00056,S000,S000,2,R028,P22552,S111,S211,24
-1.2,-2.85,0,0.1656115,0.1656115,12.7932621,9.99384827,13.1650685,10.6845758,2.48049272,R013,P00056,S000,S000,2,R028,P22552,S111,S211,24
-1.15,-2.85,0,0.1156115,0.1156115,12.7932621,10.8390232,13.1650685,11.5297508,1.63531777,R013,P00056,S000,S000,2,R028,P22552,S111,S211,24
-1.1,-2.85,0,0.0656115,0.0656115,12.7932621,11.6841982,13.1650685,12.3749257,0.79014283,R013,P00056,S000,S000,2,R028,P22552,S111,S211,24
-1.05,-2.85,0,0.0156115,0.0156115,12.7932621,12.5293731,13.1650685,13.2201006,-0.0550321129,R013,P00056,S000,S000,2,R028,P22552,S111,S211,24
-1,-2.85,0,0,0,12.7932621,12.7932621,13.1650685,13.4839896,-0.318921085,R010,P00053,S000,S000,8,R028,P22552,S000,S000,24
-0.95,-2.85,0,0,0,12.7932621,12.7932621,13.1650685,13.4839896,-0.318921085,R001,P00001,S000,S000,27,R028,P22552,S000,S000,56
-0.9,-2.85,0,0,0,12.7932621,12.7932621,13.1650685,13.4839896,-0.318921085,R001,P00001,S000,S000,39,R028,P22552,S000,S000,56
-0.85,-2.85,0,0,0,12.7932621,12.7932621,13.1650685,13.4839896,-0.318921085,R001,P00001,S000,S000,39,R028,P22552,S000,S000,56
-0.8,-2.85,0,0,0,12.7932621,12.7932621,13.1650685,13.4839896,-0.318921085,R001,P00001,S000,S000,39,R027,P22549,S000,S000,80
-0.75,-2.85,0,0,0,12.7932621,12.7932621,13.1650685,13.4839896,-0.318921085,R001,P00001,S000,S000,39,R027,P22549,S000,S000,80
-0.7,-2.85,0,0,0,12.7932621,12.7932621,13.1650685,13.4839896,-0.318921085,R001,P00001,S000,S000,49,R027,P22549,S000,S000,80
-0.65,-2.85,0,0,0,12.7932621,12.7932621,13.1650685,13.4839896,-0.318921085,R001,P00001,S000,S000,49,R012,P04429,S000,S000,140
-0.6,-2.85,0,0,0,12.7932621,12.7932621,13.1650685,13.4839896,-0.318921085,R001,P00001,S000,S000,68,R012,P04429,S000,S000,140
-0.55,-2.85,0,0,0,12.7932621,12.7932621,13.1650685,13.4839896,-0.318921085,R001,P00001,S000,S000,68,R012,P04429,S000,S000,140
-0.5,-2.85,0,0,0,12.7932621,12.7932621,13.1650685,13.4839896,-0.318921085,R001,P00001,S000,S000,68,R012,P04429,S000,S000,140
-0.45,-2.85,0,0,0,12.7932621,12.7932621,13.1650685,13.4839896,-0.318921085,R001,P00001,S000,S000,68,R012,P04429,S000,S000,182
-0.4,-2.85,0,0,0,12.7932621,12.7932621,13.1650685,13.4839896,-0.318921085,R001,P00001,S000,S000,68,R012,P04429,S000,S000,182
-0.35,-2.85,0,0,0,12.7932621,12.7932621,13.1650685,13.4839896,-0.318921085,R001,P00001,S000,S000,68,R012,P04429,S000,S000,182
-0.3,-2.85,0,0,0,12.7932621,12.7932621,13.1650685,13.4839896,-0.318921085,R001,P00001,S000,S000,68,R010,P03778,S000,S000,520
-0.25,-2.85,0,0,0,12.7932621,12.7932621,13.1650685,13.4839896,-0.318921085,R001,P00001,S000,S000,68,R010,P03778,S000,S000,520
-0.2,-2.85,0,0,0,12.7932621,12.7932621,13.1650685,13.4839896,-0.318921085,R001,P00001,S000,S000,69,R010,P03778,S000,S000,520
-0.15,-2.85,0,0,0,12.7932621,12.7932621,13.1650685,13.4839896,-0.318921085,R001,P00001,S000,S000,79,R010,P03778,S000,S000,520
-0.1,-2.85,0,0,0,12.7932621,12.7932621,13.1650685,13.4839896,-0.318921085,R001,P00001,S000,S000,79,R010,P03778,S000,S000,560
-0.05,-2.85,0,0,0,12.7932621,12.7932621,13.1650685,13.4839896,-0.318921085,R001,P00001,S000,S000,79,R010,P03778,S000,S000,700
0,-2.85,0,0,0,12.7932621,12.7932621,13.1650685,13.4839896,-0.318921085,R001,P00001,S000,S000,79,R010,P03778,S000,S000,700
-4,-2.8,2.95761694,5.84642866,2.88881172,-37.2008125,-86.0318381,-36.829006,-85.3411105,48.5121045,R013,P00056,S001,S222,2,R029,P24279,S001,S000,2
-3.95,-2.8,2.85761694,5.54642866,2.68881172,-35.5104626,-80.9607884,-35.1386561,-80.2700609,45.1314047,R013,P00056,S001,S222,2,R029,P24279,S001,S000,2
-3.9,-2.8,2.75761694,5.24642866,2.48881172,-33.8201127,-75.8897387,-33.4483062,-75.1990112,41.750705,R013,P00056,S001,S222,2,R029,P24279,S001,S000,2
-3.85,-2.8,2.65761694,4.94642866,2.28881172,-32.1297628,-70.8186891,-31.7579564,-70.1279615,38.3700052,R013,P00056,S001,S222,2,R029,P24279,S001,S000,2
-3.8,-2.8,2.53160022,4.65197994,2.12037972,-29.9996394,-65.8414755,-29.6278329,-65.150748,35.5229151,R025,P00220,S111,S110,1,R029,P24279,S222,S000,2
-3.75,-2.8,2.38160022,4.35740866,1.97580844,-27.4641145,-60.8621902,-27.0923081,-60.1714626,33.0791546,R025,P00220,S111,S110,1,R061,P68636,S212,S211,1
-3.7,-2.8,2.23160022,4.05740866,1.82580844,-24.9285897,-55.7911405,-24.5567832,-55.100413,30.5436297,R025,P00220,S111,S110,1,R061,P68636,S212,S211,1
-3.65,-2.8,2.08160022,3.75740866,1.67580844,-22.3930649,-50.7200909,-22.0212584,-50.0293633,28.0081049,R025,P00220,S111,S110,1,R061,P68636,S212,S211,1
-3.6,-2.8,1.93160022,3.46286994,1.53126972,-19.85754,-45.741356,-19.4857336,-45.0506284,25.5648948,R025,P00220,S111,S110,1,R061,P68636,S111,S533,1
-3.55,-2.8,1.78160022,3.26286994,1.48126972,-17.3220152,-42.3606562,-16.9502087,-41.6699287,24.7197199,R025,P00220,S111,S110,1,R061,P68636,S111,S533,1
-3.5,-2.8,1.63160022,3.06286994,1.43126972,-14.7864904,-38.9799564,-14.4146839,-38.2892289,23.874545,R025,P00220,S111,S110,1,R061,P68636,S111,S533,1
-3.45,-2.8,1.53539822,2.86286994,1.32747172,-13.16034,-35.5992567,-12.7885335,-34.9085291,22.1199956,R025,P00220,S221,S222,1,R061,P68636,S111,S533,1
-3.4,-2.8,1.53539822,2.66286994,1.12747172,-13.16034,-32.2185569,-12.7885335,-31.5278293,18.7392958,R025,P00220,S221,S222,1,R061,P68636,S111,S533,1
-3.35,-2.8,1.53539822,2.46286994,0.927471718,-13.16034,-28.8378571,-12.7885335,-28.1471296,15.358596,R025,P00220,S221,S222,1,R061,P68636,S111,S533,1
-3.3,-2.8,1.53539822,2.3360715,0.800673281,-13.16034,-26.6945199,-12.7885335,-26.0037923,13.2152588,R025,P00220,S221,S222,1,R061,P68636,S433,S533,1
-3.25,-2.8,1.53539822,2.2860715,0.750673281,-13.16034,-25.8493449,-12.7885335,-25.1586174,12.3700839,R017,P00065,S221,S222,2,R061,P68636,S433,S533,1
-3.2,-2.8,1.53539822,2.2360715,0.700673281,-13.16034,-25.00417,-12.7885335,-24.3134424,11.5249089,R017,P00065,S221,S222,2,R061,P68636,S433,S533,1
-3.15,-2.8,1.53539822,2.1860715,0.650673281,-13.16034,-24.158995,-12.7885335,-23.4682675,10.679734,R017,P00065,S221,S222,2,R061,P68636,S433,S533,1
-3.1,-2.8,1.53539822,2.1360715,0.600673281,-13.16034,-23.3138201,-12.7885335,-22.6230926,9.83455904,R017,P00065,S221,S222,2,R061,P68636,S433,S533,1
-3.05,-2.8,1.53539822,2.0860715,0.550673281,-13.16034,-22.4686452,-12.7885335,-21.7779176,8.98938409,R017,P00065,S221,S222,3,R061,P68636,S433,S533,1
-3,-2.8,1.53539822,2.01933647,0.48393825,-13.16034,-21.3405896,-12.7885335,-20.6498621,7.86132857,R017,P00065,S221,S222,3,R057,P68487,S544,S211,3
-2.95,-2.8,1.53539822,1.9156115,0.380213281,-13.16034,-19.5872747,-12.7885335,-18.8965472,6.10801368,R017,P00065,S221,S222,3,R057,P68487,S111,S211,3
-2.9,-2.8,1.49277525,1.8656115,0.37283625,-12.4398627,-18.7420998,-12.0680562,-18.0513723,5.98331604,R013,P00056,S112,S222,2,R056,P68478,S111,S211,5
-2.85,-2.8,1.44277525,1.8156115,0.37283625,-11.5946877,-17.8969249,-11.2228813,-17.2061973,5.98331604,R013,P00056,S112,S222,2,R056,P68478,S111,S211,5
-2.8,-2.8,1.39277525,1.7656115,0.37283625,-10.7495128,-17.0517499,-10.3777063,-16.3610224,5.98331604,R013,P00056,S112,S222,2,R056,P68478,S111,S211,5
-2.75,-2.8,1.34277525,1.7156115,0.37283625,-9.90433784,-16.206575,-9.53253138,-15.5158474,5.98331604,R013,P00056,S112,S222,2,R056,P68478,S111,S211,5
-2.7,-2.8,1.29277525,1.6656115,0.37283625,-9.0591629,-15.3614,-8.68735644,-14.6706725,5.98331604,R013,P00056,S112,S222,2,R056,P68478,S111,S211,5
-2.65,-2.8,1.24277525,1.6156115,0.37283625,-8.21398796,-14.5162251,-7.8421815,-13.8254975,5.98331604,R013,P00056,S112,S222,2,R056,P68478,S111,S211,5
-2.6,-2.8,1.19277525,1.5656115,0.37283625,-7.36881301,-13.6710501,-6.99700655,-12.9803226,5.98331604,R013,P00056,S112,S222,2,R056,P68478,S111,S211,5
-2.55,-2.8,1.14277525,1.5156115,0.37283625,-6.52363807,-12.8258752,-6.15183161,-12.1351477,5.98331604,R013,P00056,S112,S222,2,R054,P68422,S111,S211,12
-2.5,-2.8,1.09277525,1.4656115,0.37283625,-5.67846313,-11.9807003,-5.30665667,-11.2899727,5.98331604,R013,P00056,S112,S222,2,R054,P68422,S111,S211,12
-2.45,-2.8,1.04277525,1.4156115,0.37283625,-4.83328818,-11.1355253,-4.46148172,-10.4447978,5.98331604,R013,P00056,S112,S222,2,R054,P68422,S111,S211,12
-2.4,-2.8,0.99277525,1.3656115,0.37283625,-3.98811324,-10.2903504,-3.61630678,-9.59962282,5.98331604,R013,P00056,S112,S222,2,R054,P68422,S111,S211,12
-2.35,-2.8,0.94277525,1.3156115,0.37283625,-3.1429383,-9.44517542,-2.77113184,-8.75444788,5.98331604,R013,P00056,S112,S222,2,R054,P68422,S111,S211,12
-2.3,-2.8,0.89277525,1.2656115,0.37283625,-2.29776335,-8.60000048,-1.9259569,-7.90927294,5.98331604,R013,P00056,S112,S222,2,R054,P68422,S111,S211,12
-2.25,-2.8,0.84277525,1.2156115,0.37283625,-1.45258841,-7.75482554,-1.08078195,-7.06409799,5.98331604,R013,P00056,S112,S222,2,R054,P68422,S111,S211,12
-2.2,-2.8,0.79277525,1.1656115,0.37283625,-0.607413468,-6.9096506,-0.23560701,-6.21892305,5.98331604,R013,P00056,S112,S222,2,R054,P68422,S111,S211,12
-2.15,-2.8,0.74277525,1.1156115,0.37283625,0.237761475,-6.06447565,0.609567933,-5.37374811,5.98331604,R013,P00056,S112,S222,2,R054,P68422,S111,S211,12
-2.1,-2.8,0.69277525,1.0656115,0.37283625,1.08293642,-5.21930071,1.45474288,-4.52857317,5.98331604,R013,P00056,S112,S222,2,R054,P68422,S111,S211,12
-2.05,-2.8,0.64277525,1.0156115,0.37283625,1.92811136,-4.37412577,2.29991782,-3.68339822,5.98331604,R013,P00056,S112,S222,2,R054,P68422,S111,S211,12
-2,-2.8,0.59277525,0.9656115,0.37283625,2.7732863,-3.52895082,3.14509276,-2.83822328,5.98331604,R013,P00056,S112,S222,2,R054,P68422,S111,S211,12
-1.95,-2.8,0.54277525,0.9156115,0.37283625,3.61846125,-2.68377588,3.99026771,-1.99304834,5.98331604,R013,P00056,S112,S222,2,R054,P68422,S111,S211,12
-1.9,-2.8,0.49277525,0.8656115,0.37283625,4.46363619,-1.83860094,4.83544265,-1.14787339,5.98331604,R013,P00056,S112,S222,2,R054,P68422,S111,S211,12
-1.85,-2.8,0.44277525,0.8156115,0.37283625,5.30881113,-0.993425994,5.68061759,-0.30269845,5.98331604,R013,P00056,S112,S222,2,R054,P68422,S111,S211,12
-1.8,-2.8,0.39277525,0.7656115,0.37283625,6.15398608,-0.148251051,6.52579253,0.542476493,5.98331604,R013,P00056,S112,S222,2,R054,P68422,S111,S211,12
-1.75,-2.8,0.34277525,0.7156115,0.37283625,6.99916102,0.696923892,7.37096748,1.38765144,5.98331604,R013,P00056,S112,S222,2,R028,P22552,S111,S211,24
-1.7,-2.8,0.29277525,0.6656115,0.37283625,7.84433596,1.54209883,8.21614242,2.23282638,5.98331604,R013,P00056,S112,S222,2,R028,P22552,S111,S211,24
-1.65,-2.8,0.24277525,0.6156115,0.37283625,8.68951091,2.38727378,9.06131736,3.07800132,5.98331604,R013,P00056,S112,S222,2,R028,P22552,S111,S211,24
-1.6,-2.8,0.19277525,0.5656115,0.37283625,9.53468585,3.23244872,9.90649231,3.92317626,5.98331604,R013,P00056,S112,S222,2,R028,P22552,S111,S211,24
-1.55,-2.8,0.14277525,0.5156115,0.37283625,10.3798608,4.07762366,10.7516672,4.76835121,5.98331604,R013,P00056,S112,S222,2,R028,P22552,S111,S211,24
-1.5,-2.8,0.09277525,0.4656115,0.37283625,11.2250357,4.92279861,11.5968422,5.61352615,5.98331604,R013,P00056,S112,S222,2,R028,P22552,S111,S211,24
-1.45,-2.8,0.04277525,0.4156115,0.37283625,12.0702107,5.76797355,12.4420171,6.45870109,5.98331604,R013,P00056,S112,S222,2,R028,P22552,S111,S211,24
-1.4,-2.8,0,0.3656115,0.3656115,12.7932621,6.61314849,13.1650685,7.30387604,5.86119249,R013,P00056,S000,S000,2,R028,P22552,S111,S211,24
-1.35,-2.8,0,0.3156115,0.3156115,12.7932621,7.45832344,13.1650685,8.14905098,5.01601755,R013,P00056,S000,S000,2,R028,P22552,S111,S211,24
-1.3,-2.8,0,0.2656115,0.2656115,12.7932621,8.30349838,13.1650685,8.99422592,4.1708426,R013,P00056,S000,S000,2,R028,P22552,S111,S211,24
-1.25,-2.8,0,0.2156115,0.2156115,12.7932621,9.14867332,13.1650685,9.83940087,3.32566766,R013,P00056,S000,S000,2,R028,P22552,S111,S211,24
-1.2,-2.8,0,0.1656115,0.1656115,12.7932621,9.99384827,13.1650685,10.6845758,2.48049272,R013,P00056,S000,S000,2,R028,P22552,S111,S211,24
-1.15,-2.8,0,0.1156115,0.1156115,12.7932621,10.8390232,13.1650685,11.5297508,1.63531777,R013,P00056,S000,S000,2,R028,P22552,S111,S211,24
-1.1,-2.8,0,0.0656115,0.0656115,12.7932621,11.6841982,13.1650685,12.3749257,0.79014283,R013,P00056,S000,S000,2,R028,P22552,S111,S211,24
-1.05,-2.8,0,0.0156115,0.0156115,12.7932621,12.5293731,13.1650685,13.2201006,-0.0550321129,R013,P00056,S000,S000,2,R028,P22552,S111,S211,24
-1,-2.8,0,0,0,12.7932621,12.7932621,13.1650685,13.4839896,-0.318921085,R010,P00053,S000,S000,8,R028,P22552,S000,S000,24
-0.95,-2.8,0,0,0,12.7932621,12.7932621,13.1650685,13.4839896,-0.318921085,R001,P00001,S000,S000,27,R028,P22552,S000,S000,56
-0.9,-2.8,0,0,0,12.7932621,12.7932621,13.1650685,13.4839896,-0.318921085,R001,P00001,S000,S000,39,R028,P22552,S000,S000,56
-0.85,-2.8,0,0,0,12.7932621,12.7932621,13.1650685,13.4839896,-0.318921085,R001,P00001,S000,S000,39,R028,P22552,S000,S000,56
-0.8,-2.8,0,0,0,12.7932621,12.7932621,13.1650685,13.4839896,-0.318921085,R001,P00001,S000,S000,39,R027,P22549,S000,S000,80
-0.75,-2.8,0,0,0,12.7932621,12.7932621,13.1650685,13.4839896,-0.318921085,R001,P00001,S000,S000,39,R027,P22549,S000,S000,80
-0.7,-2.8,0,0,0,12.7932621,12.7932621,13.1650685,13.4839896,-0.318921085,R001,P00001,S000,S000,49,R027,P22549,S000,S000,80
-0.65,-2.8,0,0,0,12.7932621,12.7932621,13.1650685,13.4839896,-0.318921085,R001,P00001,S000,S000,49,R012,P04429,S000,S000,140
-0.6,-2.8,0,0,0,12.7932621,12.7932621,13.1650685,13.4839896,-0.318921085,R001,P00001,S000,S000,68,R012,P04429,S000,S000,140
-0.55,-2.8,0,0,0,12.7932621,12.7932621,13.1650685,13.4839896,-0.318921085,R001,P00001,S000,S000,68,R012,P04429,S000,S000,140
-0.5,-2.8,0,0,0,12.7932621,12.7932621,13.1650685,13.4839896,-0.318921085,R001,P00001,S000,S000,68,R012,P04429,S000,S000,140
-0.45,-2.8,0,0,0,12.7932621,12.7932621,13.1650685,13.4839896,-0.318921085,R001,P00001,S000,S000,68,R012,P04429,S000,S000,182
-0.4,-2.8,0,0,0,12.7932621,12.7932621,13.1650685,13.4839896,-0.318921085,R001,P00001,S000,S000,68,R012,P04429,S000,S000,182
-0.35,-2.8,0,0,0,12.7932621,12.7932621,13.1650685,13.4839896,-0.318921085,R001,P00001,S000,S000,68,R012,P04429,S000,S000,182
-0.3,-2.8,0,0,0,12.7932621,12.7932621,13.1650685,13.4839896,-0.318921085,R001,P00001,S000,S000,68,R010,P03778,S000,S000,520
-0.25,-2.8,0,0,0,12.7932621,12.7932621,13.1650685,13.4839896,-0.318921085,R001,P00001,S000,S000,68,R010,P03778,S000,S000,520
-0.2,-2.8,0,0,0,12.7932621,12.7932621,13.1650685,13.4839896,-0.318921085,R001,P00001,S000,S000,69,R010,P03778,S000,S000,520
-0.15,-2.8,0,0,0,12.7932621,12.7932621,13.1650685,13.4839896,-0.318921085,R001,P00001,S000,S000,79,R010,P03778,S000,S000,520
-0.1,-2.8,0,0,0,12.7932621,12.7932621,13.1650685,13.4839896,-0.318921085,R001,P00001,S000,S000,79,R010,P03778,S000,S000,560
-0.05,-2.8,0,0,0,12.7932621,12.7932621,13.1650685,13.4839896,-0.318921085,R001,P00001,S000,S000,79,R010,P03778,S000,S000,700
0,-2.8,0,0,0,12.7932621,12.7932621,13.1650685,13.4839896,-0.318921085,R001,P00001,S000,S000,79,R010,P03778,S000,S000,700
-4,-2.75,3.08261694,6.12142866,3.03881172,-39.3137498,-90.6803002,-38.9419434,-89.9895727,51.0476293,R013,P00056,S001,S222,2,R029,P24279,S001,S000,2
-3.95,-2.75,2.98261694,5.82142866,2.83881172,-37.6233999,-85.6092506,-37.2515935,-84.918523,47.6669296,R013,P00056,S001,S222,2,R029,P24279,S001,S000,2
-3.9,-2.75,2.88261694,5.52142866,2.63881172,-35.9330501,-80.5382009,-35.5612436,-79.8474734,44.2862298,R013,P00056,S001,S222,2,R029,P24279,S001,S000,2
-3.85,-2.75,2.78261694,5.22142866,2.43881172,-34.2427002,-75.4671513,-33.8708937,-74.7764237,40.90553,R013,P00056,S001,S222,2,R029,P24279,S001,S000,2
-3.8,-2.75,2.65660022,4.92142866,2.26482844,-32.1125767,-70.3961016,-31.7407702,-69.7053741,37.9646038,R025,P00220,S111,S110,1,R029,P24279,S001,S000,2
-3.75,-2.75,2.50660022,4.62142866,2.11482844,-29.5770519,-65.325052,-29.2052454,-64.6343244,35.429079,R025,P00220,S111,S110,1,R029,P24279,S001,S000,2
-3.7,-2.75,2.35660022,4.33240866,1.97580844,-27.0415271,-60.4396027,-26.6697206,-59.7488752,33.0791546,R025,P00220,S111,S110,1,R061,P68636,S212,S211,1
-3.65,-2.75,2.20660022,4.03240866,1.82580844,-24.5060022,-55.3685531,-24.1341958,-54.6778255,30.5436297,R025,P00220,S111,S110,1,R061,P68636,S212,S211,1
-3.6,-2.75,2.05660022,3.73240866,1.67580844,-21.9704774,-50.2975034,-21.5986709,-49.6067759,28.0081049,R025,P00220,S111,S110,1,R061,P68636,S212,S211,1
-3.55,-2.75,1.90660022,3.43240866,1.52580844,-19.4349526,-45.2264537,-19.0631461,-44.5357262,25.4725801,R025,P00220,S111,S110,1,R061,P68636,S212,S211,1
-3.5,-2.75,1.75660022,3.21286994,1.45626972,-16.8994277,-41.5154813,-16.5276213,-40.8247537,24.2971324,R025,P00220,S111,S110,1,R061,P68636,S111,S533,1
-3.45,-2.75,1.60660022,3.01286994,1.40626972,-14.3639029,-38.1347815,-13.9920964,-37.4440539,23.4519575,R025,P00220,S111,S110,1,R061,P68636,S111,S533,1
-3.4,-2.75,1.56039822,2.81286994,1.25247172,-13.5829275,-34.7540817,-13.211121,-34.0633542,20.8522332,R025,P00220,S221,S222,1,R061,P68636,S111,S533,1
-3.35,-2.75,1.56039822,2.61286994,1.05247172,-13.5829275,-31.3733819,-13.211121,-30.6826544,17.4715334,R025,P00220,S221,S222,1,R061,P68636,S111,S533,1
-3.3,-2.75,1.56039822,2.41286994,0.852471718,-13.5829275,-27.9926822,-13.211121,-27.3019546,14.0908336,R025,P00220,S221,S222,1,R061,P68636,S111,S533,1
-3.25,-2.75,1.56039822,2.2860715,0.725673281,-13.5829275,-25.8493449,-13.211121,-25.1586174,11.9474964,R025,P00220,S221,S222,1,R061,P68636,S433,S533,1
-3.2,-2.75,1.56039822,2.2360715,0.675673281,-13.5829275,-25.00417,-13.211121,-24.3134424,11.1023215,R017,P00065,S221,S222,2,R061,P68636,S433,S533,1
-3.15,-2.75,1.56039822,2.1860715,0.625673281,-13.5829275,-24.158995,-13.211121,-23.4682675,10.2571465,R017,P00065,S221,S222,2,R061,P68636,S433,S533,1
-3.1,-2.75,1.56039822,2.1360715,0.575673281,-13.5829275,-23.3138201,-13.211121,-22.6230926,9.41197156,R017,P00065,S221,S222,2,R061,P68636,S433,S533,1
-3.05,-2.75,1.56039822,2.0860715,0.525673281,-13.5829275,-22.4686452,-13.211121,-21.7779176,8.56679662,R017,P00065,S221,S222,3,R061,P68636,S433,S533,1
-3,-2.75,1.56039822,2.0360715,0.475673281,-13.5829275,-21.6234702,-13.211121,-20.9327427,7.72162168,R017,P00065,S221,S222,3,R061,P68636,S433,S533,1
-2.95,-2.75,1.56039822,1.94433647,0.38393825,-13.5829275,-20.0728272,-13.211121,-19.3820997,6.17097869,R017,P00065,S221,S222,3,R057,P68487,S544,S211,3
-2.9,-2.75,1.54277525,1.8656115,0.32283625,-13.2850376,-18.7420998,-12.9132312,-18.0513723,5.1381411,R013,P00056,S112,S222,2,R057,P68487,S111,S211,3
-2.85,-2.75,1.49277525,1.8156115,0.32283625,-12.4398627,-17.8969249,-12.0680562,-17.2061973,5.1381411,R013,P00056,S112,S222,2,R056,P68478,S111,S211,5
-2.8,-2.75,1.44277525,1.7656115,0.32283625,-11.5946877,-17.0517499,-11.2228813,-16.3610224,5.1381411,R013,P00056,S112,S222,2,R056,P68478,S111,S211,5
-2.75,-2.75,1.39277525,1.7156115,0.32283625,-10.7495128,-16.206575,-10.3777063,-15.5158474,5.1381411,R013,P00056,S112,S222,2,R056,P68478,S111,S211,5
-2.7,-2.75,1.34277525,1.6656115,0.32283625,-9.90433784,-15.3614,-9.53253138,-14.6706725,5.1381411,R013,P00056,S112,S222,2,R056,P68478,S111,S211,5
-2.65,-2.75,1.29277525,1.6156115,0.32283625,-9.0591629,-14.5162251,-8.68735644,-13.8254975,5.1381411,R013,P00056,S112,S222,2,R056,P68478,S111,S211,5
-2.6,-2.75,1.24277525,1.5656115,0.32283625,-8.21398796,-13.6710501,-7.8421815,-12.9803226,5.1381411,R013,P00056,S112,S222,2,R056,P68478,S111,S211,5
-2.55,-2.75,1.19277525,1.5156115,0.32283625,-7.36881301,-12.8258752,-6.99700655,-12.1351477,5.1381411,R013,P00056,S112,S222,2,R056,P68478,S111,S211,5
-2.5,-2.75,1.14277525,1.4656115,0.32283625,-6.52363807,-11.9807003,-6.15183161,-11.2899727,5.1381411,R013,P00056,S112,S222,2,R054,P68422,S111,S211,12
-2.45,-2.75,1.09277525,1.4156115,0.32283625,-5.67846313,-11.1355253,-5.30665667,-10.4447978,5.1381411,R013,P00056,S112,S222,2,R054,P68422,S111,S211,12
-2.4,-2.75,1.04277525,1.3656115,0.32283625,-4.83328818,-10.2903504,-4.46148172,-9.59962282,5.1381411,R013,P00056,S112,S222,2,R054,P68422,S111,S211,12
-2.35,-2.75,0.99277525,1.3156115,0.32283625,-3.98811324,-9.44517542,-3.61630678,-8.75444788,5.1381411,R013,P00056,S112,S222,2,R054,P68422,S111,S211,12
-2.3,-2.75,0.94277525,1.2656115,0.32283625,-3.1429383,-8.60000048,-2.77113184,-7.90927294,5.1381411,R013,P00056,S112,S222,2,R054,P68422,S111,S211,12
-2.25,-2.75,0.89277525,1.2156115,0.32283625,-2.29776335,-7.75482554,-1.9259569,-7.06409799,5.1381411,R013,P00056,S112,S222,2,R054,P68422,S111,S211,12
-2.2,-2.75,0.84277525,1.1656115,0.32283625,-1.45258841,-6.9096506,-1.08078195,-6.21892305,5.1381411,R013,P00056,S112,S222,2,R054,P68422,S111,S211,12
-2.15,-2.75,0.79277525,1.1156115,0.32283625,-0.607413468,-6.06447565,-0.23560701,-5.37374811,5.1381411,R013,P00056,S112,S222,2,R054,P68422,S111,S211,12
-2.1,-2.75,0.74277525,1.0656115,0.32283625,0.237761475,-5.21930071,0.609567933,-4.52857317,5.1381411,R013,P00056,S112,S222,2,R054,P68422,S111,S211,12
-2.05,-2.75,0.69277525,1.0156115,0.32283625,1.08293642,-4.37412577,1.45474288,-3.68339822,5.1381411,R013,P00056,S112,S222,2,R054,P68422,S111,S211,12
-2,-2.75,0.64277525,0.9656115,0.32283625,1.92811136,-3.52895082,2.29991782,-2.83822328,5.1381411,R013,P00056,S112,S222,2,R054,P68422,S111,S211,12
-1.95,-2.75,0.59277525,0.9156115,0.32283625,2.7732863,-2.68377588,3.14509276,-1.99304834,5.1381411,R013,P00056,S112,S222,2,R054,P68422,S111,S211,12
-1.9,-2.75,0.54277525,0.8656115,0.32283625,3.61846125,-1.83860094,3.99026771,-1.14787339,5.1381411,R013,P00056,S112,S222,2,R054,P68422,S111,S211,12
-1.85,-2.75,0.49277525,0.8156115,0.32283625,4.46363619,-0.993425994,4.83544265,-0.30269845,5.1381411,R013,P00056,S112,S222,2,R054,P68422,S111,S211,12
-1.8,-2.75,0.44277525,0.7656115,0.32283625,5.30881113,-0.148251051,5.68061759,0.542476493,5.1381411,R013,P00056,S112,S222,2,R054,P68422,S111,S211,12
-1.75,-2.75,0.39277525,0.7156115,0.32283625,6.15398608,0.696923892,6.52579253,1.38765144,5.1381411,R013,P00056,S112,S222,2,R054,P68422,S111,S211,12
-1.7,-2.75,0.34277525,0.6656115,0.32283625,6.99916102,1.54209883,7.37096748,2.23282638,5.1381411,R013,P00056,S112,S222,2,R028,P22552,S111,S211,24
-1.65,-2.75,0.29277525,0.6156115,0.32283625,7.84433596,2.38727378,8.21614242,3.07800132,5.1381411,R013,P00056,S112,S222,2,R028,P22552,S111,S211,24
-1.6,-2.75,0.24277525,0.5656115,0.32283625,8.68951091,3.23244872,9.06131736,3.92317626,5.1381411,R013,P00056,S112,S222,2,R028,P22552,S111,S211,24
-1.55,-2.75,0.19277525,0.5156115,0.32283625,9.53468585,4.07762366,9.90649231,4.76835121,5.1381411,R013,P00056,S112,S222,2,R028,P22552,S111,S211,24
-1.5,-2.75,0.14277525,0.4656115,0.32283625,10.3798608,4.92279861,10.7516672,5.61352615,5.1381411,R013,P00056,S112,S222,2,R028,P22552,S111,S211,24
-1.45,-2.75,0.09277525,0.4156115,0.32283625,11.2250357,5.76797355,11.5968422,6.45870109,5.1381411,R013,P00056,S112,S222,2,R028,P22552,S111,S211,24
-1.4,-2.75,0.04277525,0.3656115,0.32283625,12.0702107,6.61314849,12.4420171,7.30387604,5.1381411,R013,P00056,S112,S222,2,R028,P22552,S111,S211,24
-1.35,-2.75,0,0.3156115,0.3156115,12.7932621,7.45832344,13.1650685,8.14905098,5.01601755,R013,P00056,S000,S000,2,R028,P22552,S111,S211,24
-1.3,-2.75,0,0.2656115,0.2656115,12.7932621,8.30349838,13.1650685,8.99422592,4.1708426,R013,P00056,S000,S000,2,R028,P22552,S111,S211,24
-1.25,-2.75,0,0.2156115,0.2156115,12.7932621,9.14867332,13.1650685,9.83940087,3.32566766,R013,P00056,S000,S000,2,R028,P22552,S111,S211,24
-1.2,-2.75,0,0.1656115,0.1656115,12.7932621,9.99384827,13.1650685,10.6845758,2.48049272,R013,P00056,S000,S000,2,R028,P22552,S111,S211,24
-1.15,-2.75,0,0.1156115,0.1156115,12.7932621,10.8390232,13.1650685,11.5297508,1.63531777,R013,P00056,S000,S000,2,R028,P22552,S111,S211,24
-1.1,-2.75,0,0.0656115,0.0656115,12.7932621,11.6841982,13.1650685,12.3749257,0.79014283,R013,P00056,S000,S000,2,R028,P22552,S111,S211,24
-1.05,-2.75,0,0.0156115,0.0156115,12.7932621,12.5293731,13.1650685,13.2201006,-0.0550321129,R013,P00056,S000,S000,2,R028,P22552,S111,S211,24
-1,-2.75,0,0,0,12.7932621,12.7932621,13.1650685,13.4839896,-0.318921085,R010,P00053,S000,S000,8,R028,P22552,S000,S000,24
-0.95,-2.75,0,0,0,12.7932621,12.7932621,13.1650685,13.4839896,-0.318921085,R001,P00001,S000,S000,27,R028,P22552,S000,S000,56
-0.9,-2.75,0,0,0,12.7932621,12.7932621,13.1650685,13.4839896,-0.318921085,R001,P00001,S000,S000,39,R028,P22552,S000,S000,56
-0.85,-2.75,0,0,0,12.7932621,12.7932621,13.1650685,13.4839896,-0.318921085,R001,P00001,S000,S000,39,R028,P22552,S000,S000,56
-0.8,-2.75,0,0,0,12.7932621,12.7932621,13.1650685,13.4839896,-0.318921085,R001,P00001,S000,S000,39,R027,P22549,S000,S000,80
-0.75,-2.75,0,0,0,12.7932621,12.7932621,13.1650685,13.4839896,-0.318921085,R001,P00001,S000,S000,39,R027,P22549,S000,S000,80
-0.7,-2.75,0,0,0,12.7932621,12.7932621,13.1650685,13.4839896,-0.318921085,R001,P00001,S000,S000,49,R027,P22549,S000,S000,80
-0.65,-2.75,0,0,0,12.7932621,12.7932621,13.1650685,13.4839896,-0.318921085,R001,P00001,S000,S000,49,R012,P04429,S000,S000,140
-0.6,-2.75,0,0,0,12.7932621,12.7932621,13.1650685,13.4839896,-0.318921085,R001,P00001,S000,S000,68,R012,P04429,S000,S000,140
-0.55,-2.75,0,0,0,12.7932621,12.7932621,13.1650685,13.4839896,-0.318921085,R001,P00001,S000,S000,68,R012,P04429,S000,S000,140
-0.5,-2.75,0,0,0,12.7932621,12.7932621,13.1650685,13.4839896,-0.318921085,R001,P00001,S000,S000,68,R012,P04429,S000,S000,140
-0.45,-2.75,0,0,0,12.7932621,12.7932621,13.1650685,13.4839896,-0.318921085,R001,P00001,S000,S000,68,R012,P04429,S000,S000,182
-0.4,-2.75,0,0,0,12.7932621,12.7932621,13.1650685,13.4839896,-0.318921085,R001,P00001,S000,S000,68,R012,P04429,S000,S000,182
-0.35,-2.75,0,0,0,12.7932621,12.7932621,13.1650685,13.4839896,-0.318921085,R001,P00001,S000,S000,68,R012,P04429,S000,S000,182
-0.3,-2.75,0,0,0,12.7932621,12.7932621,13.1650685,13.4839896,-0.318921085,R001,P00001,S000,S000,68,R010,P03778,S000,S000,520
-0.25,-2.75,0,0,0,12.7932621,12.7932621,13.1650685,13.4839896,-0.318921085,R001,P00001,S000,S000,68,R010,P03778,S000,S000,520
-0.2,-2.75,0,0,0,12.7932621,12.7932621,13.1650685,13.4839896,-0.318921085,R001,P00001,S000,S000,69,R010,P03778,S000,S000,520
-0.15,-2.75,0,0,0,12.7932621,12.7932621,13.1650685,13.4839896,-0.318921085,R001,P00001,S000,S000,79,R010,P03778,S000,S000,520
-0.1,-2.75,0,0,0,12.7932621,12.7932621,13.1650685,13.4839896,-0.318921085,R001,P00001,S000,S000,79,R010,P03778,S000,S000,560
-0.05,-2.75,0,0,0,12.7932621,12.7932621,13.1650685,13.4839896,-0.318921085,R001,P00001,S000,S000,79,R010,P03778,S000,S000,700
0,-2.75,0,0,0,12.7932621,12.7932621,13.1650685,13.4839896,-0.318921085,R001,P00001,S000,S000,79,R010,P03778,S000,S000,700
-4,-2.7,3.20761694,6.39642866,3.18881172,-41.4266872,-95.3287624,-41.0548807,-94.6380349,53.5831542,R013,P00056,S001,S222,2,R029,P24279,S001,S000,2
-3.95,-2.7,3.10761694,6.09642866,2.98881172,-39.7363373,-90.2577128,-39.3645308,-89.5669852,50.2024544,R013,P00056,S001,S222,2,R029,P24279,S001,S000,2
-3.9,-2.7,3.00761694,5.79642866,2.78881172,-38.0459874,-85.1866631,-37.674181,-84.4959356,46.8217546,R013,P00056,S001,S222,2,R029,P24279,S001,S000,2
-3.85,-2.7,2.90761694,5.49642866,2.58881172,-36.3556375,-80.1156135,-35.9838311,-79.4248859,43.4410548,R013,P00056,S001,S222,2,R029,P24279,S001,S000,2
-3.8,-2.7,2.78160022,5.19642866,2.41482844,-34.2255141,-75.0445638,-33.8537076,-74.3538363,40.5001286,R025,P00220,S111,S110,1,R029,P24279,S001,S000,2
-3.75,-2.7,2.63160022,4.89642866,2.26482844,-31.6899892,-69.9735141,-31.3181828,-69.2827866,37.9646038,R025,P00220,S111,S110,1,R029,P24279,S001,S000,2
-3.7,-2.7,2.48160022,4.59642866,2.11482844,-29.1544644,-64.9024645,-28.7826579,-64.2117369,35.429079,R025,P00220,S111,S110,1,R029,P24279,S001,S000,2
-3.65,-2.7,2.33160022,4.30740866,1.97580844,-26.6189396,-60.0170152,-26.2471331,-59.3262877,33.0791546,R025,P00220,S111,S110,1,R061,P68636,S212,S211,1
-3.6,-2.7,2.18160022,4.00740866,1.82580844,-24.0834147,-54.9459656,-23.7116083,-54.255238,30.5436297,R025,P00220,S111,S110,1,R061,P68636,S212,S211,1
-3.55,-2.7,2.03160022,3.70740866,1.67580844,-21.5478899,-49.8749159,-21.1760835,-49.1841884,28.0081049,R025,P00220,S111,S110,1,R061,P68636,S212,S211,1
-3.5,-2.7,1.88160022,3.40740866,1.52580844,-19.0123651,-44.8038663,-18.6405586,-44.1131387,25.4725801,R025,P00220,S111,S110,1,R061,P68636,S212,S211,1
-3.45,-2.7,1.73160022,3.16286994,1.43126972,-16.4768403,-40.6703063,-16.1050338,-39.9795788,23.874545,R025,P00220,S111,S110,1,R061,P68636,S111,S533,1
-3.4,-2.7,1.59008347,2.96286994,1.37278647,-14.084712,-37.2896065,-13.7129056,-36.598879,22.8859734,R025,P00220,S111,S222,1,R061,P68636,S111,S533,1
-3.35,-2.7,1.58539822,2.76286994,1.17747172,-14.0055149,-33.9089068,-13.6337085,-33.2181792,19.5844708,R025,P00220,S221,S222,1,R061,P68636,S111,S533,1
-3.3,-2.7,1.58539822,2.56286994,0.977471718,-14.0055149,-30.528207,-13.6337085,-29.8374794,16.203771,R025,P00220,S221,S222,1,R061,P68636,S111,S533,1
-3.25,-2.7,1.58539822,2.36286994,0.777471718,-14.0055149,-27.1475072,-13.6337085,-26.4567797,12.8230712,R025,P00220,S221,S222,1,R061,P68636,S111,S533,1
-3.2,-2.7,1.58539822,2.2360715,0.650673281,-14.0055149,-25.00417,-13.6337085,-24.3134424,10.679734,R025,P00220,S221,S222,1,R061,P68636,S433,S533,1
-3.15,-2.7,1.58539822,2.1860715,0.600673281,-14.0055149,-24.158995,-13.6337085,-23.4682675,9.83455904,R017,P00065,S221,S222,2,R061,P68636,S433,S533,1
-3.1,-2.7,1.58539822,2.1360715,0.550673281,-14.0055149,-23.3138201,-13.6337085,-22.6230926,8.98938409,R017,P00065,S221,S222,2,R061,P68636,S433,S533,1
-3.05,-2.7,1.58539822,2.0860715,0.500673281,-14.0055149,-22.4686452,-13.6337085,-21.7779176,8.14420915,R017,P00065,S221,S222,2,R061,P68636,S433,S533,1
-3,-2.7,1.58539822,2.0360715,0.450673281,-14.0055149,-21.6234702,-13.6337085,-20.9327427,7.29903421,R017,P00065,S221,S222,3,R061,P68636,S433,S533,1
-2.95,-2.7,1.58539822,1.9860715,0.400673281,-14.0055149,-20.7782953,-13.6337085,-20.0875677,6.45385926,R017,P00065,S221,S222,3,R061,P68636,S433,S533,1
-2.9,-2.7,1.58539822,1.86933647,0.28393825,-14.0055149,-18.8050648,-13.6337085,-18.1143373,4.4806288,R017,P00065,S221,S222,3,R057,P68487,S544,S211,3
-2.85,-2.7,1.54277525,1.8156115,0.27283625,-13.2850376,-17.8969249,-12.9132312,-17.2061973,4.29296616,R013,P00056,S112,S222,2,R057,P68487,S111,S211,3
-2.8,-2.7,1.49277525,1.7656115,0.27283625,-12.4398627,-17.0517499,-12.0680562,-16.3610224,4.29296616,R013,P00056,S112,S222,2,R056,P68478,S111,S211,5
-2.75,-2.7,1.44277525,1.7156115,0.27283625,-11.5946877,-16.206575,-11.2228813,-15.5158474,4.29296616,R013,P00056,S112,S222,2,R056,P68478,S111,S211,5
-2.7,-2.7,1.39277525,1.6656115,0.27283625,-10.7495128,-15.3614,-10.3777063,-14.6706725,4.29296616,R013,P00056,S112,S222,2,R056,P68478,S111,S211,5
-2.65,-2.7,1.34277525,1.6156115,0.27283625,-9.90433784,-14.5162251,-9.53253138,-13.8254975,4.29296616,R013,P00056,S112,S222,2,R056,P68478,S111,S211,5
-2.6,-2.7,1.29277525,1.5656115,0.27283625,-9.0591629,-13.6710501,-8.68735644,-12.9803226,4.29296616,R013,P00056,S112,S222,2,R056,P68478,S111,S211,5
-2.55,-2.7,1.24277525,1.5156115,0.27283625,-8.21398796,-12.8258752,-7.8421815,-12.1351477,4.29296616,R013,P00056,S112,S222,2,R056,P68478,S111,S211,5
-2.5,-2.7,1.19277525,1.4656115,0.27283625,-7.36881301,-11.9807003,-6.99700655,-11.2899727,4.29296616,R013,P00056,S112,S222,2,R056,P68478,S111,S211,5
-2.45,-2.7,1.14277525,1.4156115,0.27283625,-6.52363807,-11.1355253,-6.15183161,-10.4447978,4.29296616,R013,P00056,S112,S222,2,R054,P68422,S111,S211,12
-2.4,-2.7,1.09277525,1.3656115,0.27283625,-5.67846313,-10.2903504,-5.30665667,-9.59962282,4.29296616,R013,P00056,S112,S222,2,R054,P68422,S111,S211,12
-2.35,-2.7,1.04277525,1.3156115,0.27283625,-4.83328818,-9.44517542,-4.46148172,-8.75444788,4.29296616,R013,P00056,S112,S222,2,R054,P68422,S111,S211,12
-2.3,-2.7,0.99277525,1.2656115,0.27283625,-3.98811324,-8.60000048,-3.61630678,-7.90927294,4.29296616,R013,P00056,S112,S222,2,R054,P68422,S111,S211,12
-2.25,-2.7,0.94277525,1.2156115,0.27283625,-3.1429383,-7.75482554,-2.77113184,-7.06409799,4.29296616,R013,P00056,S112,S222,2,R054,P68422,S111,S211,12
-2.2,-2.7,0.89277525,1.1656115,0.27283625,-2.29776335,-6.9096506,-1.9259569,-6.21892305,4.29296616,R013,P00056,S112,S222,2,R054,P68422,S111,S211,12
-2.15,-2.7,0.84277525,1.1156115,0.27283625,-1.45258841,-6.06447565,-1.08078195,-5.37374811,4.29296616,R013,P00056,S112,S222,2,R054,P68422,S111,S211,12
-2.1,-2.7,0.79277525,1.0656115,0.27283625,-0.607413468,-5.21930071,-0.23560701,-4.52857317,4.29296616,R013,P00056,S112,S222,2,R054,P68422,S111,S211,12
-2.05,-2.7,0.74277525,1.0156115,0.27283625,0.237761475,-4.37412577,0.609567933,-3.68339822,4.29296616,R013,P00056,S112,S222,2,R054,P68422,S111,S211,12
-2,-2.7,0.69277525,0.9656115,0.27283625,1.08293642,-3.52895082,1.45474288,-2.83822328,4.29296616,R013,P00056,S112,S222,2,R054,P68422,S111,S211,12
-1.95,-2.7,0.64277525,0.9156115,0.27283625,1.92811136,-2.68377588,2.29991782,-1.99304834,4.29296616,R013,P00056,S112,S222,2,R054,P68422,S111,S211,12
-1.9,-2.7,0.59277525,0.8656115,0.27283625,2.7732863,-1.83860094,3.14509276,-1.14787339,4.29296616,R013,P00056,S112,S222,2,R054,P68422,S111,S211,12
-1.85,-2.7,0.54277525,0.8156115,0.27283625,3.61846125,-0.993425994,3.99026771,-0.30269845,4.29296616,R013,P00056,S112,S222,2,R054,P68422,S111,S211,12
-1.8,-2.7,0.49277525,0.7656115,0.27283625,4.46363619,-0.148251051,4.83544265,0.542476493,4.29296616,R013,P00056,S112,S222,2,R054,P68422,S111,S211,12
-1.75,-2.7,0.44277525,0.7156115,0.27283625,5.30881113,0.696923892,5.68061759,1.38765144,4.29296616,R013,P00056,S112,S222,2,R054,P68422,S111,S211,12
-1.7,-2.7,0.39277525,0.6656115,0.27283625,6.15398608,1.54209883,6.52579253,2.23282638,4.29296616,R013,P00056,S112,S222,2,R054,P68422,S111,S211,12
-1.65,-2.7,0.34277525,0.6156115,0.27283625,6.99916102,2.38727378,7.37096748,3.07800132,4.29296616,R013,P00056,S112,S222,2,R028,P22552,S111,S211,24
-1.6,-2.7,0.29277525,0.5656115,0.27283625,7.84433596,3.23244872,8.21614242,3.92317626,4.29296616,R013,P00056,S112,S222,2,R028,P22552,S111,S211,24
-1.55,-2.7,0.24277525,0.5156115,0.27283625,8.68951091,4.07762366,9.06131736,4.76835121,4.29296616,R013,P00056,S112,S222,2,R028,P22552,S111,S211,24
-1.5,-2.7,0.19277525,0.4656115,0.27283625,9.53468585,4.92279861,9.90649231,5.61352615,4.29296616,R013,P00056,S112,S222,2,R028,P22552,S111,S211,24
-1.45,-2.7,0.14277525,0.4156115,0.27283625,10.3798608,5.76797355,10.7516672,6.45870109,4.29296616,R013,P00056,S112,S222,2,R028,P22552,S111,S211,24
-1.4,-2.7,0.09277525,0.3656115,0.27283625,11.2250357,6.61314849,11.5968422,7.30387604,4.29296616,R013,P00056,S112,S222,2,R028,P22552,S111,S211,24
-1.35,-2.7,0.04277525,0.3156115,0.27283625,12.0702107,7.45832344,12.4420171,8.14905098,4.29296616,R013,P00056,S112,S222,2,R028,P22552,S111,S211,24
-1.3,-2.7,0,0.2656115,0.2656115,12.7932621,8.30349838,13.1650685,8.99422592,4.1708426,R013,P00056,S000,S000,2,R028,P22552,S111,S211,24
-1.25,-2.7,0,0.2156115,0.2156115,12.7932621,9.14867332,13.1650685,9.83940087,3.32566766,R013,P00056,S000,S000,2,R028,P22552,S111,S211,24
-1.2,-2.7,0,0.1656115,0.1656115,12.7932621,9.99384827,13.1650685,10.6845758,2.48049272,R013,P00056,S000,S000,2,R028,P22552,S111,S211,24
-1.15,-2.7,0,0.1156115,0.1156115,12.7932621,10.8390232,13.1650685,11.5297508,1.63531777,R013,P00056,S000,S000,2,R028,P22552,S111,S211,24
-1.1,-2.7,0,0.0656115,0.0656115,12.7932621,11.6841982,13.1650685,12.3749257,0.79014283,R013,P00056,S000,S000,2,R028,P22552,S111,S211,24
-1.05,-2.7,0,0.0156115,0.0156115,12.7932621,12.5293731,13.1650685,13.2201006,-0.0550321129,R013,P00056,S000,S000,2,R028,P22552,S111,S211,24
-1,-2.7,0,0,0,12.7932621,12.7932621,13.1650685,13.4839896,-0.318921085,R010,P00053,S000,S000,8,R028,P22552,S000,S000,24
-0.95,-2.7,0,0,0,12.7932621,12.7932621,13.1650685,13.4839896,-0.318921085,R001,P00001,S000,S000,27,R028,P22552,S000,S000,56
-0.9,-2.7,0,0,0,12.7932621,12.7932621,13.1650685,13.4839896,-0.318921085,R001,P00001,S000,S000,39,R028,P22552,S000,S000,56
-0.85,-2.7,0,0,0,12.7932621,12.7932621,13.1650685,13.4839896,-0.318921085,R001,P00001,S000,S000,39,R028,P22552,S000,S000,56
-0.8,-2.7,0,0,0,12.7932621,12.7932621,13.1650685,13.4839896,-0.318921085,R001,P00001,S000,S000,39,R027,P22549,S000,S000,80
-0.75,-2.7,0,0,0,12.7932621,12.7932621,13.1650685,13.4839896,-0.318921085,R001,P00001,S000,S000,39,R027,P22549,S000,S000,80
-0.7,-2.7,0,0,0,12.7932621,12.7932621,13.1650685,13.4839896,-0.318921085,R001,P00001,S000,S000,49,R027,P22549,S000,S000,80
-0.65,-2.7,0,0,0,12.7932621,12.7932621,13.1650685,13.4839896,-0.318921085,R001,P00001,S000,S000,49,R012,P04429,S000,S000,140
-0.6,-2.7,0,0,0,12.7932621,12.7932621,13.1650685,13.4839896,-0.318921085,R001,P00001,S000,S000,68,R012,P04429,S000,S000,140
-0.55,-2.7,0,0,0,12.7932621,12.7932621,13.1650685,13.4839896,-0.318921085,R001,P00001,S000,S000,68,R012,P04429,S000,S000,140
-0.5,-2.7,0,0,0,12.7932621,12.7932621,13.1650685,13.4839896,-0.318921085,R001,P00001,S000,S000,68,R012,P04429,S000,S000,140
-0.45,-2.7,0,0,0,12.7932621,12.7932621,13.1650685,13.4839896,-0.318921085,R001,P00001,S000,S000,68,R012,P04429,S000,S000,182
-0.4,-2.7,0,0,0,12.7932621,12.7932621,13.1650685,13.4839896,-0.318921085,R001,P00001,S000,S000,68,R012,P04429,S000,S000,182
-0.35,-2.7,0,0,0,12.7932621,12.7932621,13.1650685,13.4839896,-0.318921085,R001,P00001,S000,S000,68,R012,P04429,S000,S000,182
-0.3,-2.7,0,0,0,12.7932621,12.7932621,13.1650685,13.4839896,-0.318921085,R001,P00001,S000,S000,68,R010,P03778,S000,S000,520
-0.25,-2.7,0,0,0,12.7932621,12.7932621,13.1650685,13.4839896,-0.318921085,R001,P00001,S000,S000,68,R010,P03778,S000,S000,520
-0.2,-2.7,0,0,0,12.7932621,12.7932621,13.1650685,13.4839896,-0.318921085,R001,P00001,S000,S000,69,R010,P03778,S000,S000,520
-0.15,-2.7,0,0,0,12.7932621,12.7932621,13.1650685,13.4839896,-0.318921085,R001,P00001,S000,S000,79,R010,P03778,S000,S000,520
-0.1,-2.7,0,0,0,12.7932621,12.7932621,13.1650685,13.4839896,-0.318921085,R001,P00001,S000,S000,79,R010,P03778,S000,S000,560
-0.05,-2.7,0,0,0,12.7932621,12.7932621,13.1650685,13.4839896,-0.318921085,R001,P00001,S000,S000,79,R010,P03778,S000,S000,700
0,-2.7,0,0,0,12.7932621,12.7932621,13.1650685,13.4839896,-0.318921085,R001,P00001,S000,S000,79,R010,P03778,S000,S000,700
-4,-2.65,3.33261694,6.67142866,3.33881172,-43.5396245,-99.9772246,-43.1678181,-99.2864971,56.118679,R013,P00056,S001,S222,2,R026,P08672,S001,S000,6
-3.95,-2.65,3.23261694,6.37142866,3.13881172,-41.8492747,-94.906175,-41.4774682,-94.2154474,52.7379792,R013,P00056,S001,S222,2,R029,P24279,S001,S000,2
-3.9,-2.65,3.13261694,6.07142866,2.93881172,-40.1589248,-89.8351253,-39.7871183,-89.1443978,49.3572794,R013,P00056,S001,S222,2,R029,P24279,S001,S000,2
-3.85,-2.65,3.03261694,5.77142866,2.73881172,-38.4685749,-84.7640756,-38.0967684,-84.0733481,45.9765797,R013,P00056,S001,S222,2,R029,P24279,S001,S000,2
-3.8,-2.65,2.90660022,5.47142866,2.56482844,-36.3384514,-79.693026,-35.966645,-79.0022984,43.0356535,R025,P00220,S111,S110,1,R029,P24279,S001,S000,2
-3.75,-2.65,2.75660022,5.17142866,2.41482844,-33.8029266,-74.6219763,-33.4311201,-73.9312488,40.5001286,R025,P00220,S111,S110,1,R029,P24279,S001,S000,2
-3.7,-2.65,2.60660022,4.87142866,2.26482844,-31.2674018,-69.5509267,-30.8955953,-68.8601991,37.9646038,R025,P00220,S111,S110,1,R029,P24279,S001,S000,2
-3.65,-2.65,2.45660022,4.57142866,2.11482844,-28.7318769,-64.479877,-28.3600705,-63.7891495,35.429079,R025,P00220,S111,S110,1,R029,P24279,S001,S000,2
-3.6,-2.65,2.30660022,4.28240866,1.97580844,-26.1963521,-59.5944278,-25.8245456,-58.9037002,33.0791546,R025,P00220,S111,S110,1,R061,P68636,S212,S211,1
-3.55,-2.65,2.15660022,3.98240866,1.82580844,-23.6608273,-54.5233781,-23.2890208,-53.8326506,30.5436297,R025,P00220,S111,S110,1,R061,P68636,S212,S211,1
-3.5,-2.65,2.00660022,3.68240866,1.67580844,-21.1253024,-49.4523285,-20.753496,-48.7616009,28.0081049,R025,P00220,S111,S110,1,R061,P68636,S212,S211,1
-3.45,-2.65,1.85660022,3.38240866,1.52580844,-18.5897776,-44.3812788,-18.2179712,-43.6905513,25.4725801,R025,P00220,S111,S110,1,R061,P68636,S212,S211,1
-3.4,-2.65,1.70660022,3.11286994,1.40626972,-16.0542528,-39.8251314,-15.6824463,-39.1344038,23.4519575,R025,P00220,S111,S110,1,R061,P68636,S111,S533,1
-3.35,-2.65,1.61508347,2.91286994,1.29778647,-14.5072995,-36.4444316,-14.1354931,-35.7537041,21.618211,R025,P00220,S111,S222,1,R061,P68636,S111,S533,1
-3.3,-2.65,1.61039822,2.71286994,1.10247172,-14.4281024,-33.0637318,-14.0562959,-32.3730043,18.3167083,R025,P00220,S221,S222,1,R061,P68636,S111,S533,1
-3.25,-2.65,1.61039822,2.51286994,0.902471718,-14.4281024,-29.6830321,-14.0562959,-28.9923045,14.9360086,R025,P00220,S221,S222,1,R061,P68636,S111,S533,1
-3.2,-2.65,1.61039822,2.31286994,0.702471718,-14.4281024,-26.3023323,-14.0562959,-25.6116047,11.5553088,R025,P00220,S221,S222,1,R061,P68636,S111,S533,1
-3.15,-2.65,1.61039822,2.1860715,0.575673281,-14.4281024,-24.158995,-14.0562959,-23.4682675,9.41197156,R025,P00220,S221,S222,1,R061,P68636,S433,S533,1
-3.1,-2.65,1.61039822,2.1360715,0.525673281,-14.4281024,-23.3138201,-14.0562959,-22.6230926,8.56679662,R017,P00065,S221,S222,2,R061,P68636,S433,S533,1
-3.05,-2.65,1.61039822,2.0860715,0.475673281,-14.4281024,-22.4686452,-14.0562959,-21.7779176,7.72162168,R017,P00065,S221,S222,2,R061,P68636,S433,S533,1
-3,-2.65,1.61039822,2.0360715,0.425673281,-14.4281024,-21.6234702,-14.0562959,-20.9327427,6.87644674,R017,P00065,S221,S222,2,R061,P68636,S433,S533,1
-2.95,-2.65,1.61039822,1.9860715,0.375673281,-14.4281024,-20.7782953,-14.0562959,-20.0875677,6.03127179,R017,P00065,S221,S222,3,R061,P68636,S433,S533,1
-2.9,-2.65,1.61039822,1.9360715,0.325673281,-14.4281024,-19.9331203,-14.0562959,-19.2423928,5.18609685,R017,P00065,S221,S222,3,R061,P68636,S433,S533,1
-2.85,-2.65,1.59277525,1.8156115,0.22283625,-14.1302126,-17.8969249,-13.7584061,-17.2061973,3.44779121,R013,P00056,S112,S222,2,R057,P68487,S111,S211,3
-2.8,-2.65,1.54277525,1.7656115,0.22283625,-13.2850376,-17.0517499,-12.9132312,-16.3610224,3.44779121,R013,P00056,S112,S222,2,R057,P68487,S111,S211,3
-2.75,-2.65,1.49277525,1.7156115,0.22283625,-12.4398627,-16.206575,-12.0680562,-15.5158474,3.44779121,R013,P00056,S112,S222,2,R056,P68478,S111,S211,5
-2.7,-2.65,1.44277525,1.6656115,0.22283625,-11.5946877,-15.3614,-11.2228813,-14.6706725,3.44779121,R013,P00056,S112,S222,2,R056,P68478,S111,S211,5
-2.65,-2.65,1.39277525,1.6156115,0.22283625,-10.7495128,-14.5162251,-10.3777063,-13.8254975,3.44779121,R013,P00056,S112,S222,2,R056,P68478,S111,S211,5
-2.6,-2.65,1.34277525,1.5656115,0.22283625,-9.90433784,-13.6710501,-9.53253138,-12.9803226,3.44779121,R013,P00056,S112,S222,2,R056,P68478,S111,S211,5
-2.55,-2.65,1.29277525,1.5156115,0.22283625,-9.0591629,-12.8258752,-8.68735644,-12.1351477,3.44779121,R013,P00056,S112,S222,2,R056,P68478,S111,S211,5
-2.5,-2.65,1.24277525,1.4656115,0.22283625,-8.21398796,-11.9807003,-7.8421815,-11.2899727,3.44779121,R013,P00056,S112,S222,2,R056,P68478,S111,S211,5
-2.45,-2.65,1.19277525,1.4156115,0.22283625,-7.36881301,-11.1355253,-6.99700655,-10.4447978,3.44779121,R013,P00056,S112,S222,2,R056,P68478,S111,S211,5
-2.4,-2.65,1.14277525,1.3656115,0.22283625,-6.52363807,-10.2903504,-6.15183161,-9.59962282,3.44779121,R013,P00056,S112,S222,2,R054,P68422,S111,S211,12
-2.35,-2.65,1.09277525,1.3156115,0.22283625,-5.67846313,-9.44517542,-5.30665667,-8.75444788,3.44779121,R013,P00056,S112,S222,2,R054,P68422,S111,S211,12
-2.3,-2.65,1.04277525,1.2656115,0.22283625,-4.83328818,-8.60000048,-4.46148172,-7.90927294,3.44779121,R013,P00056,S112,S222,2,R054,P68422,S111,S211,12
-2.25,-2.65,0.99277525,1.2156115,0.22283625,-3.98811324,-7.75482554,-3.61630678,-7.06409799,3.44779121,R013,P00056,S112,S222,2,R054,P68422,S111,S211,12
-2.2,-2.65,0.94277525,1.1656115,0.22283625,-3.1429383,-6.9096506,-2.77113184,-6.21892305,3.44779121,R013,P00056,S112,S222,2,R054,P68422,S111,S211,12
-2.15,-2.65,0.89277525,1.1156115,0.22283625,-2.29776335,-6.06447565,-1.9259569,-5.37374811,3.44779121,R013,P00056,S112,S222,2,R054,P68422,S111,S211,12
-2.1,-2.65,0.84277525,1.0656115,0.22283625,-1.45258841,-5.21930071,-1.08078195,-4.52857317,3.44779121,R013,P00056,S112,S222,2,R054,P68422,S111,S211,12
-2.05,-2.65,0.79277525,1.0156115,0.22283625,-0.607413468,-4.37412577,-0.23560701,-3.68339822,3.44779121,R013,P00056,S112,S222,2,R054,P68422,S111,S211,12
-2,-2.65,0.74277525,0.9656115,0.22283625,0.237761475,-3.52895082,0.609567933,-2.83822328,3.44779121,R013,P00056,S112,S222,2,R054,P68422,S111,S211,12
-1.95,-2.65,0.69277525,0.9156115,0.22283625,1.08293642,-2.68377588,1.45474288,-1.99304834,3.44779121,R013,P00056,S112,S222,2,R054,P68422,S111,S211,12
-1.9,-2.65,0.64277525,0.8656115,0.22283625,1.92811136,-1.83860094,2.29991782,-1.14787339,3.44779121,R013,P00056,S112,S222,2,R054,P68422,S111,S211,12
-1.85,-2.65,0.59277525,0.8156115,0.22283625,2.7732863,-0.993425994,3.14509276,-0.30269845,3.44779121,R013,P00056,S112,S222,2,R054,P68422,S111,S211,12
-1.8,-2.65,0.54277525,0.7656115,0.22283625,3.61846125,-0.148251051,3.99026771,0.542476493,3.44779121,R013,P00056,S112,S222,2,R054,P68422,S111,S211,12
-1.75,-2.65,0.49277525,0.7156115,0.22283625,4.46363619,0.696923892,4.83544265,1.38765144,3.44779121,R013,P00056,S112,S222,2,R054,P68422,S111,S211,12
-1.7,-2.65,0.44277525,0.6656115,0.22283625,5.30881113,1.54209883,5.68061759,2.23282638,3.44779121,R013,P00056,S112,S222,2,R054,P68422,S111,S211,12
-1.65,-2.65,0.39277525,0.6156115,0.22283625,6.15398608,2.38727378,6.52579253,3.07800132,3.44779121,R013,P00056,S112,S222,2,R054,P68422,S111,S211,12
-1.6,-2.65,0.34277525,0.5656115,0.22283625,6.99916102,3.23244872,7.37096748,3.92317626,3.44779121,R013,P00056,S112,S222,2,R028,P22552,S111,S211,24
-1.55,-2.65,0.29277525,0.5156115,0.22283625,7.84433596,4.07762366,8.21614242,4.76835121,3.44779121,R013,P00056,S112,S222,2,R028,P22552,S111,S211,24
-1.5,-2.65,0.24277525,0.4656115,0.22283625,8.68951091,4.92279861,9.06131736,5.61352615,3.44779121,R013,P00056,S112,S222,2,R028,P22552,S111,S211,24
-1.45,-2.65,0.19277525,0.4156115,0.22283625,9.53468585,5.76797355,9.90649231,6.45870109,3.44779121,R013,P00056,S112,S222,2,R028,P22552,S111,S211,24
-1.4,-2.65,0.14277525,0.3656115,0.22283625,10.3798608,6.61314849,10.7516672,7.30387604,3.44779121,R013,P00056,S112,S222,2,R028,P22552,S111,S211,24
-1.35,-2.65,0.09277525,0.3156115,0.22283625,11.2250357,7.45832344,11.5968422,8.14905098,3.44779121,R013,P00056,S112,S222,2,R028,P22552,S111,S211,24
-1.3,-2.65,0.04277525,0.2656115,0.22283625,12.0702107,8.30349838,12.4420171,8.99422592,3.44779121,R013,P00056,S112,S222,2,R028,P22552,S111,S211,24
-1.25,-2.65,0,0.2156115,0.2156115,12.7932621,9.14867332,13.1650685,9.83940087,3.32566766,R013,P00056,S000,S000,2,R028,P22552,S111,S211,24
-1.2,-2.65,0,0.1656115,0.1656115,12.7932621,9.99384827,13.1650685,10.6845758,2.48049272,R013,P00056,S000,S000,2,R028,P22552,S111,S211,24
-1.15,-2.65,0,0.1156115,0.1156115,12.7932621,10.8390232,13.1650685,11.5297508,1.63531777,R013,P00056,S000,S000,2,R028,P22552,S111,S211,24
-1.1,-2.65,0,0.0656115,0.0656115,12.7932621,11.6841982,13.1650685,12.3749257,0.79014283,R013,P00056,S000,S000,2,R028,P22552,S111,S211,24
-1.05,-2.65,0,0.0156115,0.0156115,12.7932621,12.5293731,13.1650685,13.2201006,-0.0550321129,R013,P00056,S000,S000,2,R028,P22552,S111,S211,24
-1,-2.65,0,0,0,12.7932621,12.7932621,13.1650685,13.4839896,-0.318921085,R010,P00053,S000,S000,8,R028,P22552,S000,S000,24
-0.95,-2.65,0,0,0,12.7932621,12.7932621,13.1650685,13.4839896,-0.318921085,R001,P00001,S000,S000,27,R028,P22552,S000,S000,56
-0.9,-2.65,0,0,0,12.7932621,12.7932621,13.1650685,13.4839896,-0.318921085,R001,P00001,S000,S000,39,R028,P22552,S000,S000,56
-0.85,-2.65,0,0,0,12.7932621,12.7932621,13.1650685,13.4839896,-0.318921085,R001,P00001,S000,S000,39,R028,P22552,S000,S000,56
-0.8,-2.65,0,0,0,12.7932621,12.7932621,13.1650685,13.4839896,-0.318921085,R001,P00001,S000,S000,39,R027,P22549,S000,S000,80
-0.75,-2.65,0,0,0,12.7932621,12.7932621,13.1650685,13.4839896,-0.318921085,R001,P00001,S000,S000,39,R027,P22549,S000,S000,80
-0.7,-2.65,0,0,0,12.7932621,12.7932621,13.1650685,13.4839896,-0.318921085,R001,P00001,S000,S000,49,R027,P22549,S000,S000,80
-0.65,-2.65,0,0,0,12.7932621,12.7932621,13.1650685,13.4839896,-0.318921085,R001,P00001,S000,S000,49,R012,P04429,S000,S000,140
-0.6,-2.65,0,0,0,12.7932621,12.7932621,13.1650685,13.4839896,-0.318921085,R001,P00001,S000,S000,68,R012,P04429,S000,S000,140
-0.55,-2.65,0,0,0,12.7932621,12.7932621,13.1650685,13.4839896,-0.318921085,R001,P00001,S000,S000,68,R012,P04429,S000,S000,140
-0.5,-2.65,0,0,0,12.7932621,12.7932621,13.1650685,13.4839896,-0.318921085,R001,P00001,S000,S000,68,R012,P04429,S000,S000,140
-0.45,-2.65,0,0,0,12.7932621,12.7932621,13.1650685,13.4839896,-0.318921085,R001,P00001,S000,S000,68,R012,P04429,S000,S000,182
-0.4,-2.65,0,0,0,12.7932621,12.7932621,13.1650685,13.4839896,-0.318921085,R001,P00001,S000,S000,68,R012,P04429,S000,S000,182
-0.35,-2.65,0,0,0,12.7932621,12.7932621,13.1650685,13.4839896,-0.318921085,R001,P00001,S000,S000,68,R012,P04429,S000,S000,182
-0.3,-2.65,0,0,0,12.7932621,12.7932621,13.1650685,13.4839896,-0.318921085,R001,P00001,S000,S000,68,R010,P03778,S000,S000,520
-0.25,-2.65,0,0,0,12.7932621,12.7932621,13.1650685,13.4839896,-0.318921085,R001,P00001,S000,S000,68,R010,P03778,S000,S000,520
-0.2,-2.65,0,0,0,12.7932621,12.7932621,13.1650685,13.4839896,-0.318921085,R001,P00001,S000,S000,69,R010,P03778,S000,S000,520
-0.15,-2.65,0,0,0,12.7932621,12.7932621,13.1650685,13.4839896,-0.318921085,R001,P00001,S000,S000,79,R010,P03778,S000,S000,520
-0.1,-2.65,0,0,0,12.7932621,12.7932621,13.1650685,13.4839896,-0.318921085,R001,P00001,S000,S000,79,R010,P03778,S000,S000,560
-0.05,-2.65,0,0,0,12.7932621,12.7932621,13.1650685,13.4839896,-0.318921085,R001,P00001,S000,S000,79,R010,P03778,S000,S000,700
0,-2.65,0,0,0,12.7932621,12.7932621,13.1650685,13.4839896,-0.318921085,R001,P00001,S000,S000,79,R010,P03778,S000,S000,700
-4,-2.6,3.45761694,6.94642866,3.48881172,-45.6525619,-104.625687,-45.2807554,-103.934959,58.6542038,R013,P00056,S001,S222,2,R026,P08672,S001,S000,6
-3.95,-2.6,3.35761694,6.64642866,3.28881172,-43.962212,-99.5546371,-43.5904056,-98.8639096,55.273504,R013,P00056,S001,S222,2,R026,P08672,S001,S000,6
-3.9,-2.6,3.25761694,6.34642866,3.08881172,-42.2718621,-94.4835875,-41.9000557,-93.7928599,51.8928043,R013,P00056,S001,S222,2,R029,P24279,S001,S000,2
-3.85,-2.6,3.15761694,6.04642866,2.88881172,-40.5815122,-89.4125378,-40.2097058,-88.7218103,48.5121045,R013,P00056,S001,S222,2,R029,P24279,S001,S000,2
-3.8,-2.6,3.03160022,5.74642866,2.71482844,-38.4513888,-84.3414882,-38.0795823,-83.6507606,45.5711783,R025,P00220,S111,S110,1,R029,P24279,S001,S000,2
-3.75,-2.6,2.88160022,5.44642866,2.56482844,-35.915864,-79.2704385,-35.5440575,-78.579711,43.0356535,R025,P00220,S111,S110,1,R029,P24279,S001,S000,2
-3.7,-2.6,2.73160022,5.14642866,2.41482844,-33.3803391,-74.1993889,-33.0085327,-73.5086613,40.5001286,R025,P00220,S111,S110,1,R029,P24279,S001,S000,2
-3.65,-2.6,2.58160022,4.84642866,2.26482844,-30.8448143,-69.1283392,-30.4730078,-68.4376117,37.9646038,R025,P00220,S111,S110,1,R029,P24279,S001,S000,2
-3.6,-2.6,2.43160022,4.54642866,2.11482844,-28.3092895,-64.0572895,-27.937483,-63.366562,35.429079,R025,P00220,S111,S110,1,R029,P24279,S001,S000,2
-3.55,-2.6,2.28160022,4.25197994,1.97037972,-25.7737646,-59.080076,-25.4019582,-58.3893484,32.9873903,R025,P00220,S111,S110,1,R029,P24279,S222,S000,2
-3.5,-2.6,2.13160022,3.95740866,1.82580844,-23.2382398,-54.1007906,-22.8664333,-53.4100631,30.5436297,R025,P00220,S111,S110,1,R061,P68636,S212,S211,1
-3.45,-2.6,1.98160022,3.65740866,1.67580844,-20.702715,-49.029741,-20.3309085,-48.3390134,28.0081049,R025,P00220,S111,S110,1,R061,P68636,S212,S211,1
-3.4,-2.6,1.83160022,3.35740866,1.52580844,-18.1671901,-43.9586913,-17.7953837,-43.2679638,25.4725801,R025,P00220,S111,S110,1,R061,P68636,S212,S211,1
-3.35,-2.6,1.69039694,3.06286994,1.372473,-15.7803606,-38.9799564,-15.4085542,-38.2892289,22.8806747,R025,P00220,S000,S222,1,R061,P68636,S111,S533,1
-3.3,-2.6,1.64008347,2.86286994,1.22278647,-14.929887,-35.5992567,-14.5580805,-34.9085291,20.3504486,R025,P00220,S111,S222,1,R061,P68636,S111,S533,1
-3.25,-2.6,1.63539822,2.66286994,1.02747172,-14.8506899,-32.2185569,-14.4788834,-31.5278293,17.0489459,R025,P00220,S221,S222,1,R061,P68636,S111,S533,1
-3.2,-2.6,1.63539822,2.46286994,0.827471718,-14.8506899,-28.8378571,-14.4788834,-28.1471296,13.6682462,R025,P00220,S221,S222,1,R061,P68636,S111,S533,1
-3.15,-2.6,1.63539822,2.26286994,0.627471718,-14.8506899,-25.4571573,-14.4788834,-24.7664298,10.2875464,R025,P00220,S221,S222,1,R061,P68636,S111,S533,1
-3.1,-2.6,1.63539822,2.1360715,0.500673281,-14.8506899,-23.3138201,-14.4788834,-22.6230926,8.14420915,R025,P00220,S221,S222,1,R061,P68636,S433,S533,1
-3.05,-2.6,1.63539822,2.0860715,0.450673281,-14.8506899,-22.4686452,-14.4788834,-21.7779176,7.29903421,R017,P00065,S221,S222,2,R061,P68636,S433,S533,1
-3,-2.6,1.63539822,2.0360715,0.400673281,-14.8506899,-21.6234702,-14.4788834,-20.9327427,6.45385926,R017,P00065,S221,S222,2,R061,P68636,S433,S533,1
-2.95,-2.6,1.63539822,1.9860715,0.350673281,-14.8506899,-20.7782953,-14.4788834,-20.0875677,5.60868432,R017,P00065,S221,S222,2,R061,P68636,S433,S533,1
-2.9,-2.6,1.63539822,1.9360715,0.300673281,-14.8506899,-19.9331203,-14.4788834,-19.2423928,4.76350938,R017,P00065,S221,S222,3,R061,P68636,S433,S533,1
-2.85,-2.6,1.63539822,1.86933647,0.23393825,-14.8506899,-18.8050648,-14.4788834,-18.1143373,3.63545386,R017,P00065,S221,S222,3,R062,P68642,S544,S211,2
-2.8,-2.6,1.59277525,1.7656115,0.17283625,-14.1302126,-17.0517499,-13.7584061,-16.3610224,2.60261627,R013,P00056,S112,S222,2,R057,P68487,S111,S211,3
-2.75,-2.6,1.54277525,1.7156115,0.17283625,-13.2850376,-16.206575,-12.9132312,-15.5158474,2.60261627,R013,P00056,S112,S222,2,R057,P68487,S111,S211,3
-2.7,-2.6,1.49277525,1.6656115,0.17283625,-12.4398627,-15.3614,-12.0680562,-14.6706725,2.60261627,R013,P00056,S112,S222,2,R056,P68478,S111,S211,5
-2.65,-2.6,1.44277525,1.6156115,0.17283625,-11.5946877,-14.5162251,-11.2228813,-13.8254975,2.60261627,R013,P00056,S112,S222,2,R056,P68478,S111,S211,5
-2.6,-2.6,1.39277525,1.5656115,0.17283625,-10.7495128,-13.6710501,-10.3777063,-12.9803226,2.60261627,R013,P00056,S112,S222,2,R056,P68478,S111,S211,5
-2.55,-2.6,1.34277525,1.5156115,0.17283625,-9.90433784,-12.8258752,-9.53253138,-12.1351477,2.60261627,R013,P00056,S112,S222,2,R056,P68478,S111,S211,5
-2.5,-2.6,1.29277525,1.4656115,0.17283625,-9.0591629,-11.9807003,-8.68735644,-11.2899727,2.60261627,R013,P00056,S112,S222,2,R056,P68478,S111,S211,5
-2.45,-2.6,1.24277525,1.4156115,0.17283625,-8.21398796,-11.1355253,-7.8421815,-10.4447978,2.60261627,R013,P00056,S112,S222,2,R056,P68478,S111,S211,5
-2.4,-2.6,1.19277525,1.3656115,0.17283625,-7.36881301,-10.2903504,-6.99700655,-9.59962282,2.60261627,R013,P00056,S112,S222,2,R056,P68478,S111,S211,5
-2.35,-2.6,1.14277525,1.3156115,0.17283625,-6.52363807,-9.44517542,-6.15183161,-8.75444788,2.60261627,R013,P00056,S112,S222,2,R054,P68422,S111,S211,12
-2.3,-2.6,1.09277525,1.2656115,0.17283625,-5.67846313,-8.60000048,-5.30665667,-7.90927294,2.60261627,R013,P00056,S112,S222,2,R054,P68422,S111,S211,12
-2.25,-2.6,1.04277525,1.2156115,0.17283625,-4.83328818,-7.75482554,-4.46148172,-7.06409799,2.60261627,R013,P00056,S112,S222,2,R054,P68422,S111,S211,12
-2.2,-2.6,0.99277525,1.1656115,0.17283625,-3.98811324,-6.9096506,-3.61630678,-6.21892305,2.60261627,R013,P00056,S112,S222,2,R054,P68422,S111,S211,12
-2.15,-2.6,0.94277525,1.1156115,0.17283625,-3.1429383,-6.06447565,-2.77113184,-5.37374811,2.60261627,R013,P00056,S112,S222,2,R054,P68422,S111,S211,12
-2.1,-2.6,0.89277525,1.0656115,0.17283625,-2.29776335,-5.21930071,-1.9259569,-4.52857317,2.60261627,R013,P00056,S112,S222,2,R054,P68422,S111,S211,12
-2.05,-2.6,0.84277525,1.0156115,0.17283625,-1.45258841,-4.37412577,-1.08078195,-3.68339822,2.60261627,R013,P00056,S112,S222,2,R054,P68422,S111,S211,12
-2,-2.6,0.79277525,0.9656115,0.17283625,-0.607413468,-3.52895082,-0.23560701,-2.83822328,2.60261627,R013,P00056,S112,S222,2,R054,P68422,S111,S211,12
-1.95,-2.6,0.74277525,0.9156115,0.17283625,0.237761475,-2.68377588,0.609567933,-1.99304834,2.60261627,R013,P00056,S112,S222,2,R054,P68422,S111,S211,12
-1.9,-2.6,0.69277525,0.8656115,0.17283625,1.08293642,-1.83860094,1.45474288,-1.14787339,2.60261627,R013,P00056,S112,S222,2,R054,P68422,S111,S211,12
-1.85,-2.6,0.64277525,0.8156115,0.17283625,1.92811136,-0.993425994,2.29991782,-0.30269845,2.60261627,R013,P00056,S112,S222,2,R054,P68422,S111,S211,12
-1.8,-2.6,0.59277525,0.7656115,0.17283625,2.7732863,-0.148251051,3.14509276,0.542476493,2.60261627,R013,P00056,S112,S222,2,R054,P68422,S111,S211,12
-1.75,-2.6,0.54277525,0.7156115,0.17283625,3.61846125,0.696923892,3.99026771,1.38765144,2.60261627,R013,P00056,S112,S222,2,R054,P68422,S111,S211,12
-1.7,-2.6,0.49277525,0.6656115,0.17283625,4.46363619,1.54209883,4.83544265,2.23282638,2.60261627,R013,P00056,S112,S222,2,R054,P68422,S111,S211,12
-1.65,-2.6,0.44277525,0.6156115,0.17283625,5.30881113,2.38727378,5.68061759,3.07800132,2.60261627,R013,P00056,S112,S222,2,R054,P68422,S111,S211,12
-1.6,-2.6,0.39277525,0.5656115,0.17283625,6.15398608,3.23244872,6.52579253,3.92317626,2.60261627,R013,P00056,S112,S222,2,R054,P68422,S111,S211,12
-1.55,-2.6,0.34277525,0.5156115,0.17283625,6.99916102,4.07762366,7.37096748,4.76835121,2.60261627,R013,P00056,S112,S222,2,R028,P22552,S111,S211,24
-1.5,-2.6,0.29277525,0.4656115,0.17283625,7.84433596,4.92279861,8.21614242,5.61352615,2.60261627,R013,P00056,S112,S222,2,R028,P22552,S111,S211,24
-1.45,-2.6,0.24277525,0.4156115,0.17283625,8.68951091,5.76797355,9.06131736,6.45870109,2.60261627,R013,P00056,S112,S222,2,R028,P22552,S111,S211,24
-1.4,-2.6,0.19277525,0.3656115,0.17283625,9.53468585,6.61314849,9.90649231,7.30387604,2.60261627,R013,P00056,S112,S222,2,R028,P22552,S111,S211,24
-1.35,-2.6,0.14277525,0.3156115,0.17283625,10.3798608,7.45832344,10.7516672,8.14905098,2.60261627,R013,P00056,S112,S222,2,R028,P22552,S111,S211,24
-1.3,-2.6,0.09277525,0.2656115,0.17283625,11.2250357,8.30349838,11.5968422,8.99422592,2.60261627,R013,P00056,S112,S222,2,R028,P22552,S111,S211,24
-1.25,-2.6,0.04277525,0.2156115,0.17283625,12.0702107,9.14867332,12.4420171,9.83940087,2.60261627,R013,P00056,S112,S222,2,R028,P22552,S111,S211,24
-1.2,-2.6,0,0.1656115,0.1656115,12.7932621,9.99384827,13.1650685,10.6845758,2.48049272,R013,P00056,S000,S000,2,R028,P22552,S111,S211,24
-1.15,-2.6,0,0.1156115,0.1156115,12.7932621,10.8390232,13.1650685,11.5297508,1.63531777,R013,P00056,S000,S000,2,R028,P22552,S111,S211,24
-1.1,-2.6,0,0.0656115,0.0656115,12.7932621,11.6841982,13.1650685,12.3749257,0.79014283,R013,P00056,S000,S000,2,R028,P22552,S111,S211,24
-1.05,-2.6,0,0.0156115,0.0156115,12.7932621,12.5293731,13.1650685,13.2201006,-0.0550321129,R013,P00056,S000,S000,2,R028,P22552,S111,S211,24
-1,-2.6,0,0,0,12.7932621,12.7932621,13.1650685,13.4839896,-0.318921085,R010,P00053,S000,S000,8,R028,P22552,S000,S000,24
-0.95,-2.6,0,0,0,12.7932621,12.7932621,13.1650685,13.4839896,-0.318921085,R001,P00001,S000,S000,27,R028,P22552,S000,S000,56
-0.9,-2.6,0,0,0,12.7932621,12.7932621,13.1650685,13.4839896,-0.318921085,R001,P00001,S000,S000,39,R028,P22552,S000,S000,56
-0.85,-2.6,0,0,0,12.7932621,12.7932621,13.1650685,13.4839896,-0.318921085,R001,P00001,S000,S000,39,R028,P22552,S000,S000,56
-0.8,-2.6,0,0,0,12.7932621,12.7932621,13.1650685,13.4839896,-0.318921085,R001,P00001,S000,S000,39,R027,P22549,S000,S000,80
-0.75,-2.6,0,0,0,12.7932621,12.7932621,13.1650685,13.4839896,-0.318921085,R001,P00001,S000,S000,39,R027,P22549,S000,S000,80
-0.7,-2.6,0,0,0,12.7932621,12.7932621,13.1650685,13.4839896,-0.318921085,R001,P00001,S000,S000,49,R027,P22549,S000,S000,80
-0.65,-2.6,0,0,0,12.7932621,12.7932621,13.1650685,13.4839896,-0.318921085,R001,P00001,S000,S000,49,R012,P04429,S000,S000,140
-0.6,-2.6,0,0,0,12.7932621,12.7932621,13.1650685,13.4839896,-0.318921085,R001,P00001,S000,S000,68,R012,P04429,S000,S000,140
-0.55,-2.6,0,0,0,12.7932621,12.7932621,13.1650685,13.4839896,-0.318921085,R001,P00001,S000,S000,68,R012,P04429,S000,S000,140
-0.5,-2.6,0,0,0,12.7932621,12.7932621,13.1650685,13.4839896,-0.318921085,R001,P00001,S000,S000,68,R012,P04429,S000,S000,140
-0.45,-2.6,0,0,0,12.7932621,12.7932621,13.1650685,13.4839896,-0.318921085,R001,P00001,S000,S000,68,R012,P04429,S000,S000,182
-0.4,-2.6,0,0,0,12.7932621,12.7932621,13.1650685,13.4839896,-0.318921085,R001,P00001,S000,S000,68,R012,P04429,S000,S000,182
-0.35,-2.6,0,0,0,12.7932621,12.7932621,13.1650685,13.4839896,-0.318921085,R001,P00001,S000,S000,68,R012,P04429,S000,S000,182
-0.3,-2.6,0,0,0,12.7932621,12.7932621,13.1650685,13.4839896,-0.318921085,R001,P00001,S000,S000,68,R010,P03778,S000,S000,520
-0.25,-2.6,0,0,0,12.7932621,12.7932621,13.1650685,13.4839896,-0.318921085,R001,P00001,S000,S000,68,R010,P03778,S000,S000,520
-0.2,-2.6,0,0,0,12.7932621,12.7932621,13.1650685,13.4839896,-0.318921085,R001,P00001,S000,S000,69,R010,P03778,S000,S000,520
-0.15,-2.6,0,0,0,12.7932621,12.7932621,13.1650685,13.4839896,-0.318921085,R001,P00001,S000,S000,79,R010,P03778,S000,S000,520
-0.1,-2.6,0,0,0,12.7932621,12.7932621,13.1650685,13.4839896,-0.318921085,R001,P00001,S000,S000,79,R010,P03778,S000,S000,560
-0.05,-2.6,0,0,0,12.7932621,12.7932621,13.1650685,13.4839896,-0.318921085,R001,P00001,S000,S000,79,R010,P03778,S000,S000,700
0,-2.6,0,0,0,12.7932621,12.7932621,13.1650685,13.4839896,-0.318921085,R001,P00001,S000,S000,79,R010,P03778,S000,S000,700
-4,-2.55,3.58261694,7.22142866,3.63881172,-47.7654993,-109.274149,-47.3936928,-108.583421,61.1897286,R013,P00056,S001,S222,2,R024,P08505,S001,S000,10
-3.95,-2.55,3.48261694,6.92142866,3.43881172,-46.0751494,-104.203099,-45.7033429,-103.512372,57.8090289,R013,P00056,S001,S222,2,R026,P08672,S001,S000,6
-3.9,-2.55,3.38261694,6.62142866,3.23881172,-44.3847995,-99.1320497,-44.012993,-98.4413221,54.4283291,R013,P00056,S001,S222,2,R026,P08672,S001,S000,6
-3.85,-2.55,3.28261694,6.32142866,3.03881172,-42.6944496,-94.061,-42.3226431,-93.3702725,51.0476293,R013,P00056,S001,S222,2,R029,P24279,S001,S000,2
-3.8,-2.55,3.15660022,6.02142866,2.86482844,-40.5643261,-88.9899504,-40.1925197,-88.2992228,48.1067031,R025,P00220,S111,S110,1,R029,P24279,S001,S000,2
-3.75,-2.55,3.00660022,5.72142866,2.71482844,-38.0288013,-83.9189007,-37.6569949,-83.2281732,45.5711783,R025,P00220,S111,S110,1,R029,P24279,S001,S000,2
-3.7,-2.55,2.85660022,5.42142866,2.56482844,-35.4932765,-78.847851,-35.12147,-78.1571235,43.0356535,R025,P00220,S111,S110,1,R029,P24279,S001,S000,2
-3.65,-2.55,2.70660022,5.12142866,2.41482844,-32.9577517,-73.7768014,-32.5859452,-73.0860738,40.5001286,R025,P00220,S111,S110,1,R029,P24279,S001,S000,2
-3.6,-2.55,2.55660022,4.82142866,2.26482844,-30.4222268,-68.7057517,-30.0504204,-68.0150242,37.9646038,R025,P00220,S111,S110,1,R029,P24279,S001,S000,2
-3.55,-2.55,2.40660022,4.52142866,2.11482844,-27.886702,-63.6347021,-27.5148955,-62.9439745,35.429079,R025,P00220,S111,S110,1,R029,P24279,S001,S000,2
-3.5,-2.55,2.25660022,4.22142866,1.96482844,-25.3511772,-58.5636524,-24.9793707,-57.8729249,32.8935542,R025,P00220,S111,S110,1,R029,P24279,S001,S000,2
-3.45,-2.55,2.10660022,3.93240866,1.82580844,-22.8156523,-53.6782032,-22.4438459,-52.9874756,30.5436297,R025,P00220,S111,S110,1,R061,P68636,S212,S211,1
-3.4,-2.55,1.95660022,3.63240866,1.67580844,-20.2801275,-48.6071535,-19.908321,-47.916426,28.0081049,R025,P00220,S111,S110,1,R061,P68636,S212,S211,1
-3.35,-2.55,1.84039694,3.33240866,1.49201172,-18.3158855,-43.5361039,-17.944079,-42.8453763,24.9012973,R025,P00220,S000,S222,1,R061,P68636,S212,S211,1
-3.3,-2.55,1.74039694,3.03240866,1.29201172,-16.6255356,-38.4650542,-16.2537291,-37.7743267,21.5205975,R025,P00220,S000,S222,1,R061,P68636,S212,S211,1
-3.25,-2.55,1.66508347,2.81286994,1.14778647,-15.3524745,-34.7540817,-14.980668,-34.0633542,19.0826862,R025,P00220,S111,S222,1,R061,P68636,S111,S533,1
-3.2,-2.55,1.66039822,2.61286994,0.952471718,-15.2732773,-31.3733819,-14.9014709,-30.6826544,15.7811835,R025,P00220,S221,S222,1,R061,P68636,S111,S533,1
-3.15,-2.55,1.66039822,2.41286994,0.752471718,-15.2732773,-27.9926822,-14.9014709,-27.3019546,12.4004837,R025,P00220,S221,S222,1,R061,P68636,S111,S533,1
-3.1,-2.55,1.66039822,2.21286994,0.552471718,-15.2732773,-24.6119824,-14.9014709,-23.9212548,9.01978397,R025,P00220,S221,S222,1,R061,P68636,S111,S533,1
-3.05,-2.55,1.66039822,2.0860715,0.425673281,-15.2732773,-22.4686452,-14.9014709,-21.7779176,6.87644674,R025,P00220,S221,S222,1,R061,P68636,S433,S533,1
-3,-2.55,1.66039822,2.0360715,0.375673281,-15.2732773,-21.6234702,-14.9014709,-20.9327427,6.03127179,R017,P00065,S221,S222,2,R061,P68636,S433,S533,1
-2.95,-2.55,1.66039822,1.9860715,0.325673281,-15.2732773,-20.7782953,-14.9014709,-20.0875677,5.18609685,R017,P00065,S221,S222,2,R061,P68636,S433,S533,1
-2.9,-2.55,1.66039822,1.9360715,0.275673281,-15.2732773,-19.9331203,-14.9014709,-19.2423928,4.34092191,R017,P00065,S221,S222,3,R061,P68636,S433,S533,1
-2.85,-2.55,1.66039822,1.8860715,0.225673281,-15.2732773,-19.0879454,-14.9014709,-18.3972178,3.49574696,R017,P00065,S221,S222,3,R061,P68636,S433,S533,1
-2.8,-2.55,1.64277525,1.79433647,0.151561219,-14.9753875,-17.5373024,-14.603581,-16.8465748,2.24299381,R013,P00056,S112,S222,2,R062,P68642,S544,S211,2
-2.75,-2.55,1.59277525,1.7156115,0.12283625,-14.1302126,-16.206575,-13.7584061,-15.5158474,1.75744133,R013,P00056,S112,S222,2,R057,P68487,S111,S211,3
-2.7,-2.55,1.54277525,1.6656115,0.12283625,-13.2850376,-15.3614,-12.9132312,-14.6706725,1.75744133,R013,P00056,S112,S222,2,R057,P68487,S111,S211,3
-2.65,-2.55,1.49277525,1.6156115,0.12283625,-12.4398627,-14.5162251,-12.0680562,-13.8254975,1.75744133,R013,P00056,S112,S222,2,R056,P68478,S111,S211,5
-2.6,-2.55,1.44277525,1.5656115,0.12283625,-11.5946877,-13.6710501,-11.2228813,-12.9803226,1.75744133,R013,P00056,S112,S222,2,R056,P68478,S111,S211,5
-2.55,-2.55,1.39277525,1.5156115,0.12283625,-10.7495128,-12.8258752,-10.3777063,-12.1351477,1.75744133,R013,P00056,S112,S222,2,R056,P68478,S111,S211,5
-2.5,-2.55,1.34277525,1.4656115,0.12283625,-9.90433784,-11.9807003,-9.53253138,-11.2899727,1.75744133,R013,P00056,S112,S222,2,R056,P68478,S111,S211,5
-2.45,-2.55,1.29277525,1.4156115,0.12283625,-9.0591629,-11.1355253,-8.68735644,-10.4447978,1.75744133,R013,P00056,S112,S222,2,R056,P68478,S111,S211,5
-2.4,-2.55,1.24277525,1.3656115,0.12283625,-8.21398796,-10.2903504,-7.8421815,-9.59962282,1.75744133,R013,P00056,S112,S222,2,R056,P68478,S111,S211,5
-2.35,-2.55,1.19277525,1.3156115,0.12283625,-7.36881301,-9.44517542,-6.99700655,-8.75444788,1.75744133,R013,P00056,S112,S222,2,R056,P68478,S111,S211,5
-2.3,-2.55,1.14277525,1.2656115,0.12283625,-6.52363807,-8.60000048,-6.15183161,-7.90927294,1.75744133,R013,P00056,S112,S222,2,R054,P68422,S111,S211,12
-2.25,-2.55,1.09277525,1.2156115,0.12283625,-5.67846313,-7.75482554,-5.30665667,-7.06409799,1.75744133,R013,P00056,S112,S222,2,R054,P68422,S111,S211,12
-2.2,-2.55,1.04277525,1.1656115,0.12283625,-4.83328818,-6.9096506,-4.46148172,-6.21892305,1.75744133,R013,P00056,S112,S222,2,R054,P68422,S111,S211,12
-2.15,-2.55,0.99277525,1.1156115,0.12283625,-3.98811324,-6.06447565,-3.61630678,-5.37374811,1.75744133,R013,P00056,S112,S222,2,R054,P68422,S111,S211,12
-2.1,-2.55,0.94277525,1.0656115,0.12283625,-3.1429383,-5.21930071,-2.77113184,-4.52857317,1.75744133,R013,P00056,S112,S222,2,R054,P68422,S111,S211,12
-2.05,-2.55,0.89277525,1.0156115,0.12283625,-2.29776335,-4.37412577,-1.9259569,-3.68339822,1.75744133,R013,P00056,S112,S222,2,R054,P68422,S111,S211,12
-2,-2.55,0.84277525,0.9656115,0.12283625,-1.45258841,-3.52895082,-1.08078195,-2.83822328,1.75744133,R013,P00056,S112,S222,2,R054,P68422,S111,S211,12
-1.95,-2.55,0.79277525,0.9156115,0.12283625,-0.607413468,-2.68377588,-0.23560701,-1.99304834,1.75744133,R013,P00056,S112,S222,2,R054,P68422,S111,S211,12
-1.9,-2.55,0.74277525,0.8656115,0.12283625,0.237761475,-1.83860094,0.609567933,-1.14787339,1.75744133,R013,P00056,S112,S222,2,R054,P68422,S111,S211,12
-1.85,-2.55,0.69277525,0.8156115,0.12283625,1.08293642,-0.993425994,1.45474288,-0.30269845,1.75744133,R013,P00056,S112,S222,2,R054,P68422,S111,S211,12
-1.8,-2.55,0.64277525,0.7656115,0.12283625,1.92811136,-0.148251051,2.29991782,0.542476493,1.75744133,R013,P00056,S112,S222,2,R054,P68422,S111,S211,12
-1.75,-2.55,0.59277525,0.7156115,0.12283625,2.7732863,0.696923892,3.14509276,1.38765144,1.75744133,R013,P00056,S112,S222,2,R054,P68422,S111,S211,12
-1.7,-2.55,0.54277525,0.6656115,0.12283625,3.61846125,1.54209883,3.99026771,2.23282638,1.75744133,R013,P00056,S112,S222,2,R054,P68422,S111,S211,12
-1.65,-2.55,0.49277525,0.6156115,0.12283625,4.46363619,2.38727378,4.83544265,3.07800132,1.75744133,R013,P00056,S112,S222,2,R054,P68422,S111,S211,12
-1.6,-2.55,0.44277525,0.5656115,0.12283625,5.30881113,3.23244872,5.68061759,3.92317626,1.75744133,R013,P00056,S112,S222,2,R054,P68422,S111,S211,12
-1.55,-2.55,0.39277525,0.5156115,0.12283625,6.15398608,4.07762366,6.52579253,4.76835121,1.75744133,R013,P00056,S112,S222,2,R054,P68422,S111,S211,12
-1.5,-2.55,0.34277525,0.4656115,0.12283625,6.99916102,4.92279861,7.37096748,5.61352615,1.75744133,R013,P00056,S112,S222,2,R028,P22552,S111,S211,24
-1.45,-2.55,0.29277525,0.4156115,0.12283625,7.84433596,5.76797355,8.21614242,6.45870109,1.75744133,R013,P00056,S112,S222,2,R028,P22552,S111,S211,24
-1.4,-2.55,0.24277525,0.3656115,0.12283625,8.68951091,6.61314849,9.06131736,7.30387604,1.75744133,R013,P00056,S112,S222,2,R028,P22552,S111,S211,24
-1.35,-2.55,0.19277525,0.3156115,0.12283625,9.53468585,7.45832344,9.90649231,8.14905098,1.75744133,R013,P00056,S112,S222,2,R028,P22552,S111,S211,24
-1.3,-2.55,0.14277525,0.2656115,0.12283625,10.3798608,8.30349838,10.7516672,8.99422592,1.75744133,R013,P00056,S112,S222,2,R028,P22552,S111,S211,24
-1.25,-2.55,0.09277525,0.2156115,0.12283625,11.2250357,9.14867332,11.5968422,9.83940087,1.75744133,R013,P00056,S112,S222,2,R028,P22552,S111,S211,24
-1.2,-2.55,0.04277525,0.1656115,0.12283625,12.0702107,9.99384827,12.4420171,10.6845758,1.75744133,R013,P00056,S112,S222,2,R028,P22552,S111,S211,24
-1.15,-2.55,0,0.1156115,0.1156115,12.7932621,10.8390232,13.1650685,11.5297508,1.63531777,R013,P00056,S000,S000,2,R028,P22552,S111,S211,24
-1.1,-2.55,0,0.0656115,0.0656115,12.7932621,11.6841982,13.1650685,12.3749257,0.79014283,R013,P00056,S000,S000,2,R028,P22552,S111,S211,24
-1.05,-2.55,0,0.0156115,0.0156115,12.7932621,12.5293731,13.1650685,13.2201006,-0.0550321129,R013,P00056,S000,S000,2,R028,P22552,S111,S211,24
-1,-2.55,0,0,0,12.7932621,12.7932621,13.1650685,13.4839896,-0.318921085,R010,P00053,S000,S000,8,R028,P22552,S000,S000,24
-0.95,-2.55,0,0,0,12.7932621,12.7932621,13.1650685,13.4839896,-0.318921085,R001,P00001,S000,S000,27,R028,P22552,S000,S000,56
-0.9,-2.55,0,0,0,12.7932621,12.7932621,13.1650685,13.4839896,-0.318921085,R001,P00001,S000,S000,39,R028,P22552,S000,S000,56
-0.85,-2.55,0,0,0,12.7932621,12.7932621,13.1650685,13.4839896,-0.318921085,R001,P00001,S000,S000,39,R028,P22552,S000,S000,56
-0.8,-2.55,0,0,0,12.7932621,12.7932621,13.1650685,13.4839896,-0.318921085,R001,P00001,S000,S000,39,R027,P22549,S000,S000,80
-0.75,-2.55,0,0,0,12.7932621,12.7932621,13.1650685,13.4839896,-0.318921085,R001,P00001,S000,S000,39,R027,P22549,S000,S000,80
-0.7,-2.55,0,0,0,12.7932621,12.7932621,13.1650685,13.4839896,-0.318921085,R001,P00001,S000,S000,49,R027,P22549,S000,S000,80
-0.65,-2.55,0,0,0,12.7932621,12.7932621,13.1650685,13.4839896,-0.318921085,R001,P00001,S000,S000,49,R012,P04429,S000,S000,140
-0.6,-2.55,0,0,0,12.7932621,12.7932621,13.1650685,13.4839896,-0.318921085,R001,P00001,S000,S000,68,R012,P04429,S000,S000,140
-0.55,-2.55,0,0,0,12.7932621,12.7932621,13.1650685,13.4839896,-0.318921085,R001,P00001,S000,S000,68,R012,P04429,S000,S000,140
-0.5,-2.55,0,0,0,12.7932621,12.7932621,13.1650685,13.4839896,-0.318921085,R001,P00001,S000,S000,68,R012,P04429,S000,S000,140
-0.45,-2.55,0,0,0,12.7932621,12.7932621,13.1650685,13.4839896,-0.318921085,R001,P00001,S000,S000,68,R012,P04429,S000,S000,182
-0.4,-2.55,0,0,0,12.7932621,12.7932621,13.1650685,13.4839896,-0.318921085,R001,P00001,S000,S000,68,R012,P04429,S000,S000,182
-0.35,-2.55,0,0,0,12.7932621,12.7932621,13.1650685,13.4839896,-0.318921085,R001,P00001,S000,S000,68,R012,P04429,S000,S000,182
-0.3,-2.55,0,0,0,12.7932621,12.7932621,13.1650685,13.4839896,-0.318921085,R001,P00001,S000,S000,68,R010,P03778,S000,S000,520
-0.25,-2.55,0,0,0,12.7932621,12.7932621,13.1650685,13.4839896,-0.318921085,R001,P00001,S000,S000,68,R010,P03778,S000,S000,520
-0.2,-2.55,0,0,0,12.7932621,12.7932621,13.1650685,13.4839896,-0.318921085,R001,P00001,S000,S000,69,R010,P03778,S000,S000,520
-0.15,-2.55,0,0,0,12.7932621,12.7932621,13.1650685,13.4839896,-0.318921085,R001,P00001,S000,S000,79,R010,P03778,S000,S000,520
-0.1,-2.55,0,0,0,12.7932621,12.7932621,13.1650685,13.4839896,-0.318921085,R001,P00001,S000,S000,79,R010,P03778,S000,S000,560
-0.05,-2.55,0,0,0,12.7932621,12.7932621,13.1650685,13.4839896,-0.318921085,R001,P00001,S000,S000,79,R010,P03778,S000,S000,700
0,-2.55,0,0,0,12.7932621,12.7932621,13.1650685,13.4839896,-0.318921085,R001,P00001,S000,S000,79,R010,P03778,S000,S000,700
-4,-2.5,3.70761694,7.49642866,3.78881172,-49.8784366,-113.922611,-49.5066302,-113.231884,63.7252535,R013,P00056,S001,S222,2,R024,P08505,S001,S000,10
-3.95,-2.5,3.60761694,7.19642866,3.58881172,-48.1880867,-108.851562,-47.8162803,-108.160834,60.3445537,R013,P00056,S001,S222,2,R024,P08505,S001,S000,10
-3.9,-2.5,3.50761694,6.89642866,3.38881172,-46.4977368,-103.780512,-46.1259304,-103.089784,56.9638539,R013,P00056,S001,S222,2,R024,P08505,S001,S000,10
-3.85,-2.5,3.40761694,6.59642866,3.18881172,-44.807387,-98.7094622,-44.4355805,-98.0187347,53.5831542,R013,P00056,S001,S222,2,R026,P08672,S001,S000,6
-3.8,-2.5,3.28160022,6.29642866,3.01482844,-42.6772635,-93.6384125,-42.305457,-92.947685,50.642228,R025,P00220,S111,S110,1,R029,P24279,S001,S000,2
-3.75,-2.5,3.13160022,5.99642866,2.86482844,-40.1417387,-88.5673629,-39.7699322,-87.8766353,48.1067031,R025,P00220,S111,S110,1,R029,P24279,S001,S000,2
-3.7,-2.5,2.98160022,5.69642866,2.71482844,-37.6062138,-83.4963132,-37.2344074,-82.8055857,45.5711783,R025,P00220,S111,S110,1,R029,P24279,S001,S000,2
-3.65,-2.5,2.83160022,5.39642866,2.56482844,-35.070689,-78.4252636,-34.6988826,-77.734536,43.0356535,R025,P00220,S111,S110,1,R029,P24279,S001,S000,2
-3.6,-2.5,2.68160022,5.09642866,2.41482844,-32.5351642,-73.3542139,-32.1633577,-72.6634864,40.5001286,R025,P00220,S111,S110,1,R029,P24279,S001,S000,2
-3.55,-2.5,2.53160022,4.79642866,2.26482844,-29.9996394,-68.2831643,-29.6278329,-67.5924367,37.9646038,R025,P00220,S111,S110,1,R029,P24279,S001,S000,2
-3.5,-2.5,2.38160022,4.49642866,2.11482844,-27.4641145,-63.2121146,-27.0923081,-62.5213871,35.429079,R025,P00220,S111,S110,1,R029,P24279,S001,S000,2
-3.45,-2.5,2.23160022,4.19642866,1.96482844,-24.9285897,-58.1410649,-24.5567832,-57.4503374,32.8935542,R025,P00220,S111,S110,1,R029,P24279,S001,S000,2
-3.4,-2.5,2.09039694,3.90740866,1.81701172,-22.5417602,-53.2556157,-22.1699537,-52.5648882,30.3949344,R025,P00220,S000,S222,1,R061,P68636,S212,S211,1
-3.35,-2.5,1.99039694,3.60740866,1.61701172,-20.8514103,-48.184566,-20.4796038,-47.4938385,27.0142346,R025,P00220,S000,S222,1,R061,P68636,S212,S211,1
-3.3,-2.5,1.89039694,3.30740866,1.41701172,-19.1610604,-43.1135164,-18.789254,-42.4227888,23.6335349,R025,P00220,S000,S222,1,R061,P68636,S212,S211,1
-3.25,-2.5,1.79039694,3.00740866,1.21701172,-17.4707105,-38.0424667,-17.0989041,-37.3517392,20.2528351,R025,P00220,S000,S222,1,R061,P68636,S212,S211,1
-3.2,-2.5,1.69039694,2.76286994,1.072473,-15.7803606,-33.9089068,-15.4085542,-33.2181792,17.809625,R025,P00220,S000,S222,1,R061,P68636,S111,S533,1
-3.15,-2.5,1.68539822,2.56286994,0.877471718,-15.6958648,-30.528207,-15.3240583,-29.8374794,14.5134211,R025,P00220,S221,S222,1,R061,P68636,S111,S533,1
-3.1,-2.5,1.68539822,2.36286994,0.677471718,-15.6958648,-27.1475072,-15.3240583,-26.4567797,11.1327213,R025,P00220,S221,S222,1,R061,P68636,S111,S533,1
-3.05,-2.5,1.68539822,2.16286994,0.477471718,-15.6958648,-23.7668074,-15.3240583,-23.0760799,7.75202156,R025,P00220,S221,S222,1,R061,P68636,S111,S533,1
-3,-2.5,1.68539822,2.0360715,0.350673281,-15.6958648,-21.6234702,-15.3240583,-20.9327427,5.60868432,R025,P00220,S221,S222,1,R061,P68636,S433,S533,1
-2.95,-2.5,1.68539822,1.9860715,0.300673281,-15.6958648,-20.7782953,-15.3240583,-20.0875677,4.76350938,R017,P00065,S221,S222,2,R061,P68636,S433,S533,1
-2.9,-2.5,1.68539822,1.9360715,0.250673281,-15.6958648,-19.9331203,-15.3240583,-19.2423928,3.91833443,R017,P00065,S221,S222,2,R061,P68636,S433,S533,1
-2.85,-2.5,1.68539822,1.8860715,0.200673281,-15.6958648,-19.0879454,-15.3240583,-18.3972178,3.07315949,R017,P00065,S221,S222,3,R061,P68636,S433,S533,1
-2.8,-2.5,1.68539822,1.8360715,0.150673281,-15.6958648,-18.2427704,-15.3240583,-17.5520429,2.22798455,R017,P00065,S221,S222,3,R061,P68636,S433,S533,1
-2.75,-2.5,1.64277525,1.71933647,0.076561219,-14.9753875,-16.26954,-14.603581,-15.5788124,0.975231393,R013,P00056,S112,S222,2,R062,P68642,S544,S211,2
-2.7,-2.5,1.59277525,1.6656115,0.07283625,-14.1302126,-15.3614,-13.7584061,-14.6706725,0.912266384,R013,P00056,S112,S222,2,R057,P68487,S111,S211,3
-2.65,-2.5,1.54277525,1.6156115,0.07283625,-13.2850376,-14.5162251,-12.9132312,-13.8254975,0.912266384,R013,P00056,S112,S222,2,R057,P68487,S111,S211,3
-2.6,-2.5,1.49277525,1.5656115,0.07283625,-12.4398627,-13.6710501,-12.0680562,-12.9803226,0.912266384,R013,P00056,S112,S222,2,R056,P68478,S111,S211,5
-2.55,-2.5,1.44277525,1.5156115,0.07283625,-11.5946877,-12.8258752,-11.2228813,-12.1351477,0.912266384,R013,P00056,S112,S222,2,R056,P68478,S111,S211,5
-2.5,-2.5,1.39277525,1.4656115,0.07283625,-10.7495128,-11.9807003,-10.3777063,-11.2899727,0.912266384,R013,P00056,S112,S222,2,R056,P68478,S111,S211,5
-2.45,-2.5,1.34277525,1.4156115,0.07283625,-9.90433784,-11.1355253,-9.53253138,-10.4447978,0.912266384,R013,P00056,S112,S222,2,R056,P68478,S111,S211,5
-2.4,-2.5,1.29277525,1.3656115,0.07283625,-9.0591629,-10.2903504,-8.68735644,-9.59962282,0.912266384,R013,P00056,S112,S222,2,R056,P68478,S111,S211,5
-2.35,-2.5,1.24277525,1.3156115,0.07283625,-8.21398796,-9.44517542,-7.8421815,-8.75444788,0.912266384,R013,P00056,S112,S222,2,R056,P68478,S111,S211,5
-2.3,-2.5,1.19277525,1.2656115,0.07283625,-7.36881301,-8.60000048,-6.99700655,-7.90927294,0.912266384,R013,P00056,S112,S222,2,R056,P68478,S111,S211,5
-2.25,-2.5,1.14277525,1.2156115,0.07283625,-6.52363807,-7.75482554,-6.15183161,-7.06409799,0.912266384,R013,P00056,S112,S222,2,R054,P68422,S111,S211,12
-2.2,-2.5,1.09277525,1.1656115,0.07283625,-5.67846313,-6.9096506,-5.30665667,-6.21892305,0.912266384,R013,P00056,S112,S222,2,R054,P68422,S111,S211,12
-2.15,-2.5,1.04277525,1.1156115,0.07283625,-4.83328818,-6.06447565,-4.46148172,-5.37374811,0.912266384,R013,P00056,S112,S222,2,R054,P68422,S111,S211,12
-2.1,-2.5,0.99277525,1.0656115,0.07283625,-3.98811324,-5.21930071,-3.61630678,-4.52857317,0.912266384,R013,P00056,S112,S222,2,R054,P68422,S111,S211,12
-2.05,-2.5,0.94277525,1.0156115,0.07283625,-3.1429383,-4.37412577,-2.77113184,-3.68339822,0.912266384,R013,P00056,S112,S222,2,R054,P68422,S111,S211,12
-2,-2.5,0.89277525,0.9656115,0.07283625,-2.29776335,-3.52895082,-1.9259569,-2.83822328,0.912266384,R013,P00056,S112,S222,2,R054,P68422,S111,S211,12
-1.95,-2.5,0.84277525,0.9156115,0.07283625,-1.45258841,-2.68377588,-1.08078195,-1.99304834,0.912266384,R013,P00056,S112,S222,2,R054,P68422,S111,S211,12
-1.9,-2.5,0.79277525,0.8656115,0.07283625,-0.607413468,-1.83860094,-0.23560701,-1.14787339,0.912266384,R013,P00056,S112,S222,2,R054,P68422,S111,S211,12
-1.85,-2.5,0.74277525,0.8156115,0.07283625,0.237761475,-0.993425994,0.609567933,-0.30269845,0.912266384,R013,P00056,S112,S222,2,R054,P68422,S111,S211,12
-1.8,-2.5,0.69277525,0.7656115,0.07283625,1.08293642,-0.148251051,1.45474288,0.542476493,0.912266384,R013,P00056,S112,S222,2,R054,P68422,S111,S211,12
-1.75,-2.5,0.64277525,0.7156115,0.07283625,1.92811136,0.696923892,2.29991782,1.38765144,0.912266384,R013,P00056,S112,S222,2,R054,P68422,S111,S211,12
-1.7,-2.5,0.59277525,0.6656115,0.07283625,2.7732863,1.54209883,3.14509276,2.23282638,0.912266384,R013,P00056,S112,S222,2,R054,P68422,S111,S211,12
-1.65,-2.5,0.54277525,0.6156115,0.07283625,3.61846125,2.38727378,3.99026771,3.07800132,0.912266384,R013,P00056,S112,S222,2,R054,P68422,S111,S211,12
-1.6,-2.5,0.49277525,0.5656115,0.07283625,4.46363619,3.23244872,4.83544265,3.92317626,0.912266384,R013,P00056,S112,S222,2,R054,P68422,S111,S211,12
-1.55,-2.5,0.44277525,0.5156115,0.07283625,5.30881113,4.07762366,5.68061759,4.76835121,0.912266384,R013,P00056,S112,S222,2,R054,P68422,S111,S211,12
-1.5,-2.5,0.39277525,0.4656115,0.07283625,6.15398608,4.92279861,6.52579253,5.61352615,0.912266384,R013,P00056,S112,S222,2,R054,P68422,S111,S211,12
-1.45,-2.5,0.34277525,0.4156115,0.07283625,6.99916102,5.76797355,7.37096748,6.45870109,0.912266384,R013,P00056,S112,S222,2,R028,P22552,S111,S211,24
-1.4,-2.5,0.29277525,0.3656115,0.07283625,7.84433596,6.61314849,8.21614242,7.30387604,0.912266384,R013,P00056,S112,S222,2,R028,P22552,S111,S211,24
-1.35,-2.5,0.24277525,0.3156115,0.07283625,8.68951091,7.45832344,9.06131736,8.14905098,0.912266384,R013,P00056,S112,S222,2,R028,P22552,S111,S211,24
-1.3,-2.5,0.19277525,0.2656115,0.07283625,9.53468585,8.30349838,9.90649231,8.99422592,0.912266384,R013,P00056,S112,S222,2,R028,P22552,S111,S211,24
-1.25,-2.5,0.14277525,0.2156115,0.07283625,10.3798608,9.14867332,10.7516672,9.83940087,0.912266384,R013,P00056,S112,S222,2,R028,P22552,S111,S211,24
-1.2,-2.5,0.09277525,0.1656115,0.07283625,11.2250357,9.99384827,11.5968422,10.6845758,0.912266384,R013,P00056,S112,S222,2,R028,P22552,S111,S211,24
-1.15,-2.5,0.04277525,0.1156115,0.07283625,12.0702107,10.8390232,12.4420171,11.5297508,0.912266384,R013,P00056,S112,S222,2,R028,P22552,S111,S211,24
-1.1,-2.5,0,0.0656115,0.0656115,12.7932621,11.6841982,13.1650685,12.3749257,0.79014283,R013,P00056,S000,S000,2,R028,P22552,S111,S211,24
-1.05,-2.5,0,0.0156115,0.0156115,12.7932621,12.5293731,13.1650685,13.2201006,-0.0550321129,R013,P00056,S000,S000,2,R028,P22552,S111,S211,24
-1,-2.5,0,0,0,12.7932621,12.7932621,13.1650685,13.4839896,-0.318921085,R010,P00053,S000,S000,8,R028,P22552,S000,S000,24
-0.95,-2.5,0,0,0,12.7932621,12.7932621,13.1650685,13.4839896,-0.318921085,R001,P00001,S000,S000,27,R028,P22552,S000,S000,56
-0.9,-2.5,0,0,0,12.7932621,12.7932621,13.1650685,13.4839896,-0.318921085,R001,P00001,S000,S000,39,R028,P22552,S000,S000,56
-0.85,-2.5,0,0,0,12.7932621,12.7932621,13.1650685,13.4839896,-0.318921085,R001,P00001,S000,S000,39,R028,P22552,S000,S000,56
-0.8,-2.5,0,0,0,12.7932621,12.7932621,13.1650685,13.4839896,-0.318921085,R001,P00001,S000,S000,39,R027,P22549,S000,S000,80
-0.75,-2.5,0,0,0,12.7932621,12.7932621,13.1650685,13.4839896,-0.318921085,R001,P00001,S000,S000,39,R027,P22549,S000,S000,80
-0.7,-2.5,0,0,0,12.7932621,12.7932621,13.1650685,13.4839896,-0.318921085,R001,P00001,S000,S000,49,R027,P22549,S000,S000,80
-0.65,-2.5,0,0,0,12.7932621,12.7932621,13.1650685,13.4839896,-0.318921085,R001,P00001,S000,S000,49,R012,P04429,S000,S000,140
-0.6,-2.5,0,0,0,12.7932621,12.7932621,13.1650685,13.4839896,-0.318921085,R001,P00001,S000,S000,68,R012,P04429,S000,S000,140
-0.55,-2.5,0,0,0,12.7932621,12.7932621,13.1650685,13.4839896,-0.318921085,R001,P00001,S000,S000,68,R012,P04429,S000,S000,140
-0.5,-2.5,0,0,0,12.7932621,12.7932621,13.1650685,13.4839896,-0.318921085,R001,P00001,S000,S000,68,R012,P04429,S000,S000,140
-0.45,-2.5,0,0,0,12.7932621,12.7932621,13.1650685,13.4839896,-0.318921085,R001,P00001,S000,S000,68,R012,P04429,S000,S000,182
-0.4,-2.5,0,0,0,12.7932621,12.7932621,13.1650685,13.4839896,-0.318921085,R001,P00001,S000,S000,68,R012,P04429,S000,S000,182
-0.35,-2.5,0,0,0,12.7932621,12.7932621,13.1650685,13.4839896,-0.318921085,R001,P00001,S000,S000,68,R012,P04429,S000,S000,182
-0.3,-2.5,0,0,0,12.7932621,12.7932621,13.1650685,13.4839896,-0.318921085,R001,P00001,S000,S000,68,R010,P03778,S000,S000,520
-0.25,-2.5,0,0,0,12.7932621,12.7932621,13.1650685,13.4839896,-0.318921085,R001,P00001,S000,S000,68,R010,P03778,S000,S000,520
-0.2,-2.5,0,0,0,12.7932621,12.7932621,13.1650685,13.4839896,-0.318921085,R001,P00001,S000,S000,69,R010,P03778,S000,S000,520
-0.15,-2.5,0,0,0,12.7932621,12.7932621,13.1650685,13.4839896,-0.318921085,R001,P00001,S000,S000,79,R010,P03778,S000,S000,520
-0.1,-2.5,0,0,0,12.7932621,12.7932621,13.1650685,13.4839896,-0.318921085,R001,P00001,S000,S000,79,R010,P03778,S000,S000,560
-0.05,-2.5,0,0,0,12.7932621,12.7932621,13.1650685,13.4839896,-0.318921085,R001,P00001,S000,S000,79,R010,P03778,S000,S000,700
0,-2.5,0,0,0,12.7932621,12.7932621,13.1650685,13.4839896,-0.318921085,R001,P00001,S000,S000,79,R010,P03778,S000,S000,700
-4,-2.45,3.83261694,7.77142866,3.93881172,-51.991374,-118.571073,-51.6195675,-117.880346,66.2607783,R013,P00056,S001,S222,2,R022,P08462,S001,S000,14
-3.95,-2.45,3.73261694,7.47142866,3.73881172,-50.3010241,-113.500024,-49.9292176,-112.809296,62.8800785,R013,P00056,S001,S222,2,R024,P08505,S001,S000,10
-3.9,-2.45,3.63261694,7.17142866,3.53881172,-48.6106742,-108.428974,-48.2388677,-107.738247,59.4993788,R013,P00056,S001,S222,2,R024,P08505,S001,S000,10
-3.85,-2.45,3.53261694,6.87142866,3.33881172,-46.9203243,-103.357924,-46.5485179,-102.667197,56.118679,R013,P00056,S001,S222,2,R024,P08505,S001,S000,10
-3.8,-2.45,3.40660022,6.57142866,3.16482844,-44.7902009,-98.2868747,-44.4183944,-97.5961472,53.1777528,R025,P00220,S111,S110,1,R026,P08672,S001,S000,6
-3.75,-2.45,3.25660022,6.27142866,3.01482844,-42.254676,-93.2158251,-41.8828696,-92.5250975,50.642228,R025,P00220,S111,S110,1,R029,P24279,S001,S000,2
-3.7,-2.45,3.10660022,5.97142866,2.86482844,-39.7191512,-88.1447754,-39.3473447,-87.4540479,48.1067031,R025,P00220,S111,S110,1,R029,P24279,S001,S000,2
-3.65,-2.45,2.95660022,5.67142866,2.71482844,-37.1836264,-83.0737258,-36.8118199,-82.3829982,45.5711783,R025,P00220,S111,S110,1,R029,P24279,S001,S000,2
-3.6,-2.45,2.80660022,5.37142866,2.56482844,-34.6481015,-78.0026761,-34.2762951,-77.3119486,43.0356535,R025,P00220,S111,S110,1,R029,P24279,S001,S000,2
-3.55,-2.45,2.65660022,5.07142866,2.41482844,-32.1125767,-72.9316264,-31.7407702,-72.2408989,40.5001286,R025,P00220,S111,S110,1,R029,P24279,S001,S000,2
-3.5,-2.45,2.50660022,4.77142866,2.26482844,-29.5770519,-67.8605768,-29.2052454,-67.1698492,37.9646038,R025,P00220,S111,S110,1,R029,P24279,S001,S000,2
-3.45,-2.45,2.35660022,4.47142866,2.11482844,-27.0415271,-62.7895271,-26.6697206,-62.0987996,35.429079,R025,P00220,S111,S110,1,R029,P24279,S001,S000,2
-3.4,-2.45,2.24039694,4.17142866,1.93103172,-25.077285,-57.7184775,-24.7054786,-57.0277499,32.3222714,R025,P00220,S000,S222,1,R029,P24279,S001,S000,2
-3.35,-2.45,2.14039694,3.88240866,1.74201172,-23.3869351,-52.8330282,-23.0151287,-52.1423007,29.127172,R025,P00220,S000,S222,1,R061,P68636,S212,S211,1
-3.3,-2.45,2.04039694,3.58240866,1.54201172,-21.6965853,-47.7619786,-21.3247788,-47.071251,25.7464722,R025,P00220,S000,S222,1,R061,P68636,S212,S211,1
-3.25,-2.45,1.94039694,3.28240866,1.34201172,-20.0062354,-42.6909289,-19.6344289,-42.0002014,22.3657725,R025,P00220,S000,S222,1,R061,P68636,S212,S211,1
-3.2,-2.45,1.84039694,2.98240866,1.14201172,-18.3158855,-37.6198793,-17.944079,-36.9291517,18.9850727,R025,P00220,S000,S222,1,R061,P68636,S212,S211,1
-3.15,-2.45,1.74039694,2.71286994,0.972472999,-16.6255356,-33.0637318,-16.2537291,-32.3730043,16.1192751,R025,P00220,S000,S222,1,R061,P68636,S111,S533,1
-3.1,-2.45,1.71039822,2.51286994,0.802471718,-16.1184523,-29.6830321,-15.7466458,-28.9923045,13.2456587,R025,P00220,S221,S222,1,R061,P68636,S111,S533,1
-3.05,-2.45,1.71039822,2.31286994,0.602471718,-16.1184523,-26.3023323,-15.7466458,-25.6116047,9.86495891,R025,P00220,S221,S222,1,R061,P68636,S111,S533,1
-3,-2.45,1.71039822,2.11286994,0.402471718,-16.1184523,-22.9216325,-15.7466458,-22.230905,6.48425914,R025,P00220,S221,S222,1,R061,P68636,S111,S533,1
-2.95,-2.45,1.71039822,1.9860715,0.275673281,-16.1184523,-20.7782953,-15.7466458,-20.0875677,4.34092191,R025,P00220,S221,S222,1,R061,P68636,S433,S533,1
-2.9,-2.45,1.71039822,1.9360715,0.225673281,-16.1184523,-19.9331203,-15.7466458,-19.2423928,3.49574696,R017,P00065,S221,S222,2,R061,P68636,S433,S533,1
-2.85,-2.45,1.71039822,1.8860715,0.175673281,-16.1184523,-19.0879454,-15.7466458,-18.3972178,2.65057202,R017,P00065,S221,S222,2,R061,P68636,S433,S533,1
-2.8,-2.45,1.71039822,1.8360715,0.125673281,-16.1184523,-18.2427704,-15.7466458,-17.5520429,1.80539708,R017,P00065,S221,S222,3,R061,P68636,S433,S533,1
-2.75,-2.45,1.69277525,1.7860715,0.09329625,-15.8205624,-17.3975955,-15.448756,-16.706868,1.25811197,R013,P00056,S112,S222,2,R061,P68636,S433,S533,1
-2.7,-2.45,1.64277525,1.6656115,0.02283625,-14.9753875,-15.3614,-14.603581,-14.6706725,0.0670914405,R013,P00056,S112,S222,2,R062,P68642,S111,S211,2
-2.65,-2.45,1.59277525,1.6156115,0.02283625,-14.1302126,-14.5162251,-13.7584061,-13.8254975,0.0670914405,R013,P00056,S112,S222,2,R057,P68487,S111,S211,3
-2.6,-2.45,1.54277525,1.5656115,0.02283625,-13.2850376,-13.6710501,-12.9132312,-12.9803226,0.0670914405,R013,P00056,S112,S222,2,R057,P68487,S111,S211,3
-2.55,-2.45,1.49277525,1.5156115,0.02283625,-12.4398627,-12.8258752,-12.0680562,-12.1351477,0.0670914405,R013,P00056,S112,S222,2,R056,P68478,S111,S211,5
-2.5,-2.45,1.44277525,1.4656115,0.02283625,-11.5946877,-11.9807003,-11.2228813,-11.2899727,0.0670914405,R013,P00056,S112,S222,2,R056,P68478,S111,S211,5
-2.45,-2.45,1.39277525,1.4156115,0.02283625,-10.7495128,-11.1355253,-10.3777063,-10.4447978,0.0670914405,R013,P00056,S112,S222,2,R056,P68478,S111,S211,5
-2.4,-2.45,1.34277525,1.3656115,0.02283625,-9.90433784,-10.2903504,-9.53253138,-9.59962282,0.0670914405,R013,P00056,S112,S222,2,R056,P68478,S111,S211,5
-2.35,-2.45,1.29277525,1.3156115,0.02283625,-9.0591629,-9.44517542,-8.68735644,-8.75444788,0.0670914405,R013,P00056,S112,S222,2,R056,P68478,S111,S211,5
-2.3,-2.45,1.24277525,1.2656115,0.02283625,-8.21398796,-8.60000048,-7.8421815,-7.90927294,0.0670914405,R013,P00056,S112,S222,2,R056,P68478,S111,S211,5
-2.25,-2.45,1.19277525,1.2156115,0.02283625,-7.36881301,-7.75482554,-6.99700655,-7.06409799,0.0670914405,R013,P00056,S112,S222,2,R056,P68478,S111,S211,5
-2.2,-2.45,1.14277525,1.1656115,0.02283625,-6.52363807,-6.9096506,-6.15183161,-6.21892305,0.0670914405,R013,P00056,S112,S222,2,R054,P68422,S111,S211,12
-2.15,-2.45,1.09277525,1.1156115,0.02283625,-5.67846313,-6.06447565,-5.30665667,-5.37374811,0.0670914405,R013,P00056,S112,S222,2,R054,P68422,S111,S211,12
-2.1,-2.45,1.04277525,1.0656115,0.02283625,-4.83328818,-5.21930071,-4.46148172,-4.52857317,0.0670914405,R013,P00056,S112,S222,2,R054,P68422,S111,S211,12
-2.05,-2.45,0.99277525,1.0156115,0.02283625,-3.98811324,-4.37412577,-3.61630678,-3.68339822,0.0670914405,R013,P00056,S112,S222,2,R054,P68422,S111,S211,12
-2,-2.45,0.94277525,0.9656115,0.02283625,-3.1429383,-3.52895082,-2.77113184,-2.83822328,0.0670914405,R013,P00056,S112,S222,2,R054,P68422,S111,S211,12
-1.95,-2.45,0.89277525,0.9156115,0.02283625,-2.29776335,-2.68377588,-1.9259569,-1.99304834,0.0670914405,R013,P00056,S112,S222,2,R054,P68422,S111,S211,12
-1.9,-2.45,0.84277525,0.8656115,0.02283625,-1.45258841,-1.83860094,-1.08078195,-1.14787339,0.0670914405,R013,P00056,S112,S222,2,R054,P68422,S111,S211,12
-1.85,-2.45,0.79277525,0.8156115,0.02283625,-0.607413468,-0.993425994,-0.23560701,-0.30269845,0.0670914405,R013,P00056,S112,S222,2,R054,P68422,S111,S211,12
-1.8,-2.45,0.74277525,0.7656115,0.02283625,0.237761475,-0.148251051,0.609567933,0.542476493,0.0670914405,R013,P00056,S112,S222,2,R054,P68422,S111,S211,12
-1.75,-2.45,0.69277525,0.7156115,0.02283625,1.08293642,0.696923892,1.45474288,1.38765144,0.0670914405,R013,P00056,S112,S222,2,R054,P68422,S111,S211,12
-1.7,-2.45,0.64277525,0.6656115,0.02283625,1.92811136,1.54209883,2.29991782,2.23282638,0.0670914405,R013,P00056,S112,S222,2,R054,P68422,S111,S211,12
-1.65,-2.45,0.59277525,0.6156115,0.02283625,2.7732863,2.38727378,3.14509276,3.07800132,0.0670914405,R013,P00056,S112,S222,2,R054,P68422,S111,S211,12
-1.6,-2.45,0.54277525,0.5656115,0.02283625,3.61846125,3.23244872,3.99026771,3.92317626,0.0670914405,R013,P00056,S112,S222,2,R054,P68422,S111,S211,12
-1.55,-2.45,0.49277525,0.5156115,0.02283625,4.46363619,4.07762366,4.83544265,4.76835121,0.0670914405,R013,P00056,S112,S222,2,R054,P68422,S111,S211,12
-1.5,-2.45,0.44277525,0.4656115,0.02283625,5.30881113,4.92279861,5.68061759,5.61352615,0.0670914405,R013,P00056,S112,S222,2,R054,P68422,S111,S211,12
-1.45,-2.45,0.39277525,0.4156115,0.02283625,6.15398608,5.76797355,6.52579253,6.45870109,0.0670914405,R013,P00056,S112,S222,2,R054,P68422,S111,S211,12
-1.4,-2.45,0.34277525,0.3656115,0.02283625,6.99916102,6.61314849,7.37096748,7.30387604,0.0670914405,R013,P00056,S112,S222,2,R028,P22552,S111,S211,24
-1.35,-2.45,0.29277525,0.3156115,0.02283625,7.84433596,7.45832344,8.21614242,8.14905098,0.0670914405,R013,P00056,S112,S222,2,R028,P22552,S111,S211,24
-1.3,-2.45,0.24277525,0.2656115,0.02283625,8.68951091,8.30349838,9.06131736,8.99422592,0.0670914405,R013,P00056,S112,S222,2,R028,P22552,S111,S211,24
-1.25,-2.45,0.19277525,0.2156115,0.02283625,9.53468585,9.14867332,9.90649231,9.83940087,0.0670914405,R013,P00056,S112,S222,2,R028,P22552,S111,S211,24
-1.2,-2.45,0.14277525,0.1656115,0.02283625,10.3798608,9.99384827,10.7516672,10.6845758,0.0670914405,R013,P00056,S112,S222,2,R028,P22552,S111,S211,24
-1.15,-2.45,0.09277525,0.1156115,0.02283625,11.2250357,10.8390232,11.5968422,11.5297508,0.0670914405,R013,P00056,S112,S222,2,R028,P22552,S111,S211,24
-1.1,-2.45,0.04277525,0.0656115,0.02283625,12.0702107,11.6841982,12.4420171,12.3749257,0.0670914405,R013,P00056,S112,S222,2,R028,P22552,S111,S211,24
-1.05,-2.45,0,0.0156115,0.0156115,12.7932621,12.5293731,13.1650685,13.2201006,-0.0550321129,R013,P00056,S000,S000,2,R028,P22552,S111,S211,24
-1,-2.45,0,0,0,12.7932621,12.7932621,13.1650685,13.4839896,-0.318921085,R010,P00053,S000,S000,8,R028,P22552,S000,S000,24
-0.95,-2.45,0,0,0,12.7932621,12.7932621,13.1650685,13.4839896,-0.318921085,R001,P00001,S000,S000,27,R028,P22552,S000,S000,56
-0.9,-2.45,0,0,0,12.7932621,12.7932621,13.1650685,13.4839896,-0.318921085,R001,P00001,S000,S000,39,R028,P22552,S000,S000,56
-0.85,-2.45,0,0,0,12.7932621,12.7932621,13.1650685,13.4839896,-0.318921085,R001,P00001,S000,S000,39,R028,P22552,S000,S000,56
-0.8,-2.45,0,0,0,12.7932621,12.7932621,13.1650685,13.4839896,-0.318921085,R001,P00001,S000,S000,39,R027,P22549,S000,S000,80
-0.75,-2.45,0,0,0,12.7932621,12.7932621,13.1650685,13.4839896,-0.318921085,R001,P00001,S000,S000,39,R027,P22549,S000,S000,80
-0.7,-2.45,0,0,0,12.7932621,12.7932621,13.1650685,13.4839896,-0.318921085,R001,P00001,S000,S000,49,R027,P22549,S000,S000,80
-0.65,-2.45,0,0,0,12.7932621,12.7932621,13.1650685,13.4839896,-0.318921085,R001,P00001,S000,S000,49,R012,P04429,S000,S000,140
-0.6,-2.45,0,0,0,12.7932621,12.7932621,13.1650685,13.4839896,-0.318921085,R001,P00001,S000,S000,68,R012,P04429,S000,S000,140
-0.55,-2.45,0,0,0,12.7932621,12.7932621,13.1650685,13.4839896,-0.318921085,R001,P00001,S000,S000,68,R012,P04429,S000,S000,140
-0.5,-2.45,0,0,0,12.7932621,12.7932621,13.1650685,13.4839896,-0.318921085,R001,P00001,S000,S000,68,R012,P04429,S000,S000,140
-0.45,-2.45,0,0,0,12.7932621,12.7932621,13.1650685,13.4839896,-0.318921085,R001,P00001,S000,S000,68,R012,P04429,S000,S000,182
-0.4,-2.45,0,0,0,12.7932621,12.7932621,13.1650685,13.4839896,-0.318921085,R001,P00001,S000,S000,68,R012,P04429,S000,S000,182
-0.35,-2.45,0,0,0,12.7932621,12.7932621,13.1650685,13.4839896,-0.318921085,R001,P00001,S000,S000,68,R012,P04429,S000,S000,182
-0.3,-2.45,0,0,0,12.7932621,12.7932621,13.1650685,13.4839896,-0.318921085,R001,P00001,S000,S000,68,R010,P03778,S000,S000,520
-0.25,-2.45,0,0,0,12.7932621,12.7932621,13.1650685,13.4839896,-0.318921085,R001,P00001,S000,S000,68,R010,P03778,S000,S000,520
-0.2,-2.45,0,0,0,12.7932621,12.7932621,13.1650685,13.4839896,-0.318921085,R001,P00001,S000,S000,69,R010,P03778,S000,S000,520
-0.15,-2.45,0,0,0,12.7932621,12.7932621,13.1650685,13.4839896,-0.318921085,R001,P00001,S000,S000,79,R010,P03778,S000,S000,520
-0.1,-2.45,0,0,0,12.7932621,12.7932621,13.1650685,13.4839896,-0.318921085,R001,P00001,S000,S000,79,R010,P03778,S000,S000,560
-0.05,-2.45,0,0,0,12.7932621,12.7932621,13.1650685,13.4839896,-0.318921085,R001,P00001,S000,S000,79,R010,P03778,S000,S000,700
0,-2.45,0,0,0,12.7932621,12.7932621,13.1650685,13.4839896,-0.318921085,R001,P00001,S000,S000,79,R010,P03778,S000,S000,700
-4,-2.4,3.93646319,8.04642866,4.10996547,-53.7467389,-123.219536,-53.3749325,-122.528808,69.1538755,R012,P00055,S001,S212,1,R022,P08462,S001,S000,14
-3.95,-2.4,3.83646319,7.74642866,3.90996547,-52.056389,-118.148486,-51.6845826,-117.457758,65.7731758,R012,P00055,S001,S212,1,R022,P08462,S001,S000,14
-3.9,-2.4,3.73646319,7.44642866,3.70996547,-50.3660392,-113.077436,-49.9942327,-112.386709,62.392476,R006,P00012,S001,S212,2,R022,P08462,S001,S000,14
-3.85,-2.4,3.63646319,7.14642866,3.50996547,-48.6756893,-108.006387,-48.3038828,-107.315659,59.0117762,R006,P00012,S001,S212,2,R024,P08505,S001,S000,10
-3.8,-2.4,3.53160022,6.84642866,3.31482844,-46.9031382,-102.935337,-46.5313318,-102.244609,55.7132776,R025,P00220,S111,S110,1,R024,P08505,S001,S000,10
-3.75,-2.4,3.38160022,6.54642866,3.16482844,-44.3676134,-97.8642873,-43.9958069,-97.1735597,53.1777528,R025,P00220,S111,S110,1,R026,P08672,S001,S000,6
-3.7,-2.4,3.23160022,6.24642866,3.01482844,-41.8320886,-92.7932376,-41.4602821,-92.1025101,50.642228,R025,P00220,S111,S110,1,R029,P24279,S001,S000,2
-3.65,-2.4,3.08160022,5.94642866,2.86482844,-39.2965637,-87.7221879,-38.9247573,-87.0314604,48.1067031,R025,P00220,S111,S110,1,R029,P24279,S001,S000,2
-3.6,-2.4,2.93160022,5.64642866,2.71482844,-36.7610389,-82.6511383,-36.3892324,-81.9604107,45.5711783,R025,P00220,S111,S110,1,R029,P24279,S001,S000,2
-3.55,-2.4,2.78160022,5.34642866,2.56482844,-34.2255141,-77.5800886,-33.8537076,-76.8893611,43.0356535,R025,P00220,S111,S110,1,R029,P24279,S001,S000,2
-3.5,-2.4,2.63160022,5.04642866,2.41482844,-31.6899892,-72.509039,-31.3181828,-71.8183114,40.5001286,R025,P00220,S111,S110,1,R029,P24279,S001,S000,2
-3.45,-2.4,2.49039694,4.74642866,2.25603172,-29.3031597,-67.4379893,-28.9313533,-66.7472618,37.8159085,R025,P00220,S000,S222,1,R029,P24279,S001,S000,2
-3.4,-2.4,2.39039694,4.44642866,2.05603172,-27.6128099,-62.3669397,-27.2410034,-61.6762121,34.4352087,R025,P00220,S000,S222,1,R029,P24279,S001,S000,2
-3.35,-2.4,2.29039694,4.14642866,1.85603172,-25.92246,-57.29589,-25.5506535,-56.6051625,31.0545089,R025,P00220,S000,S222,1,R029,P24279,S001,S000,2
-3.3,-2.4,2.19039694,3.85740866,1.66701172,-24.2321101,-52.4104408,-23.8603036,-51.7197132,27.8594096,R025,P00220,S000,S222,1,R061,P68636,S212,S211,1
-3.25,-2.4,2.09039694,3.55740866,1.46701172,-22.5417602,-47.3393911,-22.1699537,-46.6486636,24.4787098,R025,P00220,S000,S222,1,R061,P68636,S212,S211,1
-3.2,-2.4,1.99039694,3.25740866,1.26701172,-20.8514103,-42.2683414,-20.4796038,-41.5776139,21.09801,R025,P00220,S000,S222,1,R061,P68636,S212,S211,1
-3.15,-2.4,1.89039694,2.95740866,1.06701172,-19.1610604,-37.1972918,-18.789254,-36.5065642,17.7173103,R025,P00220,S000,S222,1,R061,P68636,S212,S211,1
-3.1,-2.4,1.79039694,2.66286994,0.872472999,-17.4707105,-32.2185569,-17.0989041,-31.5278293,14.4289253,R025,P00220,S000,S222,1,R061,P68636,S111,S533,1
-3.05,-2.4,1.73539822,2.46286994,0.727471718,-16.5410398,-28.8378571,-16.1692333,-28.1471296,11.9778963,R025,P00220,S221,S222,1,R061,P68636,S111,S533,1
-3,-2.4,1.73539822,2.26286994,0.527471718,-16.5410398,-25.4571573,-16.1692333,-24.7664298,8.5971965,R025,P00220,S221,S222,1,R061,P68636,S111,S533,1
-2.95,-2.4,1.73539822,2.07567022,0.340271999,-16.5410398,-22.2928271,-16.1692333,-21.6020996,5.43286626,R025,P00220,S221,S222,1,R061,P68636,S212,S533,1
-2.9,-2.4,1.73539822,1.9360715,0.200673281,-16.5410398,-19.9331203,-16.1692333,-19.2423928,3.07315949,R025,P00220,S221,S222,1,R061,P68636,S433,S533,1
-2.85,-2.4,1.73539822,1.8860715,0.150673281,-16.5410398,-19.0879454,-16.1692333,-18.3972178,2.22798455,R017,P00065,S221,S222,2,R061,P68636,S433,S533,1
-2.8,-2.4,1.73539822,1.8360715,0.100673281,-16.5410398,-18.2427704,-16.1692333,-17.5520429,1.38280961,R017,P00065,S221,S222,2,R061,P68636,S433,S533,1
-2.75,-2.4,1.7216215,1.7860715,0.064450001,-16.308165,-17.3975955,-15.9363585,-16.706868,0.770509433,R012,P00055,S112,S212,2,R061,P68636,S433,S533,1
-2.7,-2.4,1.6716215,1.71933647,0.04771497,-15.46299,-16.26954,-15.0911836,-15.5788124,0.487628856,R012,P00055,S112,S212,2,R062,P68642,S544,S211,2
-2.65,-2.4,1.6216215,1.6156115,-0.006009999,-14.6178151,-14.5162251,-14.2460086,-13.8254975,-0.420511097,R012,P00055,S112,S212,2,R062,P68642,S111,S211,2
-2.6,-2.4,1.5716215,1.5656115,-0.006009999,-13.7726402,-13.6710501,-13.4008337,-12.9803226,-0.420511097,R012,P00055,S112,S212,2,R057,P68487,S111,S211,3
-2.55,-2.4,1.5216215,1.5156115,-0.006009999,-12.9274652,-12.8258752,-12.5556587,-12.1351477,-0.420511097,R012,P00055,S112,S212,2,R057,P68487,S111,S211,3
-2.5,-2.4,1.4716215,1.4656115,-0.006009999,-12.0822903,-11.9807003,-11.7104838,-11.2899727,-0.420511097,R012,P00055,S112,S212,2,R056,P68478,S111,S211,5
-2.45,-2.4,1.4216215,1.4156115,-0.006009999,-11.2371153,-11.1355253,-10.8653089,-10.4447978,-0.420511097,R012,P00055,S112,S212,2,R056,P68478,S111,S211,5
-2.4,-2.4,1.3716215,1.3656115,-0.006009999,-10.3919404,-10.2903504,-10.0201339,-9.59962282,-0.420511097,R012,P00055,S112,S212,2,R056,P68478,S111,S211,5
-2.35,-2.4,1.3216215,1.3156115,-0.006009999,-9.54676544,-9.44517542,-9.17495898,-8.75444788,-0.420511097,R012,P00055,S112,S212,2,R056,P68478,S111,S211,5
-2.3,-2.4,1.2716215,1.2656115,-0.006009999,-8.70159049,-8.60000048,-8.32978403,-7.90927294,-0.420511097,R012,P00055,S112,S212,2,R056,P68478,S111,S211,5
-2.25,-2.4,1.2216215,1.2156115,-0.006009999,-7.85641555,-7.75482554,-7.48460909,-7.06409799,-0.420511097,R012,P00055,S112,S212,2,R056,P68478,S111,S211,5
-2.2,-2.4,1.1716215,1.1656115,-0.006009999,-7.01124061,-6.9096506,-6.63943415,-6.21892305,-0.420511097,R012,P00055,S112,S212,2,R056,P68478,S111,S211,5
-2.15,-2.4,1.1216215,1.1156115,-0.006009999,-6.16606566,-6.06447565,-5.79425921,-5.37374811,-0.420511097,R012,P00055,S112,S212,2,R054,P68422,S111,S211,12
-2.1,-2.4,1.0716215,1.0656115,-0.006009999,-5.32089072,-5.21930071,-4.94908426,-4.52857317,-0.420511097,R012,P00055,S112,S212,2,R054,P68422,S111,S211,12
-2.05,-2.4,1.0216215,1.0156115,-0.006009999,-4.47571578,-4.37412577,-4.10390932,-3.68339822,-0.420511097,R012,P00055,S112,S212,2,R054,P68422,S111,S211,12
-2,-2.4,0.971621499,0.9656115,-0.006009999,-3.63054083,-3.52895082,-3.25873438,-2.83822328,-0.420511097,R012,P00055,S112,S212,2,R054,P68422,S111,S211,12
-1.95,-2.4,0.921621499,0.9156115,-0.006009999,-2.78536589,-2.68377588,-2.41355943,-1.99304834,-0.420511097,R012,P00055,S112,S212,2,R054,P68422,S111,S211,12
-1.9,-2.4,0.871621499,0.8656115,-0.006009999,-1.94019095,-1.83860094,-1.56838449,-1.14787339,-0.420511097,R011,P00054,S112,S212,4,R054,P68422,S111,S211,12
-1.85,-2.4,0.821621499,0.8156115,-0.006009999,-1.09501601,-0.993425994,-0.723209547,-0.30269845,-0.420511097,R011,P00054,S112,S212,4,R054,P68422,S111,S211,12
-1.8,-2.4,0.771621499,0.7656115,-0.006009999,-0.249841062,-0.148251051,0.121965396,0.542476493,-0.420511097,R011,P00054,S112,S212,4,R054,P68422,S111,S211,12
-1.75,-2.4,0.721621499,0.7156115,-0.006009999,0.595333881,0.696923892,0.967140339,1.38765144,-0.420511097,R011,P00054,S112,S212,4,R054,P68422,S111,S211,12
-1.7,-2.4,0.671621499,0.6656115,-0.006009999,1.44050882,1.54209883,1.81231528,2.23282638,-0.420511097,R011,P00054,S112,S212,4,R054,P68422,S111,S211,12
-1.65,-2.4,0.621621499,0.6156115,-0.006009999,2.28568377,2.38727378,2.65749023,3.07800132,-0.420511097,R011,P00054,S112,S212,4,R054,P68422,S111,S211,12
-1.6,-2.4,0.571621499,0.5656115,-0.006009999,3.13085871,3.23244872,3.50266517,3.92317626,-0.420511097,R011,P00054,S112,S212,4,R054,P68422,S111,S211,12
-1.55,-2.4,0.521621499,0.5156115,-0.006009999,3.97603365,4.07762366,4.34784011,4.76835121,-0.420511097,R011,P00054,S112,S212,4,R054,P68422,S111,S211,12
-1.5,-2.4,0.471621499,0.4656115,-0.006009999,4.8212086,4.92279861,5.19301505,5.61352615,-0.420511097,R011,P00054,S112,S212,4,R054,P68422,S111,S211,12
-1.45,-2.4,0.421621499,0.4156115,-0.006009999,5.66638354,5.76797355,6.03819,6.45870109,-0.420511097,R011,P00054,S112,S212,4,R054,P68422,S111,S211,12
-1.4,-2.4,0.371621499,0.3656115,-0.006009999,6.51155848,6.61314849,6.88336494,7.30387604,-0.420511097,R011,P00054,S112,S212,4,R054,P68422,S111,S211,12
-1.35,-2.4,0.321621499,0.3156115,-0.006009999,7.35673342,7.45832344,7.72853988,8.14905098,-0.420511097,R011,P00054,S112,S212,4,R028,P22552,S111,S211,24
-1.3,-2.4,0.271621499,0.2656115,-0.006009999,8.20190837,8.30349838,8.57371483,8.99422592,-0.420511097,R011,P00054,S112,S212,4,R028,P22552,S111,S211,24
-1.25,-2.4,0.221621499,0.2156115,-0.006009999,9.04708331,9.14867332,9.41888977,9.83940087,-0.420511097,R011,P00054,S112,S212,4,R028,P22552,S111,S211,24
-1.2,-2.4,0.171621499,0.1656115,-0.006009999,9.89225825,9.99384827,10.2640647,10.6845758,-0.420511097,R011,P00054,S112,S212,4,R028,P22552,S111,S211,24
-1.15,-2.4,0.121621499,0.1156115,-0.006009999,10.7374332,10.8390232,11.1092397,11.5297508,-0.420511097,R011,P00054,S112,S212,4,R028,P22552,S111,S211,24
-1.1,-2.4,0.071621499,0.0656115,-0.006009999,11.5826081,11.6841982,11.9544146,12.3749257,-0.420511097,R011,P00054,S112,S212,4,R028,P22552,S111,S211,24
-1.05,-2.4,0.021621499,0.0156115,-0.006009999,12.4277831,12.5293731,12.7995895,13.2201006,-0.420511097,R011,P00054,S112,S212,4,R028,P22552,S111,S211,24
-1,-2.4,0,0,0,12.7932621,12.7932621,13.1650685,13.4839896,-0.318921085,R011,P00054,S000,S000,6,R028,P22552,S000,S000,24
-0.95,-2.4,0,0,0,12.7932621,12.7932621,13.1650685,13.4839896,-0.318921085,R002,P00002,S000,S000,20,R028,P22552,S000,S000,56
-0.9,-2.4,0,0,0,12.7932621,12.7932621,13.1650685,13.4839896,-0.318921085,R002,P00002,S000,S000,29,R028,P22552,S000,S000,56
-0.85,-2.4,0,0,0,12.7932621,12.7932621,13.1650685,13.4839896,-0.318921085,R002,P00002,S000,S000,29,R028,P22552,S000,S000,56
-0.8,-2.4,0,0,0,12.7932621,12.7932621,13.1650685,13.4839896,-0.318921085,R002,P00002,S000,S000,29,R027,P22549,S000,S000,80
-0.75,-2.4,0,0,0,12.7932621,12.7932621,13.1650685,13.4839896,-0.318921085,R002,P00002,S000,S000,29,R027,P22549,S000,S000,80
-0.7,-2.4,0,0,0,12.7932621,12.7932621,13.1650685,13.4839896,-0.318921085,R002,P00002,S000,S000,37,R027,P22549,S000,S000,80
-0.65,-2.4,0,0,0,12.7932621,12.7932621,13.1650685,13.4839896,-0.318921085,R002,P00002,S000,S000,37,R012,P04429,S000,S000,140
-0.6,-2.4,0,0,0,12.7932621,12.7932621,13.1650685,13.4839896,-0.318921085,R002,P00002,S000,S000,56,R012,P04429,S000,S000,140
-0.55,-2.4,0,0,0,12.7932621,12.7932621,13.1650685,13.4839896,-0.318921085,R002,P00002,S000,S000,56,R012,P04429,S000,S000,140
-0.5,-2.4,0,0,0,12.7932621,12.7932621,13.1650685,13.4839896,-0.318921085,R002,P00002,S000,S000,56,R012,P04429,S000,S000,140
-0.45,-2.4,0,0,0,12.7932621,12.7932621,13.1650685,13.4839896,-0.318921085,R002,P00002,S000,S000,56,R012,P04429,S000,S000,182
-0.4,-2.4,0,0,0,12.7932621,12.7932621,13.1650685,13.4839896,-0.318921085,R002,P00002,S000,S000,56,R012,P04429,S000,S000,182
-0.35,-2.4,0,0,0,12.7932621,12.7932621,13.1650685,13.4839896,-0.318921085,R002,P00002,S000,S000,56,R012,P04429,S000,S000,182
-0.3,-2.4,0,0,0,12.7932621,12.7932621,13.1650685,13.4839896,-0.318921085,R002,P00002,S000,S000,56,R010,P03778,S000,S000,520
-0.25,-2.4,0,0,0,12.7932621,12.7932621,13.1650685,13.4839896,-0.318921085,R002,P00002,S000,S000,56,R010,P03778,S000,S000,520
-0.2,-2.4,0,0,0,12.7932621,12.7932621,13.1650685,13.4839896,-0.318921085,R002,P00002,S000,S000,57,R010,P03778,S000,S000,520
-0.15,-2.4,0,0,0,12.7932621,12.7932621,13.1650685,13.4839896,-0.318921085,R002,P00002,S000,S000,66,R010,P03778,S000,S000,520
-0.1,-2.4,0,0,0,12.7932621,12.7932621,13.1650685,13.4839896,-0.318921085,R002,P00002,S000,S000,66,R010,P03778,S000,S000,560
-0.05,-2.4,0,0,0,12.7932621,12.7932621,13.1650685,13.4839896,-0.318921085,R002,P00002,S000,S000,66,R010,P03778,S000,S000,700
0,-2.4,0,0,0,12.7932621,12.7932621,13.1650685,13.4839896,-0.318921085,R002,P00002,S000,S000,66,R010,P03778,S000,S000,700
-4,-2.35,4.01146319,8.32142866,4.30996547,-55.0145013,-127.867998,-54.6426949,-127.17727,72.5345753,R012,P00055,S001,S212,1,R022,P08462,S001,S000,14
-3.95,-2.35,3.91146319,8.02142866,4.10996547,-53.3241515,-122.796948,-52.952345,-122.106221,69.1538755,R012,P00055,S001,S212,1,R022,P08462,S001,S000,14
-3.9,-2.35,3.81146319,7.72142866,3.90996547,-51.6338016,-117.725898,-51.2619951,-117.035171,65.7731758,R012,P00055,S001,S212,1,R022,P08462,S001,S000,14
-3.85,-2.35,3.71146319,7.42142866,3.70996547,-49.9434517,-112.654849,-49.5716452,-111.964121,62.392476,R006,P00012,S001,S212,2,R022,P08462,S001,S000,14
-3.8,-2.35,3.61146319,7.12142866,3.50996547,-48.2531018,-107.583799,-47.8812953,-106.893072,59.0117762,R006,P00012,S001,S212,2,R024,P08505,S001,S000,10
-3.75,-2.35,3.50660022,6.82142866,3.31482844,-46.4805507,-102.512749,-46.1087443,-101.822022,55.7132776,R025,P00220,S111,S110,1,R024,P08505,S001,S000,10
-3.7,-2.35,3.35660022,6.52142866,3.16482844,-43.9450259,-97.4416998,-43.5732195,-96.7509722,53.1777528,R025,P00220,S111,S110,1,R026,P08672,S001,S000,6
-3.65,-2.35,3.20660022,6.22142866,3.01482844,-41.4095011,-92.3706501,-41.0376946,-91.6799226,50.642228,R025,P00220,S111,S110,1,R029,P24279,S001,S000,2
-3.6,-2.35,3.05660022,5.92142866,2.86482844,-38.8739763,-87.2996005,-38.5021698,-86.6088729,48.1067031,R025,P00220,S111,S110,1,R029,P24279,S001,S000,2
-3.55,-2.35,2.90660022,5.62142866,2.71482844,-36.3384514,-82.2285508,-35.966645,-81.5378233,45.5711783,R025,P00220,S111,S110,1,R029,P24279,S001,S000,2
-3.5,-2.35,2.75660022,5.32142866,2.56482844,-33.8029266,-77.1575012,-33.4311201,-76.4667736,43.0356535,R025,P00220,S111,S110,1,R029,P24279,S001,S000,2
-3.45,-2.35,2.64039694,5.02142866,2.38103172,-31.8386846,-72.0864515,-31.4668781,-71.395724,39.9288458,R025,P00220,S000,S222,1,R029,P24279,S001,S000,2
-3.4,-2.35,2.54039694,4.72142866,2.18103172,-30.1483347,-67.0154018,-29.7765282,-66.3246743,36.5481461,R025,P00220,S000,S222,1,R029,P24279,S001,S000,2
-3.35,-2.35,2.44039694,4.42142866,1.98103172,-28.4579848,-61.9443522,-28.0861783,-61.2536246,33.1674463,R025,P00220,S000,S222,1,R029,P24279,S001,S000,2
-3.3,-2.35,2.34039694,4.12142866,1.78103172,-26.7676349,-56.8733025,-26.3958284,-56.182575,29.7867465,R025,P00220,S000,S222,1,R029,P24279,S001,S000,2
-3.25,-2.35,2.24039694,3.83240866,1.59201172,-25.077285,-51.9878533,-24.7054786,-51.2971257,26.5916472,R025,P00220,S000,S222,1,R061,P68636,S212,S211,1
-3.2,-2.35,2.14039694,3.53240866,1.39201172,-23.3869351,-46.9168036,-23.0151287,-46.2260761,23.2109474,R025,P00220,S000,S222,1,R061,P68636,S212,S211,1
-3.15,-2.35,2.04039694,3.23240866,1.19201172,-21.6965853,-41.845754,-21.3247788,-41.1550264,19.8302476,R025,P00220,S000,S222,1,R061,P68636,S212,S211,1
-3.1,-2.35,1.94039694,2.93240866,0.992011718,-20.0062354,-36.7747043,-19.6344289,-36.0839768,16.4495479,R025,P00220,S000,S222,1,R061,P68636,S212,S211,1
-3.05,-2.35,1.84039694,2.63240866,0.792011718,-18.3158855,-31.7036547,-17.944079,-31.0129271,13.0688481,R025,P00220,S000,S222,1,R061,P68636,S212,S211,1
-3,-2.35,1.76039822,2.41286994,0.652471718,-16.9636272,-27.9926822,-16.5918208,-27.3019546,10.7101339,R025,P00220,S221,S222,1,R061,P68636,S111,S533,1
-2.95,-2.35,1.76039822,2.21286994,0.452471718,-16.9636272,-24.6119824,-16.5918208,-23.9212548,7.32943408,R025,P00220,S221,S222,1,R061,P68636,S111,S533,1
-2.9,-2.35,1.76039822,2.05067022,0.290271999,-16.9636272,-21.8702396,-16.5918208,-21.1795121,4.58769132,R025,P00220,S221,S222,1,R061,P68636,S212,S533,1
-2.85,-2.35,1.76039822,1.90067022,0.140271999,-16.9636272,-19.3347148,-16.5918208,-18.6439873,2.05216649,R025,P00220,S221,S222,1,R061,P68636,S212,S533,1
-2.8,-2.35,1.76039822,1.8360715,0.075673281,-16.9636272,-18.2427704,-16.5918208,-17.5520429,0.960222134,R017,P00065,S221,S222,2,R061,P68636,S433,S533,1
-2.75,-2.35,1.7216215,1.7860715,0.064450001,-16.308165,-17.3975955,-15.9363585,-16.706868,0.770509433,R012,P00055,S112,S212,2,R061,P68636,S433,S533,1
-2.7,-2.35,1.6716215,1.7360715,0.064450001,-15.46299,-16.5524206,-15.0911836,-15.861693,0.770509433,R012,P00055,S112,S212,2,R061,P68636,S433,S533,1
-2.65,-2.35,1.6216215,1.65142675,0.029805251,-14.6178151,-15.1216281,-14.2460086,-14.4309006,0.184891941,R012,P00055,S112,S212,2,R062,P68642,S544,S110,2
-2.6,-2.35,1.5716215,1.5656115,-0.006009999,-13.7726402,-13.6710501,-13.4008337,-12.9803226,-0.420511097,R012,P00055,S112,S212,2,R062,P68642,S111,S211,2
-2.55,-2.35,1.5216215,1.5156115,-0.006009999,-12.9274652,-12.8258752,-12.5556587,-12.1351477,-0.420511097,R012,P00055,S112,S212,2,R057,P68487,S111,S211,3
-2.5,-2.35,1.4716215,1.4656115,-0.006009999,-12.0822903,-11.9807003,-11.7104838,-11.2899727,-0.420511097,R012,P00055,S112,S212,2,R057,P68487,S111,S211,3
-2.45,-2.35,1.4216215,1.4156115,-0.006009999,-11.2371153,-11.1355253,-10.8653089,-10.4447978,-0.420511097,R012,P00055,S112,S212,2,R056,P68478,S111,S211,5
-2.4,-2.35,1.3716215,1.3656115,-0.006009999,-10.3919404,-10.2903504,-10.0201339,-9.59962282,-0.420511097,R012,P00055,S112,S212,2,R056,P68478,S111,S211,5
-2.35,-2.35,1.3216215,1.3156115,-0.006009999,-9.54676544,-9.44517542,-9.17495898,-8.75444788,-0.420511097,R012,P00055,S112,S212,2,R056,P68478,S111,S211,5
-2.3,-2.35,1.2716215,1.2656115,-0.006009999,-8.70159049,-8.60000048,-8.32978403,-7.90927294,-0.420511097,R012,P00055,S112,S212,2,R056,P68478,S111,S211,5
-2.25,-2.35,1.2216215,1.2156115,-0.006009999,-7.85641555,-7.75482554,-7.48460909,-7.06409799,-0.420511097,R012,P00055,S112,S212,2,R056,P68478,S111,S211,5
-2.2,-2.35,1.1716215,1.1656115,-0.006009999,-7.01124061,-6.9096506,-6.63943415,-6.21892305,-0.420511097,R012,P00055,S112,S212,2,R056,P68478,S111,S211,5
-2.15,-2.35,1.1216215,1.1156115,-0.006009999,-6.16606566,-6.06447565,-5.79425921,-5.37374811,-0.420511097,R012,P00055,S112,S212,2,R056,P68478,S111,S211,5
-2.1,-2.35,1.0716215,1.0656115,-0.006009999,-5.32089072,-5.21930071,-4.94908426,-4.52857317,-0.420511097,R012,P00055,S112,S212,2,R054,P68422,S111,S211,12
-2.05,-2.35,1.0216215,1.0156115,-0.006009999,-4.47571578,-4.37412577,-4.10390932,-3.68339822,-0.420511097,R012,P00055,S112,S212,2,R054,P68422,S111,S211,12
-2,-2.35,0.971621499,0.9656115,-0.006009999,-3.63054083,-3.52895082,-3.25873438,-2.83822328,-0.420511097,R012,P00055,S112,S212,2,R054,P68422,S111,S211,12
-1.95,-2.35,0.921621499,0.9156115,-0.006009999,-2.78536589,-2.68377588,-2.41355943,-1.99304834,-0.420511097,R012,P00055,S112,S212,2,R054,P68422,S111,S211,12
-1.9,-2.35,0.871621499,0.8656115,-0.006009999,-1.94019095,-1.83860094,-1.56838449,-1.14787339,-0.420511097,R011,P00054,S112,S212,4,R054,P68422,S111,S211,12
-1.85,-2.35,0.821621499,0.8156115,-0.006009999,-1.09501601,-0.993425994,-0.723209547,-0.30269845,-0.420511097,R011,P00054,S112,S212,4,R054,P68422,S111,S211,12
-1.8,-2.35,0.771621499,0.7656115,-0.006009999,-0.249841062,-0.148251051,0.121965396,0.542476493,-0.420511097,R011,P00054,S112,S212,4,R054,P68422,S111,S211,12
-1.75,-2.35,0.721621499,0.7156115,-0.006009999,0.595333881,0.696923892,0.967140339,1.38765144,-0.420511097,R011,P00054,S112,S212,4,R054,P68422,S111,S211,12
-1.7,-2.35,0.671621499,0.6656115,-0.006009999,1.44050882,1.54209883,1.81231528,2.23282638,-0.420511097,R011,P00054,S112,S212,4,R054,P68422,S111,S211,12
-1.65,-2.35,0.621621499,0.6156115,-0.006009999,2.28568377,2.38727378,2.65749023,3.07800132,-0.420511097,R011,P00054,S112,S212,4,R054,P68422,S111,S211,12
-1.6,-2.35,0.571621499,0.5656115,-0.006009999,3.13085871,3.23244872,3.50266517,3.92317626,-0.420511097,R011,P00054,S112,S212,4,R054,P68422,S111,S211,12
-1.55,-2.35,0.521621499,0.5156115,-0.006009999,3.97603365,4.07762366,4.34784011,4.76835121,-0.420511097,R011,P00054,S112,S212,4,R054,P68422,S111,S211,12
-1.5,-2.35,0.471621499,0.4656115,-0.006009999,4.8212086,4.92279861,5.19301505,5.61352615,-0.420511097,R011,P00054,S112,S212,4,R054,P68422,S111,S211,12
-1.45,-2.35,0.421621499,0.4156115,-0.006009999,5.66638354,5.76797355,6.03819,6.45870109,-0.420511097,R011,P00054,S112,S212,4,R054,P68422,S111,S211,12
-1.4,-2.35,0.371621499,0.3656115,-0.006009999,6.51155848,6.61314849,6.88336494,7.30387604,-0.420511097,R011,P00054,S112,S212,4,R054,P68422,S111,S211,12
-1.35,-2.35,0.321621499,0.3156115,-0.006009999,7.35673342,7.45832344,7.72853988,8.14905098,-0.420511097,R011,P00054,S112,S212,4,R054,P68422,S111,S211,12
-1.3,-2.35,0.271621499,0.2656115,-0.006009999,8.20190837,8.30349838,8.57371483,8.99422592,-0.420511097,R011,P00054,S112,S212,4,R028,P22552,S111,S211,24
-1.25,-2.35,0.221621499,0.2156115,-0.006009999,9.04708331,9.14867332,9.41888977,9.83940087,-0.420511097,R011,P00054,S112,S212,4,R028,P22552,S111,S211,24
-1.2,-2.35,0.171621499,0.1656115,-0.006009999,9.89225825,9.99384827,10.2640647,10.6845758,-0.420511097,R011,P00054,S112,S212,4,R028,P22552,S111,S211,24
-1.15,-2.35,0.121621499,0.1156115,-0.006009999,10.7374332,10.8390232,11.1092397,11.5297508,-0.420511097,R011,P00054,S112,S212,4,R028,P22552,S111,S211,24
-1.1,-2.35,0.071621499,0.0656115,-0.006009999,11.5826081,11.6841982,11.9544146,12.3749257,-0.420511097,R011,P00054,S112,S212,4,R028,P22552,S111,S211,24
-1.05,-2.35,0.021621499,0.0156115,-0.006009999,12.4277831,12.5293731,12.7995895,13.2201006,-0.420511097,R011,P00054,S112,S212,4,R028,P22552,S111,S211,24
-1,-2.35,0,0,0,12.7932621,12.7932621,13.1650685,13.4839896,-0.318921085,R011,P00054,S000,S000,4,R028,P22552,S000,S000,24
-0.95,-2.35,0,0,0,12.7932621,12.7932621,13.1650685,13.4839896,-0.318921085,R002,P00002,S000,S000,20,R028,P22552,S000,S000,56
-0.9,-2.35,0,0,0,12.7932621,12.7932621,13.1650685,13.4839896,-0.318921085,R002,P00002,S000,S000,29,R028,P22552,S000,S000,56
-0.85,-2.35,0,0,0,12.7932621,12.7932621,13.1650685,13.4839896,-0.318921085,R002,P00002,S000,S000,29,R028,P22552,S000,S000,56
-0.8,-2.35,0,0,0,12.7932621,12.7932621,13.1650685,13.4839896,-0.318921085,R002,P00002,S000,S000,29,R027,P22549,S000,S000,80
-0.75,-2.35,0,0,0,12.7932621,12.7932621,13.1650685,13.4839896,-0.318921085,R002,P00002,S000,S000,29,R027,P22549,S000,S000,80
-0.7,-2.35,0,0,0,12.7932621,12.7932621,13.1650685,13.4839896,-0.318921085,R002,P00002,S000,S000,37,R027,P22549,S000,S000,80
-0.65,-2.35,0,0,0,12.7932621,12.7932621,13.1650685,13.4839896,-0.318921085,R002,P00002,S000,S000,37,R012,P04429,S000,S000,140
-0.6,-2.35,0,0,0,12.7932621,12.7932621,13.1650685,13.4839896,-0.318921085,R002,P00002,S000,S000,56,R012,P04429,S000,S000,140
-0.55,-2.35,0,0,0,12.7932621,12.7932621,13.1650685,13.4839896,-0.318921085,R002,P00002,S000,S000,56,R012,P04429,S000,S000,140
-0.5,-2.35,0,0,0,12.7932621,12.7932621,13.1650685,13.4839896,-0.318921085,R002,P00002,S000,S000,56,R012,P04429,S000,S000,140
-0.45,-2.35,0,0,0,12.7932621,12.7932621,13.1650685,13.4839896,-0.318921085,R002,P00002,S000,S000,56,R012,P04429,S000,S000,182
-0.4,-2.35,0,0,0,12.7932621,12.7932621,13.1650685,13.4839896,-0.318921085,R002,P00002,S000,S000,56,R012,P04429,S000,S000,182
-0.35,-2.35,0,0,0,12.7932621,12.7932621,13.1650685,13.4839896,-0.318921085,R002,P00002,S000,S000,56,R012,P04429,S000,S000,182
-0.3,-2.35,0,0,0,12.7932621,12.7932621,13.1650685,13.4839896,-0.318921085,R002,P00002,S000,S000,56,R010,P03778,S000,S000,520
-0.25,-2.35,0,0,0,12.7932621,12.7932621,13.1650685,13.4839896,-0.318921085,R002,P00002,S000,S000,56,R010,P03778,S000,S000,520
-0.2,-2.35,0,0,0,12.7932621,12.7932621,13.1650685,13.4839896,-0.318921085,R002,P00002,S000,S000,57,R010,P03778,S000,S000,520
-0.15,-2.35,0,0,0,12.7932621,12.7932621,13.1650685,13.4839896,-0.318921085,R002,P00002,S000,S000,66,R010,P03778,S000,S000,520
-0.1,-2.35,0,0,0,12.7932621,12.7932621,13.1650685,13.4839896,-0.318921085,R002,P00002,S000,S000,66,R010,P03778,S000,S000,560
-0.05,-2.35,0,0,0,12.7932621,12.7932621,13.1650685,13.4839896,-0.318921085,R002,P00002,S000,S000,66,R010,P03778,S000,S000,700
0,-2.35,0,0,0,12.7932621,12.7932621,13.1650685,13.4839896,-0.318921085,R002,P00002,S000,S000,66,R010,P03778,S000,S000,700
-4,-2.3,4.08646319,8.59642866,4.50996547,-56.2822638,-132.51646,-55.9104573,-131.825732,75.9152751,R012,P00055,S001,S212,1,R022,P08462,S001,S000,16
-3.95,-2.3,3.98646319,8.29642866,4.30996547,-54.5919139,-127.44541,-54.2201074,-126.754683,72.5345753,R012,P00055,S001,S212,1,R022,P08462,S001,S000,16
-3.9,-2.3,3.88646319,7.99642866,4.10996547,-52.901564,-122.374361,-52.5297575,-121.683633,69.1538755,R012,P00055,S001,S212,1,R022,P08462,S001,S000,16
-3.85,-2.3,3.78646319,7.69642866,3.90996547,-51.2112141,-117.303311,-50.8394076,-116.612583,65.7731758,R012,P00055,S001,S212,1,R022,P08462,S001,S000,16
-3.8,-2.3,3.68646319,7.39642866,3.70996547,-49.5208642,-112.232261,-49.1490578,-111.541534,62.392476,R006,P00012,S001,S212,2,R022,P08462,S001,S000,16
-3.75,-2.3,3.58646319,7.09642866,3.50996547,-47.8305143,-107.161212,-47.4587079,-106.470484,59.0117762,R006,P00012,S001,S212,2,R024,P08505,S001,S000,10
-3.7,-2.3,3.48160022,6.79642866,3.31482844,-46.0579633,-102.090162,-45.6861568,-101.399434,55.7132776,R025,P00220,S111,S110,1,R024,P08505,S001,S000,10
-3.65,-2.3,3.33160022,6.49642866,3.16482844,-43.5224384,-97.0191123,-43.150632,-96.3283848,53.1777528,R025,P00220,S111,S110,1,R024,P08505,S001,S000,10
-3.6,-2.3,3.18160022,6.19642866,3.01482844,-40.9869136,-91.9480627,-40.6151072,-91.2573351,50.642228,R025,P00220,S111,S110,1,R029,P24279,S001,S000,2
-3.55,-2.3,3.03160022,5.89642866,2.86482844,-38.4513888,-86.877013,-38.0795823,-86.1862855,48.1067031,R025,P00220,S111,S110,1,R029,P24279,S001,S000,2
-3.5,-2.3,2.89039694,5.59642866,2.70603172,-36.0645593,-81.8059633,-35.6927528,-81.1152358,45.422483,R025,P00220,S000,S222,1,R029,P24279,S001,S000,2
-3.45,-2.3,2.79039694,5.29642866,2.50603172,-34.3742094,-76.7349137,-34.0024029,-76.0441861,42.0417832,R025,P00220,S000,S222,1,R029,P24279,S001,S000,2
-3.4,-2.3,2.69039694,4.99642866,2.30603172,-32.6838595,-71.663864,-32.3120531,-70.9731365,38.6610834,R025,P00220,S000,S222,1,R029,P24279,S001,S000,2
-3.35,-2.3,2.59039694,4.69642866,2.10603172,-30.9935096,-66.5928144,-30.6217032,-65.9020868,35.2803837,R025,P00220,S000,S222,1,R029,P24279,S001,S000,2
-3.3,-2.3,2.49039694,4.39642866,1.90603172,-29.3031597,-61.5217647,-28.9313533,-60.8310372,31.8996839,R025,P00220,S000,S222,1,R029,P24279,S001,S000,2
-3.25,-2.3,2.39039694,4.09642866,1.70603172,-27.6128099,-56.4507151,-27.2410034,-55.7599875,28.5189841,R025,P00220,S000,S222,1,R029,P24279,S001,S000,2
-3.2,-2.3,2.284292,3.80740866,1.52311666,-25.8192652,-51.5652658,-25.4474587,-50.8745383,25.4270796,R021,P00210,S112,S110,1,R061,P68636,S212,S211,1
-3.15,-2.3,2.134292,3.50740866,1.37311666,-23.2837403,-46.4942162,-22.9119339,-45.8034886,22.8915547,R021,P00210,S112,S110,1,R061,P68636,S212,S211,1
-3.1,-2.3,2.0716215,3.20740866,1.13578716,-22.2243896,-41.4231665,-21.8525831,-40.732439,18.8798558,R021,P00210,S112,S212,1,R061,P68636,S212,S211,1
-3.05,-2.3,1.99039694,2.90740866,0.917011718,-20.8514103,-36.3521168,-20.4796038,-35.6613893,15.1817854,R025,P00220,S000,S222,1,R061,P68636,S212,S211,1
-3,-2.3,1.89039694,2.60740866,0.717011718,-19.1610604,-31.2810672,-18.789254,-30.5903396,11.8010857,R025,P00220,S000,S222,1,R061,P68636,S212,S211,1
-2.95,-2.3,1.79039694,2.36286994,0.572472999,-17.4707105,-27.1475072,-17.0989041,-26.4567797,9.3578756,R025,P00220,S000,S222,1,R061,P68636,S111,S533,1
-2.9,-2.3,1.78539822,2.17567022,0.390271999,-17.3862147,-23.983177,-17.0144082,-23.2924494,6.27804121,R025,P00220,S221,S222,1,R061,P68636,S212,S533,1
-2.85,-2.3,1.78539822,2.02567022,0.240271999,-17.3862147,-21.4476522,-17.0144082,-20.7569246,3.74251638,R025,P00220,S221,S222,1,R061,P68636,S212,S533,1
-2.8,-2.3,1.7716215,1.87567022,0.104048719,-17.1533399,-18.9121273,-16.7815335,-18.2213998,1.43986632,R012,P00055,S112,S212,2,R061,P68636,S212,S533,1
-2.75,-2.3,1.7216215,1.7860715,0.064450001,-16.308165,-17.3975955,-15.9363585,-16.706868,0.770509433,R012,P00055,S112,S212,2,R061,P68636,S433,S533,1
-2.7,-2.3,1.6716215,1.7360715,0.064450001,-15.46299,-16.5524206,-15.0911836,-15.861693,0.770509433,R012,P00055,S112,S212,2,R061,P68636,S433,S533,1
-2.65,-2.3,1.6216215,1.6860715,0.064450001,-14.6178151,-15.7072456,-14.2460086,-15.0165181,0.770509433,R012,P00055,S112,S212,2,R061,P68636,S433,S533,1
-2.6,-2.3,1.5716215,1.60142675,0.029805251,-13.7726402,-14.2764532,-13.4008337,-13.5857256,0.184891941,R012,P00055,S112,S212,2,R062,P68642,S544,S110,2
-2.55,-2.3,1.5216215,1.5156115,-0.006009999,-12.9274652,-12.8258752,-12.5556587,-12.1351477,-0.420511097,R012,P00055,S112,S212,2,R062,P68642,S111,S211,2
-2.5,-2.3,1.4716215,1.4656115,-0.006009999,-12.0822903,-11.9807003,-11.7104838,-11.2899727,-0.420511097,R012,P00055,S112,S212,2,R057,P68487,S111,S211,3
-2.45,-2.3,1.4216215,1.4156115,-0.006009999,-11.2371153,-11.1355253,-10.8653089,-10.4447978,-0.420511097,R012,P00055,S112,S212,2,R057,P68487,S111,S211,3
-2.4,-2.3,1.3716215,1.3656115,-0.006009999,-10.3919404,-10.2903504,-10.0201339,-9.59962282,-0.420511097,R012,P00055,S112,S212,2,R056,P68478,S111,S211,5
-2.35,-2.3,1.3216215,1.3156115,-0.006009999,-9.54676544,-9.44517542,-9.17495898,-8.75444788,-0.420511097,R012,P00055,S112,S212,2,R056,P68478,S111,S211,5
-2.3,-2.3,1.2716215,1.2656115,-0.006009999,-8.70159049,-8.60000048,-8.32978403,-7.90927294,-0.420511097,R012,P00055,S112,S212,2,R056,P68478,S111,S211,5
-2.25,-2.3,1.2216215,1.2156115,-0.006009999,-7.85641555,-7.75482554,-7.48460909,-7.06409799,-0.420511097,R012,P00055,S112,S212,2,R056,P68478,S111,S211,5
-2.2,-2.3,1.1716215,1.1656115,-0.006009999,-7.01124061,-6.9096506,-6.63943415,-6.21892305,-0.420511097,R012,P00055,S112,S212,2,R056,P68478,S111,S211,5
-2.15,-2.3,1.1216215,1.1156115,-0.006009999,-6.16606566,-6.06447565,-5.79425921,-5.37374811,-0.420511097,R012,P00055,S112,S212,2,R056,P68478,S111,S211,5
-2.1,-2.3,1.0716215,1.0656115,-0.006009999,-5.32089072,-5.21930071,-4.94908426,-4.52857317,-0.420511097,R012,P00055,S112,S212,2,R056,P68478,S111,S211,5
-2.05,-2.3,1.0216215,1.0156115,-0.006009999,-4.47571578,-4.37412577,-4.10390932,-3.68339822,-0.420511097,R012,P00055,S112,S212,2,R054,P68422,S111,S211,12
-2,-2.3,0.971621499,0.9656115,-0.006009999,-3.63054083,-3.52895082,-3.25873438,-2.83822328,-0.420511097,R012,P00055,S112,S212,2,R054,P68422,S111,S211,12
-1.95,-2.3,0.921621499,0.9156115,-0.006009999,-2.78536589,-2.68377588,-2.41355943,-1.99304834,-0.420511097,R012,P00055,S112,S212,2,R054,P68422,S111,S211,12
-1.9,-2.3,0.871621499,0.8656115,-0.006009999,-1.94019095,-1.83860094,-1.56838449,-1.14787339,-0.420511097,R011,P00054,S112,S212,4,R054,P68422,S111,S211,12
-1.85,-2.3,0.821621499,0.8156115,-0.006009999,-1.09501601,-0.993425994,-0.723209547,-0.30269845,-0.420511097,R011,P00054,S112,S212,4,R054,P68422,S111,S211,12
-1.8,-2.3,0.771621499,0.7656115,-0.006009999,-0.249841062,-0.148251051,0.121965396,0.542476493,-0.420511097,R011,P00054,S112,S212,4,R054,P68422,S111,S211,12
-1.75,-2.3,0.721621499,0.7156115,-0.006009999,0.595333881,0.696923892,0.967140339,1.38765144,-0.420511097,R011,P00054,S112,S212,4,R054,P68422,S111,S211,12
-1.7,-2.3,0.671621499,0.6656115,-0.006009999,1.44050882,1.54209883,1.81231528,2.23282638,-0.420511097,R011,P00054,S112,S212,4,R054,P68422,S111,S211,12
-1.65,-2.3,0.621621499,0.6156115,-0.006009999,2.28568377,2.38727378,2.65749023,3.07800132,-0.420511097,R011,P00054,S112,S212,4,R054,P68422,S111,S211,12
-1.6,-2.3,0.571621499,0.5656115,-0.006009999,3.13085871,3.23244872,3.50266517,3.92317626,-0.420511097,R011,P00054,S112,S212,4,R054,P68422,S111,S211,12
-1.55,-2.3,0.521621499,0.5156115,-0.006009999,3.97603365,4.07762366,4.34784011,4.76835121,-0.420511097,R011,P00054,S112,S212,4,R054,P68422,S111,S211,12
-1.5,-2.3,0.471621499,0.4656115,-0.006009999,4.8212086,4.92279861,5.19301505,5.61352615,-0.420511097,R011,P00054,S112,S212,4,R054,P68422,S111,S211,12
-1.45,-2.3,0.421621499,0.4156115,-0.006009999,5.66638354,5.76797355,6.03819,6.45870109,-0.420511097,R011,P00054,S112,S212,4,R054,P68422,S111,S211,12
-1.4,-2.3,0.371621499,0.3656115,-0.006009999,6.51155848,6.61314849,6.88336494,7.30387604,-0.420511097,R011,P00054,S112,S212,4,R054,P68422,S111,S211,12
-1.35,-2.3,0.321621499,0.3156115,-0.006009999,7.35673342,7.45832344,7.72853988,8.14905098,-0.420511097,R011,P00054,S112,S212,4,R054,P68422,S111,S211,12
-1.3,-2.3,0.271621499,0.2656115,-0.006009999,8.20190837,8.30349838,8.57371483,8.99422592,-0.420511097,R011,P00054,S112,S212,4,R054,P68422,S111,S211,12
-1.25,-2.3,0.221621499,0.2156115,-0.006009999,9.04708331,9.14867332,9.41888977,9.83940087,-0.420511097,R011,P00054,S112,S212,4,R028,P22552,S111,S211,24
-1.2,-2.3,0.171621499,0.1656115,-0.006009999,9.89225825,9.99384827,10.2640647,10.6845758,-0.420511097,R011,P00054,S112,S212,4,R028,P22552,S111,S211,24
-1.15,-2.3,0.121621499,0.1156115,-0.006009999,10.7374332,10.8390232,11.1092397,11.5297508,-0.420511097,R011,P00054,S112,S212,4,R028,P22552,S111,S211,24
-1.1,-2.3,0.071621499,0.0656115,-0.006009999,11.5826081,11.6841982,11.9544146,12.3749257,-0.420511097,R011,P00054,S112,S212,4,R028,P22552,S111,S211,24
-1.05,-2.3,0.021621499,0.0156115,-0.006009999,12.4277831,12.5293731,12.7995895,13.2201006,-0.420511097,R011,P00054,S112,S212,4,R028,P22552,S111,S211,24
-1,-2.3,0,0,0,12.7932621,12.7932621,13.1650685,13.4839896,-0.318921085,R011,P00054,S000,S000,4,R028,P22552,S000,S000,24
-0.95,-2.3,0,0,0,12.7932621,12.7932621,13.1650685,13.4839896,-0.318921085,R002,P00002,S000,S000,16,R028,P22552,S000,S000,56
-0.9,-2.3,0,0,0,12.7932621,12.7932621,13.1650685,13.4839896,-0.318921085,R002,P00002,S000,S000,29,R028,P22552,S000,S000,56
-0.85,-2.3,0,0,0,12.7932621,12.7932621,13.1650685,13.4839896,-0.318921085,R002,P00002,S000,S000,29,R028,P22552,S000,S000,56
-0.8,-2.3,0,0,0,12.7932621,12.7932621,13.1650685,13.4839896,-0.318921085,R002,P00002,S000,S000,29,R027,P22549,S000,S000,80
-0.75,-2.3,0,0,0,12.7932621,12.7932621,13.1650685,13.4839896,-0.318921085,R002,P00002,S000,S000,29,R027,P22549,S000,S000,80
-0.7,-2.3,0,0,0,12.7932621,12.7932621,13.1650685,13.4839896,-0.318921085,R002,P00002,S000,S000,37,R027,P22549,S000,S000,80
-0.65,-2.3,0,0,0,12.7932621,12.7932621,13.1650685,13.4839896,-0.318921085,R002,P00002,S000,S000,37,R012,P04429,S000,S000,140
-0.6,-2.3,0,0,0,12.7932621,12.7932621,13.1650685,13.4839896,-0.318921085,R002,P00002,S000,S000,56,R012,P04429,S000,S000,140
-0.55,-2.3,0,0,0,12.7932621,12.7932621,13.1650685,13.4839896,-0.318921085,R002,P00002,S000,S000,56,R012,P04429,S000,S000,140
-0.5,-2.3,0,0,0,12.7932621,12.7932621,13.1650685,13.4839896,-0.318921085,R002,P00002,S000,S000,56,R012,P04429,S000,S000,140
-0.45,-2.3,0,0,0,12.7932621,12.7932621,13.1650685,13.4839896,-0.318921085,R002,P00002,S000,S000,56,R012,P04429,S000,S000,182
-0.4,-2.3,0,0,0,12.7932621,12.7932621,13.1650685,13.4839896,-0.318921085,R002,P00002,S000,S000,56,R012,P04429,S000,S000,182
-0.35,-2.3,0,0,0,12.7932621,12.7932621,13.1650685,13.4839896,-0.318921085,R002,P00002,S000,S000,56,R012,P04429,S000,S000,182
-0.3,-2.3,0,0,0,12.7932621,12.7932621,13.1650685,13.4839896,-0.318921085,R002,P00002,S000,S000,56,R010,P03778,S000,S000,520
-0.25,-2.3,0,0,0,12.7932621,12.7932621,13.1650685,13.4839896,-0.318921085,R002,P00002,S000,S000,56,R010,P03778,S000,S000,520
-0.2,-2.3,0,0,0,12.7932621,12.7932621,13.1650685,13.4839896,-0.318921085,R002,P00002,S000,S000,57,R010,P03778,S000,S000,520
-0.15,-2.3,0,0,0,12.7932621,12.7932621,13.1650685,13.4839896,-0.318921085,R002,P00002,S000,S000,66,R010,P03778,S000,S000,520
-0.1,-2.3,0,0,0,12.7932621,12.7932621,13.1650685,13.4839896,-0.318921085,R002,P00002,S000,S000,66,R010,P03778,S000,S000,560
-0.05,-2.3,0,0,0,12.7932621,12.7932621,13.1650685,13.4839896,-0.318921085,R002,P00002,S000,S000,66,R010,P03778,S000,S000,700
0,-2.3,0,0,0,12.7932621,12.7932621,13.1650685,13.4839896,-0.318921085,R002,P00002,S000,S000,66,R010,P03778,S000,S000,700
-4,-2.25,4.16146319,8.87142866,4.70996547,-57.5500262,-137.164922,-57.1782197,-136.474195,79.2959749,R012,P00055,S001,S212,1,R022,P08462,S001,S000,16
-3.95,-2.25,4.06146319,8.57142866,4.50996547,-55.8596763,-132.093872,-55.4878698,-131.403145,75.9152751,R012,P00055,S001,S212,1,R022,P08462,S001,S000,16
-3.9,-2.25,3.96146319,8.27142866,4.30996547,-54.1693264,-127.022823,-53.7975199,-126.332095,72.5345753,R012,P00055,S001,S212,1,R022,P08462,S001,S000,16
-3.85,-2.25,3.86146319,7.97142866,4.10996547,-52.4789765,-121.951773,-52.1071701,-121.261046,69.1538755,R012,P00055,S001,S212,1,R022,P08462,S001,S000,16
-3.8,-2.25,3.76146319,7.67142866,3.90996547,-50.7886266,-116.880723,-50.4168202,-116.189996,65.7731758,R012,P00055,S001,S212,1,R022,P08462,S001,S000,16
-3.75,-2.25,3.66146319,7.37142866,3.70996547,-49.0982767,-111.809674,-48.7264703,-111.118946,62.392476,R006,P00012,S001,S212,2,R022,P08462,S001,S000,16
-3.7,-2.25,3.56146319,7.07142866,3.50996547,-47.4079269,-106.738624,-47.0361204,-106.047897,59.0117762,R006,P00012,S001,S212,2,R024,P08505,S001,S000,10
-3.65,-2.25,3.45660022,6.77142866,3.31482844,-45.6353758,-101.667575,-45.2635693,-100.976847,55.7132776,R025,P00220,S111,S110,1,R024,P08505,S001,S000,10
-3.6,-2.25,3.30660022,6.47142866,3.16482844,-43.099851,-96.5965248,-42.7280445,-95.9057973,53.1777528,R025,P00220,S111,S110,1,R024,P08505,S001,S000,10
-3.55,-2.25,3.15660022,6.17142866,3.01482844,-40.5643261,-91.5254752,-40.1925197,-90.8347476,50.642228,R025,P00220,S111,S110,1,R029,P24279,S001,S000,2
-3.5,-2.25,3.04039694,5.87142866,2.83103172,-38.6000841,-86.4544255,-38.2282777,-85.763698,47.5354203,R025,P00220,S000,S222,1,R029,P24279,S001,S000,2
-3.45,-2.25,2.94039694,5.57142866,2.63103172,-36.9097342,-81.3833759,-36.5379278,-80.6926483,44.1547206,R025,P00220,S000,S222,1,R029,P24279,S001,S000,2
-3.4,-2.25,2.84039694,5.27142866,2.43103172,-35.2193843,-76.3123262,-34.8475779,-75.6215987,40.7740208,R025,P00220,S000,S222,1,R029,P24279,S001,S000,2
-3.35,-2.25,2.74039694,4.97142866,2.23103172,-33.5290345,-71.2412766,-33.157228,-70.550549,37.393321,R025,P00220,S000,S222,1,R029,P24279,S001,S000,2
-3.3,-2.25,2.64039694,4.67142866,2.03103172,-31.8386846,-66.1702269,-31.4668781,-65.4794994,34.0126212,R025,P00220,S000,S222,1,R029,P24279,S001,S000,2
-3.25,-2.25,2.534292,4.37142866,1.83713666,-30.0451399,-61.0991772,-29.6733334,-60.4084497,30.7351163,R021,P00210,S112,S110,1,R029,P24279,S001,S000,2
-3.2,-2.25,2.384292,4.07142866,1.68713666,-27.509615,-56.0281276,-27.1378086,-55.3374,28.1995915,R021,P00210,S112,S110,1,R029,P24279,S001,S000,2
-3.15,-2.25,2.234292,3.78240866,1.54811666,-24.9740902,-51.1426783,-24.6022838,-50.4519508,25.849667,R021,P00210,S112,S110,1,R061,P68636,S212,S211,1
-3.1,-2.25,2.084292,3.48240866,1.39811666,-22.4385654,-46.0716287,-22.0667589,-45.3809011,23.3141422,R021,P00210,S112,S110,1,R061,P68636,S212,S211,1
-3.05,-2.25,2.0216215,3.18240866,1.16078716,-21.3792146,-41.000579,-21.0074082,-40.3098515,19.3024433,R021,P00210,S112,S212,1,R061,P68636,S212,S211,1
-3,-2.25,1.9716215,2.88240866,0.910787157,-20.5340397,-35.9295294,-20.1622332,-35.2388018,15.0765686,R021,P00210,S112,S212,1,R061,P68636,S212,S211,1
-2.95,-2.25,1.9216215,2.58240866,0.660787157,-19.6888648,-30.8584797,-19.3170583,-30.1677522,10.8506939,R021,P00210,S112,S212,1,R061,P68636,S212,S211,1
-2.9,-2.25,1.84039694,2.31286994,0.472472999,-18.3158855,-26.3023323,-17.944079,-25.6116047,7.66752571,R025,P00220,S000,S222,1,R061,P68636,S111,S533,1
-2.85,-2.25,1.81039822,2.15067022,0.340271999,-17.8088022,-23.5605895,-17.4369957,-22.869862,5.43286626,R025,P00220,S221,S222,1,R061,P68636,S212,S533,1
-2.8,-2.25,1.7716215,2.00067022,0.229048719,-17.1533399,-21.0250647,-16.7815335,-20.3343371,3.55280368,R012,P00055,S112,S212,2,R061,P68636,S212,S533,1
-2.75,-2.25,1.7216215,1.85067022,0.129048719,-16.308165,-18.4895399,-15.9363585,-17.7988123,1.86245379,R012,P00055,S112,S212,2,R061,P68636,S212,S533,1
-2.7,-2.25,1.6716215,1.7360715,0.064450001,-15.46299,-16.5524206,-15.0911836,-15.861693,0.770509433,R012,P00055,S112,S212,2,R061,P68636,S433,S533,1
-2.65,-2.25,1.6216215,1.6860715,0.064450001,-14.6178151,-15.7072456,-14.2460086,-15.0165181,0.770509433,R012,P00055,S112,S212,2,R061,P68636,S433,S533,1
-2.6,-2.25,1.5716215,1.6360715,0.064450001,-13.7726402,-14.8620707,-13.4008337,-14.1713431,0.770509433,R012,P00055,S112,S212,2,R061,P68636,S433,S533,1
-2.55,-2.25,1.5216215,1.55142675,0.029805251,-12.9274652,-13.4312782,-12.5556587,-12.7405507,0.184891941,R012,P00055,S112,S212,2,R062,P68642,S544,S110,2
-2.5,-2.25,1.4716215,1.4656115,-0.006009999,-12.0822903,-11.9807003,-11.7104838,-11.2899727,-0.420511097,R012,P00055,S112,S212,2,R062,P68642,S111,S211,2
-2.45,-2.25,1.4216215,1.4156115,-0.006009999,-11.2371153,-11.1355253,-10.8653089,-10.4447978,-0.420511097,R012,P00055,S112,S212,2,R062,P68642,S111,S211,2
-2.4,-2.25,1.3716215,1.3656115,-0.006009999,-10.3919404,-10.2903504,-10.0201339,-9.59962282,-0.420511097,R012,P00055,S112,S212,2,R057,P68487,S111,S211,3
-2.35,-2.25,1.3216215,1.3156115,-0.006009999,-9.54676544,-9.44517542,-9.17495898,-8.75444788,-0.420511097,R012,P00055,S112,S212,2,R056,P68478,S111,S211,5
-2.3,-2.25,1.2716215,1.2656115,-0.006009999,-8.70159049,-8.60000048,-8.32978403,-7.90927294,-0.420511097,R012,P00055,S112,S212,2,R056,P68478,S111,S211,5
-2.25,-2.25,1.2216215,1.2156115,-0.006009999,-7.85641555,-7.75482554,-7.48460909,-7.06409799,-0.420511097,R012,P00055,S112,S212,2,R056,P68478,S111,S211,5
-2.2,-2.25,1.1716215,1.1656115,-0.006009999,-7.01124061,-6.9096506,-6.63943415,-6.21892305,-0.420511097,R012,P00055,S112,S212,2,R056,P68478,S111,S211,5
-2.15,-2.25,1.1216215,1.1156115,-0.006009999,-6.16606566,-6.06447565,-5.79425921,-5.37374811,-0.420511097,R012,P00055,S112,S212,2,R056,P68478,S111,S211,5
-2.1,-2.25,1.0716215,1.0656115,-0.006009999,-5.32089072,-5.21930071,-4.94908426,-4.52857317,-0.420511097,R012,P00055,S112,S212,2,R056,P68478,S111,S211,5
-2.05,-2.25,1.0216215,1.0156115,-0.006009999,-4.47571578,-4.37412577,-4.10390932,-3.68339822,-0.420511097,R012,P00055,S112,S212,2,R056,P68478,S111,S211,5
-2,-2.25,0.971621499,0.9656115,-0.006009999,-3.63054083,-3.52895082,-3.25873438,-2.83822328,-0.420511097,R012,P00055,S112,S212,2,R054,P68422,S111,S211,12
-1.95,-2.25,0.921621499,0.9156115,-0.006009999,-2.78536589,-2.68377588,-2.41355943,-1.99304834,-0.420511097,R012,P00055,S112,S212,2,R054,P68422,S111,S211,12
-1.9,-2.25,0.871621499,0.8656115,-0.006009999,-1.94019095,-1.83860094,-1.56838449,-1.14787339,-0.420511097,R011,P00054,S112,S212,4,R054,P68422,S111,S211,12
-1.85,-2.25,0.821621499,0.8156115,-0.006009999,-1.09501601,-0.993425994,-0.723209547,-0.30269845,-0.420511097,R011,P00054,S112,S212,4,R054,P68422,S111,S211,12
-1.8,-2.25,0.771621499,0.7656115,-0.006009999,-0.249841062,-0.148251051,0.121965396,0.542476493,-0.420511097,R011,P00054,S112,S212,4,R054,P68422,S111,S211,12
-1.75,-2.25,0.721621499,0.7156115,-0.006009999,0.595333881,0.696923892,0.967140339,1.38765144,-0.420511097,R011,P00054,S112,S212,4,R054,P68422,S111,S211,12
-1.7,-2.25,0.671621499,0.6656115,-0.006009999,1.44050882,1.54209883,1.81231528,2.23282638,-0.420511097,R011,P00054,S112,S212,4,R054,P68422,S111,S211,12
-1.65,-2.25,0.621621499,0.6156115,-0.006009999,2.28568377,2.38727378,2.65749023,3.07800132,-0.420511097,R011,P00054,S112,S212,4,R054,P68422,S111,S211,12
-1.6,-2.25,0.571621499,0.5656115,-0.006009999,3.13085871,3.23244872,3.50266517,3.92317626,-0.420511097,R011,P00054,S112,S212,4,R054,P68422,S111,S211,12
-1.55,-2.25,0.521621499,0.5156115,-0.006009999,3.97603365,4.07762366,4.34784011,4.76835121,-0.420511097,R011,P00054,S112,S212,4,R054,P68422,S111,S211,12
-1.5,-2.25,0.471621499,0.4656115,-0.006009999,4.8212086,4.92279861,5.19301505,5.61352615,-0.420511097,R011,P00054,S112,S212,4,R054,P68422,S111,S211,12
-1.45,-2.25,0.421621499,0.4156115,-0.006009999,5.66638354,5.76797355,6.03819,6.45870109,-0.420511097,R011,P00054,S112,S212,4,R054,P68422,S111,S211,12
-1.4,-2.25,0.371621499,0.3656115,-0.006009999,6.51155848,6.61314849,6.88336494,7.30387604,-0.420511097,R011,P00054,S112,S212,4,R054,P68422,S111,S211,12
-1.35,-2.25,0.321621499,0.3156115,-0.006009999,7.35673342,7.45832344,7.72853988,8.14905098,-0.420511097,R011,P00054,S112,S212,4,R054,P68422,S111,S211,12
-1.3,-2.25,0.271621499,0.2656115,-0.006009999,8.20190837,8.30349838,8.57371483,8.99422592,-0.420511097,R011,P00054,S112,S212,4,R054,P68422,S111,S211,12
-1.25,-2.25,0.221621499,0.2156115,-0.006009999,9.04708331,9.14867332,9.41888977,9.83940087,-0.420511097,R011,P00054,S112,S212,4,R054,P68422,S111,S211,12
-1.2,-2.25,0.171621499,0.1656115,-0.006009999,9.89225825,9.99384827,10.2640647,10.6845758,-0.420511097,R011,P00054,S112,S212,4,R028,P22552,S111,S211,24
-1.15,-2.25,0.121621499,0.1156115,-0.006009999,10.7374332,10.8390232,11.1092397,11.5297508,-0.420511097,R011,P00054,S112,S212,4,R028,P22552,S111,S211,24
-1.1,-2.25,0.071621499,0.0656115,-0.006009999,11.5826081,11.6841982,11.9544146,12.3749257,-0.420511097,R011,P00054,S112,S212,4,R028,P22552,S111,S211,24
-1.05,-2.25,0.021621499,0.0156115,-0.006009999,12.4277831,12.5293731,12.7995895,13.2201006,-0.420511097,R011,P00054,S112,S212,4,R028,P22552,S111,S211,24
-1,-2.25,0,0,0,12.7932621,12.7932621,13.1650685,13.4839896,-0.318921085,R011,P00054,S000,S000,4,R028,P22552,S000,S000,24
-0.95,-2.25,0,0,0,12.7932621,12.7932621,13.1650685,13.4839896,-0.318921085,R002,P00002,S000,S000,16,R028,P22552,S000,S000,56
-0.9,-2.25,0,0,0,12.7932621,12.7932621,13.1650685,13.4839896,-0.318921085,R002,P00002,S000,S000,25,R028,P22552,S000,S000,56
-0.85,-2.25,0,0,0,12.7932621,12.7932621,13.1650685,13.4839896,-0.318921085,R002,P00002,S000,S000,29,R028,P22552,S000,S000,56
-0.8,-2.25,0,0,0,12.7932621,12.7932621,13.1650685,13.4839896,-0.318921085,R002,P00002,S000,S000,29,R027,P22549,S000,S000,80
-0.75,-2.25,0,0,0,12.7932621,12.7932621,13.1650685,13.4839896,-0.318921085,R002,P00002,S000,S000,29,R027,P22549,S000,S000,80
-0.7,-2.25,0,0,0,12.7932621,12.7932621,13.1650685,13.4839896,-0.318921085,R002,P00002,S000,S000,37,R027,P22549,S000,S000,80
-0.65,-2.25,0,0,0,12.7932621,12.7932621,13.1650685,13.4839896,-0.318921085,R002,P00002,S000,S000,37,R012,P04429,S000,S000,140
-0.6,-2.25,0,0,0,12.7932621,12.7932621,13.1650685,13.4839896,-0.318921085,R002,P00002,S000,S000,56,R012,P04429,S000,S000,140
-0.55,-2.25,0,0,0,12.7932621,12.7932621,13.1650685,13.4839896,-0.318921085,R002,P00002,S000,S000,56,R012,P04429,S000,S000,140
-0.5,-2.25,0,0,0,12.7932621,12.7932621,13.1650685,13.4839896,-0.318921085,R002,P00002,S000,S000,56,R012,P04429,S000,S000,140
-0.45,-2.25,0,0,0,12.7932621,12.7932621,13.1650685,13.4839896,-0.318921085,R002,P00002,S000,S000,56,R012,P04429,S000,S000,182
-0.4,-2.25,0,0,0,12.7932621,12.7932621,13.1650685,13.4839896,-0.318921085,R002,P00002,S000,S000,56,R012,P04429,S000,S000,182
-0.35,-2.25,0,0,0,12.7932621,12.7932621,13.1650685,13.4839896,-0.318921085,R002,P00002,S000,S000,56,R012,P04429,S000,S000,182
-0.3,-2.25,0,0,0,12.7932621,12.7932621,13.1650685,13.4839896,-0.318921085,R002,P00002,S000,S000,56,R010,P03778,S000,S000,520
-0.25,-2.25,0,0,0,12.7932621,12.7932621,13.1650685,13.4839896,-0.318921085,R002,P00002,S000,S000,56,R010,P03778,S000,S000,520
-0.2,-2.25,0,0,0,12.7932621,12.7932621,13.1650685,13.4839896,-0.318921085,R002,P00002,S000,S000,57,R010,P03778,S000,S000,520
-0.15,-2.25,0,0,0,12.7932621,12.7932621,13.1650685,13.4839896,-0.318921085,R002,P00002,S000,S000,66,R010,P03778,S000,S000,520
-0.1,-2.25,0,0,0,12.7932621,12.7932621,13.1650685,13.4839896,-0.318921085,R002,P00002,S000,S000,66,R010,P03778,S000,S000,560
-0.05,-2.25,0,0,0,12.7932621,12.7932621,13.1650685,13.4839896,-0.318921085,R002,P00002,S000,S000,66,R010,P03778,S000,S000,700
0,-2.25,0,0,0,12.7932621,12.7932621,13.1650685,13.4839896,-0.318921085,R002,P00002,S000,S000,66,R010,P03778,S000,S000,700
-4,-2.2,4.23646319,9.14642866,4.90996547,-58.8177886,-141.813384,-58.4459821,-141.122657,82.6766746,R012,P00055,S001,S212,1,R022,P08462,S001,S000,16
-3.95,-2.2,4.13646319,8.84642866,4.70996547,-57.1274387,-136.742335,-56.7556322,-136.051607,79.2959749,R012,P00055,S001,S212,1,R022,P08462,S001,S000,16
-3.9,-2.2,4.03646319,8.54642866,4.50996547,-55.4370888,-131.671285,-55.0652824,-130.980557,75.9152751,R012,P00055,S001,S212,1,R022,P08462,S001,S000,16
-3.85,-2.2,3.93646319,8.24642866,4.30996547,-53.7467389,-126.600235,-53.3749325,-125.909508,72.5345753,R012,P00055,S001,S212,1,R022,P08462,S001,S000,16
-3.8,-2.2,3.83646319,7.94642866,4.10996547,-52.056389,-121.529186,-51.6845826,-120.838458,69.1538755,R012,P00055,S001,S212,1,R022,P08462,S001,S000,16
-3.75,-2.2,3.73646319,7.64642866,3.90996547,-50.3660392,-116.458136,-49.9942327,-115.767408,65.7731758,R012,P00055,S001,S212,1,R022,P08462,S001,S000,16
-3.7,-2.2,3.63646319,7.34642866,3.70996547,-48.6756893,-111.387086,-48.3038828,-110.696359,62.392476,R006,P00012,S001,S212,2,R022,P08462,S001,S000,16
-3.65,-2.2,3.53646319,7.04642866,3.50996547,-46.9853394,-106.316037,-46.6135329,-105.625309,59.0117762,R006,P00012,S001,S212,2,R022,P08462,S001,S000,16
-3.6,-2.2,3.43160022,6.74642866,3.31482844,-45.2127883,-101.244987,-44.8409819,-100.554259,55.7132776,R025,P00220,S111,S110,1,R024,P08505,S001,S000,10
-3.55,-2.2,3.29039694,6.44642866,3.15603172,-42.8259588,-96.1739374,-42.4541524,-95.4832098,53.0290575,R025,P00220,S000,S222,1,R024,P08505,S001,S000,10
-3.5,-2.2,3.19039694,6.14642866,2.95603172,-41.1356089,-91.1028877,-40.7638025,-90.4121602,49.6483577,R025,P00220,S000,S222,1,R029,P24279,S001,S000,2
-3.45,-2.2,3.09039694,5.84642866,2.75603172,-39.4452591,-86.0318381,-39.0734526,-85.3411105,46.2676579,R025,P00220,S000,S222,1,R029,P24279,S001,S000,2
-3.4,-2.2,2.99039694,5.54642866,2.55603172,-37.7549092,-80.9607884,-37.3831027,-80.2700609,42.8869581,R025,P00220,S000,S222,1,R029,P24279,S001,S000,2
-3.35,-2.2,2.89039694,5.24642866,2.35603172,-36.0645593,-75.8897387,-35.6927528,-75.1990112,39.5062584,R025,P00220,S000,S222,1,R029,P24279,S001,S000,2
-3.3,-2.2,2.784292,4.94642866,2.16213666,-34.2710146,-70.8186891,-33.8992081,-70.1279615,36.2287534,R021,P00210,S112,S110,1,R029,P24279,S001,S000,2
-3.25,-2.2,2.634292,4.64642866,2.01213666,-31.7354898,-65.7476394,-31.3636833,-65.0569119,33.6932286,R021,P00210,S112,S110,1,R029,P24279,S001,S000,2
-3.2,-2.2,2.484292,4.34642866,1.86213666,-29.1999649,-60.6765898,-28.8281585,-59.9858622,31.1577038,R021,P00210,S112,S110,1,R029,P24279,S001,S000,2
-3.15,-2.2,2.334292,4.04642866,1.71213666,-26.6644401,-55.6055401,-26.2926336,-54.9148126,28.6221789,R021,P00210,S112,S110,1,R029,P24279,S001,S000,2
-3.1,-2.2,2.184292,3.75740866,1.57311666,-24.1289153,-50.7200909,-23.7571088,-50.0293633,26.2722545,R021,P00210,S112,S110,1,R061,P68636,S212,S211,1
-3.05,-2.2,2.06924319,3.45740866,1.38816547,-22.1841878,-45.6490412,-21.8123813,-44.9583137,23.1459323,R021,P00210,S000,S212,1,R061,P68636,S212,S211,1
-3,-2.2,1.9716215,3.15740866,1.18578716,-20.5340397,-40.5779916,-20.1622332,-39.887264,19.7250308,R021,P00210,S112,S212,1,R061,P68636,S212,S211,1
-2.95,-2.2,1.9216215,2.85740866,0.935787157,-19.6888648,-35.5069419,-19.3170583,-34.8162144,15.4991561,R021,P00210,S112,S212,1,R061,P68636,S212,S211,1
-2.9,-2.2,1.8716215,2.55740866,0.685787157,-18.8436898,-30.4358922,-18.4718834,-29.7451647,11.2732813,R021,P00210,S112,S212,1,R061,P68636,S212,S211,1
-2.85,-2.2,1.8216215,2.27567022,0.454048719,-17.9985149,-25.6735269,-17.6267084,-24.9827993,7.35609092,R021,P00210,S112,S212,1,R061,P68636,S212,S533,1
-2.8,-2.2,1.7716215,2.12567022,0.354048719,-17.1533399,-23.138002,-16.7815335,-22.4472745,5.66574103,R021,P00210,S112,S212,1,R061,P68636,S212,S533,1
-2.75,-2.2,1.7216215,1.97567022,0.254048719,-16.308165,-20.6024772,-15.9363585,-19.9117497,3.97539115,R021,P00210,S112,S212,1,R061,P68636,S212,S533,1
-2.7,-2.2,1.6716215,1.82567022,0.154048719,-15.46299,-18.0669524,-15.0911836,-17.3762248,2.28504126,R012,P00055,S112,S212,2,R061,P68636,S212,S533,1
-2.65,-2.2,1.6216215,1.6860715,0.064450001,-14.6178151,-15.7072456,-14.2460086,-15.0165181,0.770509433,R012,P00055,S112,S212,2,R061,P68636,S433,S533,1
-2.6,-2.2,1.5716215,1.6360715,0.064450001,-13.7726402,-14.8620707,-13.4008337,-14.1713431,0.770509433,R012,P00055,S112,S212,2,R061,P68636,S433,S533,1
-2.55,-2.2,1.5216215,1.5860715,0.064450001,-12.9274652,-14.0168957,-12.5556587,-13.3261682,0.770509433,R012,P00055,S112,S212,2,R061,P68636,S433,S533,1
-2.5,-2.2,1.4716215,1.50142675,0.029805251,-12.0822903,-12.5861033,-11.7104838,-11.8953757,0.184891941,R012,P00055,S112,S212,2,R062,P68642,S544,S110,2
-2.45,-2.2,1.4216215,1.4156115,-0.006009999,-11.2371153,-11.1355253,-10.8653089,-10.4447978,-0.420511097,R012,P00055,S112,S212,2,R062,P68642,S111,S211,2
-2.4,-2.2,1.3716215,1.3656115,-0.006009999,-10.3919404,-10.2903504,-10.0201339,-9.59962282,-0.420511097,R012,P00055,S112,S212,2,R062,P68642,S111,S211,2
-2.35,-2.2,1.3216215,1.3156115,-0.006009999,-9.54676544,-9.44517542,-9.17495898,-8.75444788,-0.420511097,R012,P00055,S112,S212,2,R057,P68487,S111,S211,3
-2.3,-2.2,1.2716215,1.2656115,-0.006009999,-8.70159049,-8.60000048,-8.32978403,-7.90927294,-0.420511097,R012,P00055,S112,S212,2,R056,P68478,S111,S211,5
-2.25,-2.2,1.2216215,1.2156115,-0.006009999,-7.85641555,-7.75482554,-7.48460909,-7.06409799,-0.420511097,R012,P00055,S112,S212,2,R056,P68478,S111,S211,5
-2.2,-2.2,1.1716215,1.1656115,-0.006009999,-7.01124061,-6.9096506,-6.63943415,-6.21892305,-0.420511097,R012,P00055,S112,S212,2,R056,P68478,S111,S211,5
-2.15,-2.2,1.1216215,1.1156115,-0.006009999,-6.16606566,-6.06447565,-5.79425921,-5.37374811,-0.420511097,R012,P00055,S112,S212,2,R056,P68478,S111,S211,5
-2.1,-2.2,1.0716215,1.0656115,-0.006009999,-5.32089072,-5.21930071,-4.94908426,-4.52857317,-0.420511097,R012,P00055,S112,S212,2,R056,P68478,S111,S211,5
-2.05,-2.2,1.0216215,1.0156115,-0.006009999,-4.47571578,-4.37412577,-4.10390932,-3.68339822,-0.420511097,R012,P00055,S112,S212,2,R056,P68478,S111,S211,5
-2,-2.2,0.971621499,0.9656115,-0.006009999,-3.63054083,-3.52895082,-3.25873438,-2.83822328,-0.420511097,R012,P00055,S112,S212,2,R056,P68478,S111,S211,5
-1.95,-2.2,0.921621499,0.9156115,-0.006009999,-2.78536589,-2.68377588,-2.41355943,-1.99304834,-0.420511097,R012,P00055,S112,S212,2,R054,P68422,S111,S211,12
-1.9,-2.2,0.871621499,0.8656115,-0.006009999,-1.94019095,-1.83860094,-1.56838449,-1.14787339,-0.420511097,R011,P00054,S112,S212,4,R054,P68422,S111,S211,12
-1.85,-2.2,0.821621499,0.8156115,-0.006009999,-1.09501601,-0.993425994,-0.723209547,-0.30269845,-0.420511097,R011,P00054,S112,S212,4,R054,P68422,S111,S211,12
-1.8,-2.2,0.771621499,0.7656115,-0.006009999,-0.249841062,-0.148251051,0.121965396,0.542476493,-0.420511097,R011,P00054,S112,S212,4,R054,P68422,S111,S211,12
-1.75,-2.2,0.721621499,0.7156115,-0.006009999,0.595333881,0.696923892,0.967140339,1.38765144,-0.420511097,R011,P00054,S112,S212,4,R054,P68422,S111,S211,12
-1.7,-2.2,0.671621499,0.6656115,-0.006009999,1.44050882,1.54209883,1.81231528,2.23282638,-0.420511097,R011,P00054,S112,S212,4,R054,P68422,S111,S211,12
-1.65,-2.2,0.621621499,0.6156115,-0.006009999,2.28568377,2.38727378,2.65749023,3.07800132,-0.420511097,R011,P00054,S112,S212,4,R054,P68422,S111,S211,12
-1.6,-2.2,0.571621499,0.5656115,-0.006009999,3.13085871,3.23244872,3.50266517,3.92317626,-0.420511097,R011,P00054,S112,S212,4,R054,P68422,S111,S211,12
-1.55,-2.2,0.521621499,0.5156115,-0.006009999,3.97603365,4.07762366,4.34784011,4.76835121,-0.420511097,R011,P00054,S112,S212,4,R054,P68422,S111,S211,12
-1.5,-2.2,0.471621499,0.4656115,-0.006009999,4.8212086,4.92279861,5.19301505,5.61352615,-0.420511097,R011,P00054,S112,S212,4,R054,P68422,S111,S211,12
-1.45,-2.2,0.421621499,0.4156115,-0.006009999,5.66638354,5.76797355,6.03819,6.45870109,-0.420511097,R011,P00054,S112,S212,4,R054,P68422,S111,S211,12
-1.4,-2.2,0.371621499,0.3656115,-0.006009999,6.51155848,6.61314849,6.88336494,7.30387604,-0.420511097,R011,P00054,S112,S212,4,R054,P68422,S111,S211,12
-1.35,-2.2,0.321621499,0.3156115,-0.006009999,7.35673342,7.45832344,7.72853988,8.14905098,-0.420511097,R011,P00054,S112,S212,4,R054,P68422,S111,S211,12
-1.3,-2.2,0.271621499,0.2656115,-0.006009999,8.20190837,8.30349838,8.57371483,8.99422592,-0.420511097,R011,P00054,S112,S212,4,R054,P68422,S111,S211,12
-1.25,-2.2,0.221621499,0.2156115,-0.006009999,9.04708331,9.14867332,9.41888977,9.83940087,-0.420511097,R011,P00054,S112,S212,4,R054,P68422,S111,S211,12
-1.2,-2.2,0.171621499,0.1656115,-0.006009999,9.89225825,9.99384827,10.2640647,10.6845758,-0.420511097,R011,P00054,S112,S212,4,R054,P68422,S111,S211,12
-1.15,-2.2,0.121621499,0.1156115,-0.006009999,10.7374332,10.8390232,11.1092397,11.5297508,-0.420511097,R011,P00054,S112,S212,4,R028,P22552,S111,S211,24
-1.1,-2.2,0.071621499,0.0656115,-0.006009999,11.5826081,11.6841982,11.9544146,12.3749257,-0.420511097,R011,P00054,S112,S212,4,R028,P22552,S111,S211,24
-1.05,-2.2,0.021621499,0.0156115,-0.006009999,12.4277831,12.5293731,12.7995895,13.2201006,-0.420511097,R011,P00054,S112,S212,4,R028,P22552,S111,S211,24
-1,-2.2,0,0,0,12.7932621,12.7932621,13.1650685,13.4839896,-0.318921085,R011,P00054,S000,S000,4,R028,P22552,S000,S000,24
-0.95,-2.2,0,0,0,12.7932621,12.7932621,13.1650685,13.4839896,-0.318921085,R002,P00002,S000,S000,16,R028,P22552,S000,S000,56
-0.9,-2.2,0,0,0,12.7932621,12.7932621,13.1650685,13.4839896,-0.318921085,R002,P00002,S000,S000,25,R028,P22552,S000,S000,56
-0.85,-2.2,0,0,0,12.7932621,12.7932621,13.1650685,13.4839896,-0.318921085,R002,P00002,S000,S000,25,R028,P22552,S000,S000,56
-0.8,-2.2,0,0,0,12.7932621,12.7932621,13.1650685,13.4839896,-0.318921085,R002,P00002,S000,S000,29,R027,P22549,S000,S000,80
-0.75,-2.2,0,0,0,12.7932621,12.7932621,13.1650685,13.4839896,-0.318921085,R002,P00002,S000,S000,29,R027,P22549,S000,S000,80
-0.7,-2.2,0,0,0,12.7932621,12.7932621,13.1650685,13.4839896,-0.318921085,R002,P00002,S000,S000,37,R027,P22549,S000,S000,80
-0.65,-2.2,0,0,0,12.7932621,12.7932621,13.1650685,13.4839896,-0.318921085,R002,P00002,S000,S000,37,R012,P04429,S000,S000,140
-0.6,-2.2,0,0,0,12.7932621,12.7932621,13.1650685,13.4839896,-0.318921085,R002,P00002,S000,S000,56,R012,P04429,S000,S000,140
-0.55,-2.2,0,0,0,12.7932621,12.7932621,13.1650685,13.4839896,-0.318921085,R002,P00002,S000,S000,56,R012,P04429,S000,S000,140
-0.5,-2.2,0,0,0,12.7932621,12.7932621,13.1650685,13.4839896,-0.318921085,R002,P00002,S000,S000,56,R012,P04429,S000,S000,140
-0.45,-2.2,0,0,0,12.7932621,12.7932621,13.1650685,13.4839896,-0.318921085,R002,P00002,S000,S000,56,R012,P04429,S000,S000,182
-0.4,-2.2,0,0,0,12.7932621,12.7932621,13.1650685,13.4839896,-0.318921085,R002,P00002,S000,S000,56,R012,P04429,S000,S000,182
-0.35,-2.2,0,0,0,12.7932621,12.7932621,13.1650685,13.4839896,-0.318921085,R002,P00002,S000,S000,56,R012,P04429,S000,S000,182
-0.3,-2.2,0,0,0,12.7932621,12.7932621,13.1650685,13.4839896,-0.318921085,R002,P00002,S000,S000,56,R010,P03778,S000,S000,520
-0.25,-2.2,0,0,0,12.7932621,12.7932621,13.1650685,13.4839896,-0.318921085,R002,P00002,S000,S000,56,R010,P03778,S000,S000,520
-0.2,-2.2,0,0,0,12.7932621,12.7932621,13.1650685,13.4839896,-0.318921085,R002,P00002,S000,S000,57,R010,P03778,S000,S000,520
-0.15,-2.2,0,0,0,12.7932621,12.7932621,13.1650685,13.4839896,-0.318921085,R002,P00002,S000,S000,66,R010,P03778,S000,S000,520
-0.1,-2.2,0,0,0,12.7932621,12.7932621,13.1650685,13.4839896,-0.318921085,R002,P00002,S000,S000,66,R010,P03778,S000,S000,560
-0.05,-2.2,0,0,0,12.7932621,12.7932621,13.1650685,13.4839896,-0.318921085,R002,P00002,S000,S000,66,R010,P03778,S000,S000,700
0,-2.2,0,0,0,12.7932621,12.7932621,13.1650685,13.4839896,-0.318921085,R002,P00002,S000,S000,66,R010,P03778,S000,S000,700
-4,-2.15,4.31146319,9.42142866,5.10996547,-60.085551,-146.461846,-59.7137445,-145.771119,86.0573744,R012,P00055,S001,S212,1,R022,P08462,S001,S000,16
-3.95,-2.15,4.21146319,9.12142866,4.90996547,-58.3952011,-141.390797,-58.0233947,-140.700069,82.6766746,R012,P00055,S001,S212,1,R022,P08462,S001,S000,16
-3.9,-2.15,4.11146319,8.82142866,4.70996547,-56.7048512,-136.319747,-56.3330448,-135.62902,79.2959749,R012,P00055,S001,S212,1,R022,P08462,S001,S000,16
-3.85,-2.15,4.01146319,8.52142866,4.50996547,-55.0145013,-131.248698,-54.6426949,-130.55797,75.9152751,R012,P00055,S001,S212,1,R022,P08462,S001,S000,16
-3.8,-2.15,3.91146319,8.22142866,4.30996547,-53.3241515,-126.177648,-52.952345,-125.48692,72.5345753,R012,P00055,S001,S212,1,R022,P08462,S001,S000,16
-3.75,-2.15,3.81146319,7.92142866,4.10996547,-51.6338016,-121.106598,-51.2619951,-120.415871,69.1538755,R012,P00055,S001,S212,1,R022,P08462,S001,S000,16
-3.7,-2.15,3.71146319,7.62142866,3.90996547,-49.9434517,-116.035549,-49.5716452,-115.344821,65.7731758,R012,P00055,S001,S212,1,R022,P08462,S001,S000,16
-3.65,-2.15,3.61146319,7.32142866,3.70996547,-48.2531018,-110.964499,-47.8812953,-110.273771,62.392476,R006,P00012,S001,S212,2,R022,P08462,S001,S000,16
-3.6,-2.15,3.51146319,7.02142866,3.50996547,-46.5627519,-105.893449,-46.1909455,-105.202722,59.0117762,R006,P00012,S001,S212,2,R022,P08462,S001,S000,16
-3.55,-2.15,3.41146319,6.72142866,3.30996547,-44.872402,-100.8224,-44.5005956,-100.131672,55.6310764,R006,P00012,S001,S212,2,R024,P08505,S001,S000,10
-3.5,-2.15,3.31146319,6.42142866,3.10996547,-43.1820521,-95.7513499,-42.8102457,-95.0606224,52.2503767,R006,P00012,S001,S212,2,R024,P08505,S001,S000,10
-3.45,-2.15,3.21146319,6.12142866,2.90996547,-41.4917023,-90.6803002,-41.1198958,-89.9895727,48.8696769,R006,P00012,S001,S212,2,R029,P24279,S001,S000,2
-3.4,-2.15,3.11146319,5.82142866,2.70996547,-39.8013524,-85.6092506,-39.4295459,-84.918523,45.4889771,R006,P00012,S001,S212,2,R029,P24279,S001,S000,2
-3.35,-2.15,3.01146319,5.52142866,2.50996547,-38.1110025,-80.5382009,-37.739196,-79.8474734,42.1082774,R006,P00012,S001,S212,2,R029,P24279,S001,S000,2
-3.3,-2.15,2.884292,5.22142866,2.33713666,-35.9613645,-75.4671513,-35.589558,-74.7764237,39.1868657,R021,P00210,S112,S110,1,R029,P24279,S001,S000,2
-3.25,-2.15,2.734292,4.92142866,2.18713666,-33.4258396,-70.3961016,-33.0540332,-69.7053741,36.6513409,R021,P00210,S112,S110,1,R029,P24279,S001,S000,2
-3.2,-2.15,2.584292,4.62142866,2.03713666,-30.8903148,-65.325052,-30.5185084,-64.6343244,34.1158161,R021,P00210,S112,S110,1,R029,P24279,S001,S000,2
-3.15,-2.15,2.434292,4.32142866,1.88713666,-28.35479,-60.2540023,-27.9829835,-59.5632748,31.5802912,R021,P00210,S112,S110,1,R029,P24279,S001,S000,2
-3.1,-2.15,2.284292,4.02142866,1.73713666,-25.8192652,-55.1829526,-25.4474587,-54.4922251,29.0447664,R021,P00210,S112,S110,1,R029,P24279,S001,S000,2
-3.05,-2.15,2.16924319,3.73240866,1.56316547,-23.8745377,-50.2975034,-23.5027312,-49.6067759,26.1040446,R021,P00210,S000,S212,1,R061,P68636,S212,S211,1
-3,-2.15,2.06924319,3.43240866,1.36316547,-22.1841878,-45.2264537,-21.8123813,-44.5357262,22.7233449,R021,P00210,S000,S212,1,R061,P68636,S212,S211,1
-2.95,-2.15,1.96924319,3.13240866,1.16316547,-20.4938379,-40.1554041,-20.1220314,-39.4646765,19.3426451,R021,P00210,S000,S212,1,R061,P68636,S212,S211,1
-2.9,-2.15,1.8716215,2.83240866,0.960787157,-18.8436898,-35.0843544,-18.4718834,-34.3936269,15.9217435,R021,P00210,S112,S212,1,R061,P68636,S212,S211,1
-2.85,-2.15,1.8216215,2.53240866,0.710787157,-17.9985149,-30.0133048,-17.6267084,-29.3225772,11.6958688,R021,P00210,S112,S212,1,R061,P68636,S212,S211,1
-2.8,-2.15,1.7716215,2.25067022,0.479048719,-17.1533399,-25.2509394,-16.7815335,-24.5602119,7.77867839,R021,P00210,S112,S212,1,R061,P68636,S212,S533,1
-2.75,-2.15,1.7216215,2.10067022,0.379048719,-16.308165,-22.7154146,-15.9363585,-22.024687,6.0883285,R021,P00210,S112,S212,1,R061,P68636,S212,S533,1
-2.7,-2.15,1.6716215,1.95067022,0.279048719,-15.46299,-20.1798897,-15.0911836,-19.4891622,4.39797862,R021,P00210,S112,S212,1,R061,P68636,S212,S533,1
-2.65,-2.15,1.6216215,1.80067022,0.179048719,-14.6178151,-17.6443649,-14.2460086,-16.9536374,2.70762873,R012,P00055,S112,S212,2,R061,P68636,S212,S533,1
-2.6,-2.15,1.5716215,1.65067022,0.079048719,-13.7726402,-15.1088401,-13.4008337,-14.4181125,1.01727885,R012,P00055,S112,S212,2,R061,P68636,S212,S533,1
-2.55,-2.15,1.5216215,1.5860715,0.064450001,-12.9274652,-14.0168957,-12.5556587,-13.3261682,0.770509433,R012,P00055,S112,S212,2,R061,P68636,S433,S533,1
-2.5,-2.15,1.4716215,1.5360715,0.064450001,-12.0822903,-13.1717208,-11.7104838,-12.4809932,0.770509433,R012,P00055,S112,S212,2,R061,P68636,S433,S533,1
-2.45,-2.15,1.4216215,1.45142675,0.029805251,-11.2371153,-11.7409283,-10.8653089,-11.0502008,0.184891941,R012,P00055,S112,S212,2,R062,P68642,S544,S110,2
-2.4,-2.15,1.3716215,1.3656115,-0.006009999,-10.3919404,-10.2903504,-10.0201339,-9.59962282,-0.420511097,R012,P00055,S112,S212,2,R062,P68642,S111,S211,2
-2.35,-2.15,1.3216215,1.3156115,-0.006009999,-9.54676544,-9.44517542,-9.17495898,-8.75444788,-0.420511097,R012,P00055,S112,S212,2,R062,P68642,S111,S211,2
-2.3,-2.15,1.2716215,1.2656115,-0.006009999,-8.70159049,-8.60000048,-8.32978403,-7.90927294,-0.420511097,R012,P00055,S112,S212,2,R057,P68487,S111,S211,3
-2.25,-2.15,1.2216215,1.2156115,-0.006009999,-7.85641555,-7.75482554,-7.48460909,-7.06409799,-0.420511097,R012,P00055,S112,S212,2,R056,P68478,S111,S211,5
-2.2,-2.15,1.1716215,1.1656115,-0.006009999,-7.01124061,-6.9096506,-6.63943415,-6.21892305,-0.420511097,R012,P00055,S112,S212,2,R056,P68478,S111,S211,5
-2.15,-2.15,1.1216215,1.1156115,-0.006009999,-6.16606566,-6.06447565,-5.79425921,-5.37374811,-0.420511097,R012,P00055,S112,S212,2,R056,P68478,S111,S211,5
-2.1,-2.15,1.0716215,1.0656115,-0.006009999,-5.32089072,-5.21930071,-4.94908426,-4.52857317,-0.420511097,R012,P00055,S112,S212,2,R056,P68478,S111,S211,5
-2.05,-2.15,1.0216215,1.0156115,-0.006009999,-4.47571578,-4.37412577,-4.10390932,-3.68339822,-0.420511097,R012,P00055,S112,S212,2,R056,P68478,S111,S211,5
-2,-2.15,0.971621499,0.9656115,-0.006009999,-3.63054083,-3.52895082,-3.25873438,-2.83822328,-0.420511097,R012,P00055,S112,S212,2,R056,P68478,S111,S211,5
-1.95,-2.15,0.921621499,0.9156115,-0.006009999,-2.78536589,-2.68377588,-2.41355943,-1.99304834,-0.420511097,R012,P00055,S112,S212,2,R056,P68478,S111,S211,5
-1.9,-2.15,0.871621499,0.8656115,-0.006009999,-1.94019095,-1.83860094,-1.56838449,-1.14787339,-0.420511097,R011,P00054,S112,S212,4,R054,P68422,S111,S211,12
-1.85,-2.15,0.821621499,0.8156115,-0.006009999,-1.09501601,-0.993425994,-0.723209547,-0.30269845,-0.420511097,R011,P00054,S112,S212,4,R054,P68422,S111,S211,12
-1.8,-2.15,0.771621499,0.7656115,-0.006009999,-0.249841062,-0.148251051,0.121965396,0.542476493,-0.420511097,R011,P00054,S112,S212,4,R054,P68422,S111,S211,12
-1.75,-2.15,0.721621499,0.7156115,-0.006009999,0.595333881,0.696923892,0.967140339,1.38765144,-0.420511097,R011,P00054,S112,S212,4,R054,P68422,S111,S211,12
-1.7,-2.15,0.671621499,0.6656115,-0.006009999,1.44050882,1.54209883,1.81231528,2.23282638,-0.420511097,R011,P00054,S112,S212,4,R054,P68422,S111,S211,12
-1.65,-2.15,0.621621499,0.6156115,-0.006009999,2.28568377,2.38727378,2.65749023,3.07800132,-0.420511097,R011,P00054,S112,S212,4,R054,P68422,S111,S211,12
-1.6,-2.15,0.571621499,0.5656115,-0.006009999,3.13085871,3.23244872,3.50266517,3.92317626,-0.420511097,R011,P00054,S112,S212,4,R054,P68422,S111,S211,12
-1.55,-2.15,0.521621499,0.5156115,-0.006009999,3.97603365,4.07762366,4.34784011,4.76835121,-0.420511097,R011,P00054,S112,S212,4,R054,P68422,S111,S211,12
-1.5,-2.15,0.471621499,0.4656115,-0.006009999,4.8212086,4.92279861,5.19301505,5.61352615,-0.420511097,R011,P00054,S112,S212,4,R054,P68422,S111,S211,12
-1.45,-2.15,0.421621499,0.4156115,-0.006009999,5.66638354,5.76797355,6.03819,6.45870109,-0.420511097,R011,P00054,S112,S212,4,R054,P68422,S111,S211,12
-1.4,-2.15,0.371621499,0.3656115,-0.006009999,6.51155848,6.61314849,6.88336494,7.30387604,-0.420511097,R011,P00054,S112,S212,4,R054,P68422,S111,S211,12
-1.35,-2.15,0.321621499,0.3156115,-0.006009999,7.35673342,7.45832344,7.72853988,8.14905098,-0.420511097,R011,P00054,S112,S212,4,R054,P68422,S111,S211,12
-1.3,-2.15,0.271621499,0.2656115,-0.006009999,8.20190837,8.30349838,8.57371483,8.99422592,-0.420511097,R011,P00054,S112,S212,4,R054,P68422,S111,S211,12
-1.25,-2.15,0.221621499,0.2156115,-0.006009999,9.04708331,9.14867332,9.41888977,9.83940087,-0.420511097,R011,P00054,S112,S212,4,R054,P68422,S111,S211,12
-1.2,-2.15,0.171621499,0.1656115,-0.006009999,9.89225825,9.99384827,10.2640647,10.6845758,-0.420511097,R011,P00054,S112,S212,4,R054,P68422,S111,S211,12
-1.15,-2.15,0.121621499,0.1156115,-0.006009999,10.7374332,10.8390232,11.1092397,11.5297508,-0.420511097,R011,P00054,S112,S212,4,R054,P68422,S111,S211,12
-1.1,-2.15,0.071621499,0.0656115,-0.006009999,11.5826081,11.6841982,11.9544146,12.3749257,-0.420511097,R011,P00054,S112,S212,4,R028,P22552,S111,S211,24
-1.05,-2.15,0.021621499,0.0156115,-0.006009999,12.4277831,12.5293731,12.7995895,13.2201006,-0.420511097,R011,P00054,S112,S212,4,R028,P22552,S111,S211,24
-1,-2.15,0,0,0,12.7932621,12.7932621,13.1650685,13.4839896,-0.318921085,R011,P00054,S000,S000,4,R028,P22552,S000,S000,24
-0.95,-2.15,0,0,0,12.7932621,12.7932621,13.1650685,13.4839896,-0.318921085,R002,P00002,S000,S000,16,R028,P22552,S000,S000,56
-0.9,-2.15,0,0,0,12.7932621,12.7932621,13.1650685,13.4839896,-0.318921085,R002,P00002,S000,S000,25,R028,P22552,S000,S000,56
-0.85,-2.15,0,0,0,12.7932621,12.7932621,13.1650685,13.4839896,-0.318921085,R002,P00002,S000,S000,25,R028,P22552,S000,S000,56
-0.8,-2.15,0,0,0,12.7932621,12.7932621,13.1650685,13.4839896,-0.318921085,R002,P00002,S000,S000,25,R027,P22549,S000,S000,80
-0.75,-2.15,0,0,0,12.7932621,12.7932621,13.1650685,13.4839896,-0.318921085,R002,P00002,S000,S000,29,R027,P22549,S000,S000,80
-0.7,-2.15,0,0,0,12.7932621,12.7932621,13.1650685,13.4839896,-0.318921085,R002,P00002,S000,S000,37,R027,P22549,S000,S000,80
-0.65,-2.15,0,0,0,12.7932621,12.7932621,13.1650685,13.4839896,-0.318921085,R002,P00002,S000,S000,37,R012,P04429,S000,S000,140
-0.6,-2.15,0,0,0,12.7932621,12.7932621,13.1650685,13.4839896,-0.318921085,R002,P00002,S000,S000,56,R012,P04429,S000,S000,140
-0.55,-2.15,0,0,0,12.7932621,12.7932621,13.1650685,13.4839896,-0.318921085,R002,P00002,S000,S000,56,R012,P04429,S000,S000,140
-0.5,-2.15,0,0,0,12.7932621,12.7932621,13.1650685,13.4839896,-0.318921085,R002,P00002,S000,S000,56,R012,P04429,S000,S000,140
-0.45,-2.15,0,0,0,12.7932621,12.7932621,13.1650685,13.4839896,-0.318921085,R002,P00002,S000,S000,56,R012,P04429,S000,S000,182
-0.4,-2.15,0,0,0,12.7932621,12.7932621,13.1650685,13.4839896,-0.318921085,R002,P00002,S000,S000,56,R012,P04429,S000,S000,182
-0.35,-2.15,0,0,0,12.7932621,12.7932621,13.1650685,13.4839896,-0.318921085,R002,P00002,S000,S000,56,R012,P04429,S000,S000,182
-0.3,-2.15,0,0,0,12.7932621,12.7932621,13.1650685,13.4839896,-0.318921085,R002,P00002,S000,S000,56,R010,P03778,S000,S000,520
-0.25,-2.15,0,0,0,12.7932621,12.7932621,13.1650685,13.4839896,-0.318921085,R002,P00002,S000,S000,56,R010,P03778,S000,S000,520
-0.2,-2.15,0,0,0,12.7932621,12.7932621,13.1650685,13.4839896,-0.318921085,R002,P00002,S000,S000,57,R010,P03778,S000,S000,520
-0.15,-2.15,0,0,0,12.7932621,12.7932621,13.1650685,13.4839896,-0.318921085,R002,P00002,S000,S000,66,R010,P03778,S000,S000,520
-0.1,-2.15,0,0,0,12.7932621,12.7932621,13.1650685,13.4839896,-0.318921085,R002,P00002,S000,S000,66,R010,P03778,S000,S000,560
-0.05,-2.15,0,0,0,12.7932621,12.7932621,13.1650685,13.4839896,-0.318921085,R002,P00002,S000,S000,66,R010,P03778,S000,S000,700
0,-2.15,0,0,0,12.7932621,12.7932621,13.1650685,13.4839896,-0.318921085,R002,P00002,S000,S000,66,R010,P03778,S000,S000,700
-4,-2.1,4.38646319,9.69642866,5.30996547,-61.3533134,-151.110309,-60.981507,-150.419581,89.4380742,R012,P00055,S001,S212,1,R022,P08462,S001,S000,16
-3.95,-2.1,4.28646319,9.39642866,5.10996547,-59.6629635,-146.039259,-59.2911571,-145.348531,86.0573744,R012,P00055,S001,S212,1,R022,P08462,S001,S000,16
-3.9,-2.1,4.18646319,9.09642866,4.90996547,-57.9726136,-140.968209,-57.6008072,-140.277482,82.6766746,R012,P00055,S001,S212,1,R022,P08462,S001,S000,16
-3.85,-2.1,4.08646319,8.79642866,4.70996547,-56.2822638,-135.89716,-55.9104573,-135.206432,79.2959749,R012,P00055,S001,S212,1,R022,P08462,S001,S000,16
-3.8,-2.1,3.98646319,8.49642866,4.50996547,-54.5919139,-130.82611,-54.2201074,-130.135382,75.9152751,R012,P00055,S001,S212,1,R022,P08462,S001,S000,16
-3.75,-2.1,3.88646319,8.19642866,4.30996547,-52.901564,-125.75506,-52.5297575,-125.064333,72.5345753,R012,P00055,S001,S212,1,R022,P08462,S001,S000,16
-3.7,-2.1,3.78646319,7.89642866,4.10996547,-51.2112141,-120.684011,-50.8394076,-119.993283,69.1538755,R012,P00055,S001,S212,1,R022,P08462,S001,S000,16
-3.65,-2.1,3.68646319,7.59642866,3.90996547,-49.5208642,-115.612961,-49.1490578,-114.922234,65.7731758,R012,P00055,S001,S212,1,R022,P08462,S001,S000,16
-3.6,-2.1,3.58646319,7.29642866,3.70996547,-47.8305143,-110.541911,-47.4587079,-109.851184,62.392476,R006,P00012,S001,S212,2,R022,P08462,S001,S000,16
-3.55,-2.1,3.48646319,6.99642866,3.50996547,-46.1401644,-105.470862,-45.768358,-104.780134,59.0117762,R006,P00012,S001,S212,2,R022,P08462,S001,S000,16
-3.5,-2.1,3.38646319,6.69642866,3.30996547,-44.4498146,-100.399812,-44.0780081,-99.7090845,55.6310764,R006,P00012,S001,S212,2,R024,P08505,S001,S000,10
-3.45,-2.1,3.28646319,6.39642866,3.10996547,-42.7594647,-95.3287624,-42.3876582,-94.6380349,52.2503767,R006,P00012,S001,S212,2,R024,P08505,S001,S000,10
-3.4,-2.1,3.18646319,6.09642866,2.90996547,-41.0691148,-90.2577128,-40.6973083,-89.5669852,48.8696769,R006,P00012,S001,S212,2,R025,P08508,S001,S000,4
-3.35,-2.1,3.08646319,5.79642866,2.70996547,-39.3787649,-85.1866631,-39.0069584,-84.4959356,45.4889771,R006,P00012,S001,S212,2,R029,P24279,S001,S000,2
-3.3,-2.1,2.984292,5.49642866,2.51213666,-37.6517144,-80.1156135,-37.2799079,-79.4248859,42.144978,R021,P00210,S112,S110,1,R029,P24279,S001,S000,2
-3.25,-2.1,2.834292,5.19642866,2.36213666,-35.1161895,-75.0445638,-34.7443831,-74.3538363,39.6094532,R021,P00210,S112,S110,1,R029,P24279,S001,S000,2
-3.2,-2.1,2.684292,4.89642866,2.21213666,-32.5806647,-69.9735141,-32.2088582,-69.2827866,37.0739284,R021,P00210,S112,S110,1,R029,P24279,S001,S000,2
-3.15,-2.1,2.534292,4.59642866,2.06213666,-30.0451399,-64.9024645,-29.6733334,-64.2117369,34.5384035,R021,P00210,S112,S110,1,R029,P24279,S001,S000,2
-3.1,-2.1,2.384292,4.29642866,1.91213666,-27.509615,-59.8314148,-27.1378086,-59.1406873,32.0028787,R021,P00210,S112,S110,1,R029,P24279,S001,S000,2
-3.05,-2.1,2.26924319,3.99642866,1.72718547,-25.5648876,-54.7603652,-25.1930811,-54.0696376,28.8765565,R021,P00210,S000,S212,1,R029,P24279,S001,S000,2
-3,-2.1,2.16924319,3.70740866,1.53816547,-23.8745377,-49.8749159,-23.5027312,-49.1841884,25.6814572,R021,P00210,S000,S212,1,R061,P68636,S212,S211,2
-2.95,-2.1,2.06924319,3.40740866,1.33816547,-22.1841878,-44.8038663,-21.8123813,-44.1131387,22.3007574,R021,P00210,S000,S212,1,R061,P68636,S212,S211,1
-2.9,-2.1,1.96924319,3.10740866,1.13816547,-20.4938379,-39.7328166,-20.1220314,-39.0420891,18.9200576,R021,P00210,S000,S212,1,R061,P68636,S212,S211,1
-2.85,-2.1,1.86924319,2.80740866,0.938165469,-18.803488,-34.661767,-18.4316816,-33.9710394,15.5393579,R021,P00210,S000,S212,1,R061,P68636,S212,S211,1
-2.8,-2.1,1.7716215,2.50740866,0.735787157,-17.1533399,-29.5907173,-16.7815335,-28.8999897,12.1184563,R021,P00210,S112,S212,1,R061,P68636,S212,S211,1
-2.75,-2.1,1.7216215,2.22567022,0.504048719,-16.308165,-24.8283519,-15.9363585,-24.1376244,8.20126586,R021,P00210,S112,S212,1,R061,P68636,S212,S533,1
-2.7,-2.1,1.6716215,2.07567022,0.404048719,-15.46299,-22.2928271,-15.0911836,-21.6020996,6.51091598,R021,P00210,S112,S212,1,R061,P68636,S212,S533,1
-2.65,-2.1,1.6216215,1.92567022,0.304048719,-14.6178151,-19.7573023,-14.2460086,-19.0665747,4.82056609,R021,P00210,S112,S212,1,R061,P68636,S212,S533,1
-2.6,-2.1,1.5716215,1.77567022,0.204048719,-13.7726402,-17.2217774,-13.4008337,-16.5310499,3.1302162,R021,P00210,S112,S212,1,R061,P68636,S212,S533,1
-2.55,-2.1,1.5216215,1.62567022,0.104048719,-12.9274652,-14.6862526,-12.5556587,-13.9955251,1.43986632,R012,P00055,S112,S212,2,R061,P68636,S212,S533,1
-2.5,-2.1,1.4716215,1.5360715,0.064450001,-12.0822903,-13.1717208,-11.7104838,-12.4809932,0.770509433,R012,P00055,S112,S212,2,R061,P68636,S433,S533,1
-2.45,-2.1,1.4216215,1.4860715,0.064450001,-11.2371153,-12.3265458,-10.8653089,-11.6358183,0.770509433,R012,P00055,S112,S212,2,R061,P68636,S433,S533,1
-2.4,-2.1,1.3716215,1.40142675,0.029805251,-10.3919404,-10.8957534,-10.0201339,-10.2050259,0.184891941,R012,P00055,S112,S212,2,R062,P68642,S544,S110,1
-2.35,-2.1,1.3216215,1.3156115,-0.006009999,-9.54676544,-9.44517542,-9.17495898,-8.75444788,-0.420511097,R012,P00055,S112,S212,2,R062,P68642,S111,S211,2
-2.3,-2.1,1.2716215,1.2656115,-0.006009999,-8.70159049,-8.60000048,-8.32978403,-7.90927294,-0.420511097,R012,P00055,S112,S212,2,R062,P68642,S111,S211,2
-2.25,-2.1,1.2216215,1.2156115,-0.006009999,-7.85641555,-7.75482554,-7.48460909,-7.06409799,-0.420511097,R012,P00055,S112,S212,2,R057,P68487,S111,S211,3
-2.2,-2.1,1.1716215,1.1656115,-0.006009999,-7.01124061,-6.9096506,-6.63943415,-6.21892305,-0.420511097,R012,P00055,S112,S212,2,R056,P68478,S111,S211,5
-2.15,-2.1,1.1216215,1.1156115,-0.006009999,-6.16606566,-6.06447565,-5.79425921,-5.37374811,-0.420511097,R012,P00055,S112,S212,2,R056,P68478,S111,S211,5
-2.1,-2.1,1.0716215,1.0656115,-0.006009999,-5.32089072,-5.21930071,-4.94908426,-4.52857317,-0.420511097,R012,P00055,S112,S212,2,R056,P68478,S111,S211,5
-2.05,-2.1,1.0216215,1.0156115,-0.006009999,-4.47571578,-4.37412577,-4.10390932,-3.68339822,-0.420511097,R012,P00055,S112,S212,2,R056,P68478,S111,S211,5
-2,-2.1,0.971621499,0.9656115,-0.006009999,-3.63054083,-3.52895082,-3.25873438,-2.83822328,-0.420511097,R012,P00055,S112,S212,2,R056,P68478,S111,S211,5
-1.95,-2.1,0.921621499,0.9156115,-0.006009999,-2.78536589,-2.68377588,-2.41355943,-1.99304834,-0.420511097,R012,P00055,S112,S212,2,R056,P68478,S111,S211,5
-1.9,-2.1,0.871621499,0.8656115,-0.006009999,-1.94019095,-1.83860094,-1.56838449,-1.14787339,-0.420511097,R011,P00054,S112,S212,4,R056,P68478,S111,S211,5
-1.85,-2.1,0.821621499,0.8156115,-0.006009999,-1.09501601,-0.993425994,-0.723209547,-0.30269845,-0.420511097,R011,P00054,S112,S212,4,R054,P68422,S111,S211,12
-1.8,-2.1,0.771621499,0.7656115,-0.006009999,-0.249841062,-0.148251051,0.121965396,0.542476493,-0.420511097,R011,P00054,S112,S212,4,R054,P68422,S111,S211,12
-1.75,-2.1,0.721621499,0.7156115,-0.006009999,0.595333881,0.696923892,0.967140339,1.38765144,-0.420511097,R011,P00054,S112,S212,4,R054,P68422,S111,S211,12
-1.7,-2.1,0.671621499,0.6656115,-0.006009999,1.44050882,1.54209883,1.81231528,2.23282638,-0.420511097,R011,P00054,S112,S212,4,R054,P68422,S111,S211,12
-1.65,-2.1,0.621621499,0.6156115,-0.006009999,2.28568377,2.38727378,2.65749023,3.07800132,-0.420511097,R011,P00054,S112,S212,4,R054,P68422,S111,S211,12
-1.6,-2.1,0.571621499,0.5656115,-0.006009999,3.13085871,3.23244872,3.50266517,3.92317626,-0.420511097,R011,P00054,S112,S212,4,R054,P68422,S111,S211,12
-1.55,-2.1,0.521621499,0.5156115,-0.006009999,3.97603365,4.07762366,4.34784011,4.76835121,-0.420511097,R011,P00054,S112,S212,4,R054,P68422,S111,S211,12
-1.5,-2.1,0.471621499,0.4656115,-0.006009999,4.8212086,4.92279861,5.19301505,5.61352615,-0.420511097,R011,P00054,S112,S212,4,R054,P68422,S111,S211,12
-1.45,-2.1,0.421621499,0.4156115,-0.006009999,5.66638354,5.76797355,6.03819,6.45870109,-0.420511097,R011,P00054,S112,S212,4,R054,P68422,S111,S211,12
-1.4,-2.1,0.371621499,0.3656115,-0.006009999,6.51155848,6.61314849,6.88336494,7.30387604,-0.420511097,R011,P00054,S112,S212,4,R054,P68422,S111,S211,12
-1.35,-2.1,0.321621499,0.3156115,-0.006009999,7.35673342,7.45832344,7.72853988,8.14905098,-0.420511097,R011,P00054,S112,S212,4,R054,P68422,S111,S211,12
-1.3,-2.1,0.271621499,0.2656115,-0.006009999,8.20190837,8.30349838,8.57371483,8.99422592,-0.420511097,R011,P00054,S112,S212,4,R054,P68422,S111,S211,12
-1.25,-2.1,0.221621499,0.2156115,-0.006009999,9.04708331,9.14867332,9.41888977,9.83940087,-0.420511097,R011,P00054,S112,S212,4,R054,P68422,S111,S211,12
-1.2,-2.1,0.171621499,0.1656115,-0.006009999,9.89225825,9.99384827,10.2640647,10.6845758,-0.420511097,R011,P00054,S112,S212,4,R054,P68422,S111,S211,12
-1.15,-2.1,0.121621499,0.1156115,-0.006009999,10.7374332,10.8390232,11.1092397,11.5297508,-0.420511097,R011,P00054,S112,S212,4,R054,P68422,S111,S211,12
-1.1,-2.1,0.071621499,0.0656115,-0.006009999,11.5826081,11.6841982,11.9544146,12.3749257,-0.420511097,R011,P00054,S112,S212,4,R054,P68422,S111,S211,12
-1.05,-2.1,0.021621499,0.0156115,-0.006009999,12.4277831,12.5293731,12.7995895,13.2201006,-0.420511097,R011,P00054,S112,S212,4,R028,P22552,S111,S211,24
-1,-2.1,0,0,0,12.7932621,12.7932621,13.1650685,13.4839896,-0.318921085,R011,P00054,S000,S000,4,R028,P22552,S000,S000,24
-0.95,-2.1,0,0,0,12.7932621,12.7932621,13.1650685,13.4839896,-0.318921085,R002,P00002,S000,S000,16,R028,P22552,S000,S000,56
-0.9,-2.1,0,0,0,12.7932621,12.7932621,13.1650685,13.4839896,-0.318921085,R002,P00002,S000,S000,25,R028,P22552,S000,S000,56
-0.85,-2.1,0,0,0,12.7932621,12.7932621,13.1650685,13.4839896,-0.318921085,R002,P00002,S000,S000,25,R028,P22552,S000,S000,56
-0.8,-2.1,0,0,0,12.7932621,12.7932621,13.1650685,13.4839896,-0.318921085,R002,P00002,S000,S000,25,R027,P22549,S000,S000,80
-0.75,-2.1,0,0,0,12.7932621,12.7932621,13.1650685,13.4839896,-0.318921085,R002,P00002,S000,S000,25,R027,P22549,S000,S000,80
-0.7,-2.1,0,0,0,12.7932621,12.7932621,13.1650685,13.4839896,-0.318921085,R002,P00002,S000,S000,37,R027,P22549,S000,S000,80
-0.65,-2.1,0,0,0,12.7932621,12.7932621,13.1650685,13.4839896,-0.318921085,R002,P00002,S000,S000,37,R012,P04429,S000,S000,140
-0.6,-2.1,0,0,0,12.7932621,12.7932621,13.1650685,13.4839896,-0.318921085,R002,P00002,S000,S000,56,R012,P04429,S000,S000,140
-0.55,-2.1,0,0,0,12.7932621,12.7932621,13.1650685,13.4839896,-0.318921085,R002,P00002,S000,S000,56,R012,P04429,S000,S000,140
-0.5,-2.1,0,0,0,12.7932621,12.7932621,13.1650685,13.4839896,-0.318921085,R002,P00002,S000,S000,56,R012,P04429,S000,S000,140
-0.45,-2.1,0,0,0,12.7932621,12.7932621,13.1650685,13.4839896,-0.318921085,R002,P00002,S000,S000,56,R012,P04429,S000,S000,182
-0.4,-2.1,0,0,0,12.7932621,12.7932621,13.1650685,13.4839896,-0.318921085,R002,P00002,S000,S000,56,R012,P04429,S000,S000,182
-0.35,-2.1,0,0,0,12.7932621,12.7932621,13.1650685,13.4839896,-0.318921085,R002,P00002,S000,S000,56,R012,P04429,S000,S000,182
-0.3,-2.1,0,0,0,12.7932621,12.7932621,13.1650685,13.4839896,-0.318921085,R002,P00002,S000,S000,56,R010,P03778,S000,S000,520
-0.25,-2.1,0,0,0,12.7932621,12.7932621,13.1650685,13.4839896,-0.318921085,R002,P00002,S000,S000,56,R010,P03778,S000,S000,520
-0.2,-2.1,0,0,0,12.7932621,12.7932621,13.1650685,13.4839896,-0.318921085,R002,P00002,S000,S000,57,R010,P03778,S000,S000,520
-0.15,-2.1,0,0,0,12.7932621,12.7932621,13.1650685,13.4839896,-0.318921085,R002,P00002,S000,S000,66,R010,P03778,S000,S000,520
-0.1,-2.1,0,0,0,12.7932621,12.7932621,13.1650685,13.4839896,-0.318921085,R002,P00002,S000,S000,66,R010,P03778,S000,S000,560
-0.05,-2.1,0,0,0,12.7932621,12.7932621,13.1650685,13.4839896,-0.318921085,R002,P00002,S000,S000,66,R010,P03778,S000,S000,700
0,-2.1,0,0,0,12.7932621,12.7932621,13.1650685,13.4839896,-0.318921085,R002,P00002,S000,S000,66,R010,P03778,S000,S000,700
-4,-2.05,4.46146319,9.97142866,5.50996547,-62.6210758,-155.758771,-62.2492694,-155.068043,92.8187739,R012,P00055,S001,S212,1,R022,P08462,S001,S000,16
-3.95,-2.05,4.36146319,9.67142866,5.30996547,-60.9307259,-150.687721,-60.5589195,-149.996994,89.4380742,R012,P00055,S001,S212,1,R022,P08462,S001,S000,16
-3.9,-2.05,4.26146319,9.37142866,5.10996547,-59.2403761,-145.616672,-58.8685696,-144.925944,86.0573744,R012,P00055,S001,S212,1,R022,P08462,S001,S000,16
-3.85,-2.05,4.16146319,9.07142866,4.90996547,-57.5500262,-140.545622,-57.1782197,-139.854894,82.6766746,R012,P00055,S001,S212,1,R022,P08462,S001,S000,16
-3.8,-2.05,4.06146319,8.77142866,4.70996547,-55.8596763,-135.474572,-55.4878698,-134.783845,79.2959749,R012,P00055,S001,S212,1,R022,P08462,S001,S000,16
-3.75,-2.05,3.96146319,8.47142866,4.50996547,-54.1693264,-130.403523,-53.7975199,-129.712795,75.9152751,R012,P00055,S001,S212,1,R022,P08462,S001,S000,16
-3.7,-2.05,3.86146319,8.17142866,4.30996547,-52.4789765,-125.332473,-52.1071701,-124.641745,72.5345753,R012,P00055,S001,S212,1,R022,P08462,S001,S000,16
-3.65,-2.05,3.76146319,7.87142866,4.10996547,-50.7886266,-120.261423,-50.4168202,-119.570696,69.1538755,R012,P00055,S001,S212,1,R022,P08462,S001,S000,16
-3.6,-2.05,3.66146319,7.57142866,3.90996547,-49.0982767,-115.190374,-48.7264703,-114.499646,65.7731758,R012,P00055,S001,S212,1,R022,P08462,S001,S000,16
-3.55,-2.05,3.56146319,7.27142866,3.70996547,-47.4079269,-110.119324,-47.0361204,-109.428596,62.392476,R006,P00012,S001,S212,2,R022,P08462,S001,S000,16
-3.5,-2.05,3.46146319,6.97142866,3.50996547,-45.717577,-105.048274,-45.3457705,-104.357547,59.0117762,R006,P00012,S001,S212,2,R022,P08462,S001,S000,16
-3.45,-2.05,3.36146319,6.67142866,3.30996547,-44.0272271,-99.9772246,-43.6554206,-99.2864971,55.6310764,R006,P00012,S001,S212,2,R024,P08505,S001,S000,10
-3.4,-2.05,3.26146319,6.37142866,3.10996547,-42.3368772,-94.906175,-41.9650707,-94.2154474,52.2503767,R006,P00012,S001,S212,2,R024,P08505,S001,S000,10
-3.35,-2.05,3.16146319,6.07142866,2.90996547,-40.6465273,-89.8351253,-40.2747209,-89.1443978,48.8696769,R006,P00012,S001,S212,2,R025,P08508,S001,S000,4
-3.3,-2.05,3.06146319,5.77142866,2.70996547,-38.9561774,-84.7640756,-38.584371,-84.0733481,45.4889771,R006,P00012,S001,S212,2,R029,P24279,S001,S000,2
-3.25,-2.05,2.934292,5.47142866,2.53713666,-36.8065394,-79.693026,-36.434733,-79.0022984,42.5675655,R021,P00210,S112,S110,1,R029,P24279,S001,S000,2
-3.2,-2.05,2.784292,5.17142866,2.38713666,-34.2710146,-74.6219763,-33.8992081,-73.9312488,40.0320407,R021,P00210,S112,S110,1,R029,P24279,S001,S000,2
-3.15,-2.05,2.634292,4.87142866,2.23713666,-31.7354898,-69.5509267,-31.3636833,-68.8601991,37.4965158,R021,P00210,S112,S110,1,R029,P24279,S001,S000,2
-3.1,-2.05,2.484292,4.57142866,2.08713666,-29.1999649,-64.479877,-28.8281585,-63.7891495,34.960991,R021,P00210,S112,S110,1,R029,P24279,S001,S000,2
-3.05,-2.05,2.36924319,4.27142866,1.90218547,-27.2552374,-59.4088274,-26.883431,-58.7180998,31.8346688,R021,P00210,S000,S212,1,R029,P24279,S001,S000,2
-3,-2.05,2.26924319,3.97142866,1.70218547,-25.5648876,-54.3377777,-25.1930811,-53.6470502,28.4539691,R021,P00210,S000,S212,1,R029,P24279,S001,S000,2
-2.95,-2.05,2.16924319,3.68240866,1.51316547,-23.8745377,-49.4523285,-23.5027312,-48.7616009,25.2588697,R021,P00210,S000,S212,1,R061,P68636,S212,S211,2
-2.9,-2.05,2.06924319,3.38240866,1.31316547,-22.1841878,-44.3812788,-21.8123813,-43.6905513,21.8781699,R021,P00210,S000,S212,1,R061,P68636,S212,S211,1
-2.85,-2.05,1.96924319,3.08240866,1.11316547,-20.4938379,-39.3102291,-20.1220314,-38.6195016,18.4974702,R021,P00210,S000,S212,1,R061,P68636,S212,S211,1
-2.8,-2.05,1.86924319,2.78240866,0.913165469,-18.803488,-34.2391795,-18.4316816,-33.5484519,15.1167704,R021,P00210,S000,S212,1,R061,P68636,S212,S211,1
-2.75,-2.05,1.76924319,2.48240866,0.713165469,-17.1131381,-29.1681298,-16.7413317,-28.4774023,11.7360706,R021,P00210,S000,S212,1,R061,P68636,S212,S211,1
-2.7,-2.05,1.6716215,2.20067022,0.529048719,-15.46299,-24.4057645,-15.0911836,-23.7150369,8.62385333,R021,P00210,S112,S212,1,R061,P68636,S212,S533,1
-2.65,-2.05,1.6216215,2.05067022,0.429048719,-14.6178151,-21.8702396,-14.2460086,-21.1795121,6.93350345,R021,P00210,S112,S212,1,R061,P68636,S212,S533,1
-2.6,-2.05,1.5716215,1.90067022,0.329048719,-13.7726402,-19.3347148,-13.4008337,-18.6439873,5.24315356,R021,P00210,S112,S212,1,R061,P68636,S212,S533,1
-2.55,-2.05,1.5216215,1.75067022,0.229048719,-12.9274652,-16.79919,-12.5556587,-16.1084624,3.55280368,R021,P00210,S112,S212,1,R061,P68636,S212,S533,1
-2.5,-2.05,1.4716215,1.60067022,0.129048719,-12.0822903,-14.2636651,-11.7104838,-13.5729376,1.86245379,R012,P00055,S112,S212,2,R061,P68636,S212,S533,1
-2.45,-2.05,1.4216215,1.4860715,0.064450001,-11.2371153,-12.3265458,-10.8653089,-11.6358183,0.770509433,R012,P00055,S112,S212,2,R061,P68636,S433,S533,1
-2.4,-2.05,1.3716215,1.4360715,0.064450001,-10.3919404,-11.4813709,-10.0201339,-10.7906434,0.770509433,R012,P00055,S112,S212,2,R061,P68636,S433,S533,1
-2.35,-2.05,1.3216215,1.35142675,0.029805251,-9.54676544,-10.0505785,-9.17495898,-9.35985092,0.184891941,R012,P00055,S112,S212,2,R062,P68642,S544,S110,1
-2.3,-2.05,1.2716215,1.2656115,-0.006009999,-8.70159049,-8.60000048,-8.32978403,-7.90927294,-0.420511097,R012,P00055,S112,S212,2,R062,P68642,S111,S211,1
-2.25,-2.05,1.2216215,1.2156115,-0.006009999,-7.85641555,-7.75482554,-7.48460909,-7.06409799,-0.420511097,R012,P00055,S112,S212,2,R062,P68642,S111,S211,2
-2.2,-2.05,1.1716215,1.1656115,-0.006009999,-7.01124061,-6.9096506,-6.63943415,-6.21892305,-0.420511097,R012,P00055,S112,S212,2,R057,P68487,S111,S211,3
-2.15,-2.05,1.1216215,1.1156115,-0.006009999,-6.16606566,-6.06447565,-5.79425921,-5.37374811,-0.420511097,R012,P00055,S112,S212,2,R056,P68478,S111,S211,5
-2.1,-2.05,1.0716215,1.0656115,-0.006009999,-5.32089072,-5.21930071,-4.94908426,-4.52857317,-0.420511097,R012,P00055,S112,S212,2,R056,P68478,S111,S211,5
-2.05,-2.05,1.0216215,1.0156115,-0.006009999,-4.47571578,-4.37412577,-4.10390932,-3.68339822,-0.420511097,R012,P00055,S112,S212,2,R056,P68478,S111,S211,5
-2,-2.05,0.971621499,0.9656115,-0.006009999,-3.63054083,-3.52895082,-3.25873438,-2.83822328,-0.420511097,R012,P00055,S112,S212,2,R056,P68478,S111,S211,5
-1.95,-2.05,0.921621499,0.9156115,-0.006009999,-2.78536589,-2.68377588,-2.41355943,-1.99304834,-0.420511097,R012,P00055,S112,S212,2,R056,P68478,S111,S211,5
-1.9,-2.05,0.871621499,0.8656115,-0.006009999,-1.94019095,-1.83860094,-1.56838449,-1.14787339,-0.420511097,R011,P00054,S112,S212,4,R056,P68478,S111,S211,5
-1.85,-2.05,0.821621499,0.8156115,-0.006009999,-1.09501601,-0.993425994,-0.723209547,-0.30269845,-0.420511097,R011,P00054,S112,S212,4,R056,P68478,S111,S211,5
-1.8,-2.05,0.771621499,0.7656115,-0.006009999,-0.249841062,-0.148251051,0.121965396,0.542476493,-0.420511097,R011,P00054,S112,S212,4,R054,P68422,S111,S211,12
-1.75,-2.05,0.721621499,0.7156115,-0.006009999,0.595333881,0.696923892,0.967140339,1.38765144,-0.420511097,R011,P00054,S112,S212,4,R054,P68422,S111,S211,12
-1.7,-2.05,0.671621499,0.6656115,-0.006009999,1.44050882,1.54209883,1.81231528,2.23282638,-0.420511097,R011,P00054,S112,S212,4,R054,P68422,S111,S211,12
-1.65,-2.05,0.621621499,0.6156115,-0.006009999,2.28568377,2.38727378,2.65749023,3.07800132,-0.420511097,R011,P00054,S112,S212,4,R054,P68422,S111,S211,12
-1.6,-2.05,0.571621499,0.5656115,-0.006009999,3.13085871,3.23244872,3.50266517,3.92317626,-0.420511097,R011,P00054,S112,S212,4,R054,P68422,S111,S211,12
-1.55,-2.05,0.521621499,0.5156115,-0.006009999,3.97603365,4.07762366,4.34784011,4.76835121,-0.420511097,R011,P00054,S112,S212,4,R054,P68422,S111,S211,12
-1.5,-2.05,0.471621499,0.4656115,-0.006009999,4.8212086,4.92279861,5.19301505,5.61352615,-0.420511097,R011,P00054,S112,S212,4,R054,P68422,S111,S211,12
-1.45,-2.05,0.421621499,0.4156115,-0.006009999,5.66638354,5.76797355,6.03819,6.45870109,-0.420511097,R011,P00054,S112,S212,4,R054,P68422,S111,S211,12
-1.4,-2.05,0.371621499,0.3656115,-0.006009999,6.51155848,6.61314849,6.88336494,7.30387604,-0.420511097,R011,P00054,S112,S212,4,R054,P68422,S111,S211,12
-1.35,-2.05,0.321621499,0.3156115,-0.006009999,7.35673342,7.45832344,7.72853988,8.14905098,-0.420511097,R011,P00054,S112,S212,4,R054,P68422,S111,S211,12
-1.3,-2.05,0.271621499,0.2656115,-0.006009999,8.20190837,8.30349838,8.57371483,8.99422592,-0.420511097,R011,P00054,S112,S212,4,R054,P68422,S111,S211,12
-1.25,-2.05,0.221621499,0.2156115,-0.006009999,9.04708331,9.14867332,9.41888977,9.83940087,-0.420511097,R011,P00054,S112,S212,4,R054,P68422,S111,S211,12
-1.2,-2.05,0.171621499,0.1656115,-0.006009999,9.89225825,9.99384827,10.2640647,10.6845758,-0.420511097,R011,P00054,S112,S212,4,R054,P68422,S111,S211,12
-1.15,-2.05,0.121621499,0.1156115,-0.006009999,10.7374332,10.8390232,11.1092397,11.5297508,-0.420511097,R011,P00054,S112,S212,4,R054,P68422,S111,S211,12
-1.1,-2.05,0.071621499,0.0656115,-0.006009999,11.5826081,11.6841982,11.9544146,12.3749257,-0.420511097,R011,P00054,S112,S212,4,R054,P68422,S111,S211,12
-1.05,-2.05,0.021621499,0.0156115,-0.006009999,12.4277831,12.5293731,12.7995895,13.2201006,-0.420511097,R011,P00054,S112,S212,4,R054,P68422,S111,S211,12
-1,-2.05,0,0,0,12.7932621,12.7932621,13.1650685,13.4839896,-0.318921085,R011,P00054,S000,S000,4,R028,P22552,S000,S000,24
-0.95,-2.05,0,0,0,12.7932621,12.7932621,13.1650685,13.4839896,-0.318921085,R002,P00002,S000,S000,16,R028,P22552,S000,S000,56
-0.9,-2.05,0,0,0,12.7932621,12.7932621,13.1650685,13.4839896,-0.318921085,R002,P00002,S000,S000,25,R028,P22552,S000,S000,56
-0.85,-2.05,0,0,0,12.7932621,12.7932621,13.1650685,13.4839896,-0.318921085,R002,P00002,S000,S000,25,R028,P22552,S000,S000,56
-0.8,-2.05,0,0,0,12.7932621,12.7932621,13.1650685,13.4839896,-0.318921085,R002,P00002,S000,S000,25,R027,P22549,S000,S000,80
-0.75,-2.05,0,0,0,12.7932621,12.7932621,13.1650685,13.4839896,-0.318921085,R002,P00002,S000,S000,25,R027,P22549,S000,S000,80
-0.7,-2.05,0,0,0,12.7932621,12.7932621,13.1650685,13.4839896,-0.318921085,R002,P00002,S000,S000,33,R027,P22549,S000,S000,80
-0.65,-2.05,0,0,0,12.7932621,12.7932621,13.1650685,13.4839896,-0.318921085,R002,P00002,S000,S000,37,R012,P04429,S000,S000,140
-0.6,-2.05,0,0,0,12.7932621,12.7932621,13.1650685,13.4839896,-0.318921085,R002,P00002,S000,S000,56,R012,P04429,S000,S000,140
-0.55,-2.05,0,0,0,12.7932621,12.7932621,13.1650685,13.4839896,-0.318921085,R002,P00002,S000,S000,56,R012,P04429,S000,S000,140
-0.5,-2.05,0,0,0,12.7932621,12.7932621,13.1650685,13.4839896,-0.318921085,R002,P00002,S000,S000,56,R012,P04429,S000,S000,140
-0.45,-2.05,0,0,0,12.7932621,12.7932621,13.1650685,13.4839896,-0.318921085,R002,P00002,S000,S000,56,R012,P04429,S000,S000,182
-0.4,-2.05,0,0,0,12.7932621,12.7932621,13.1650685,13.4839896,-0.318921085,R002,P00002,S000,S000,56,R012,P04429,S000,S000,182
-0.35,-2.05,0,0,0,12.7932621,12.7932621,13.1650685,13.4839896,-0.318921085,R002,P00002,S000,S000,56,R012,P04429,S000,S000,182
-0.3,-2.05,0,0,0,12.7932621,12.7932621,13.1650685,13.4839896,-0.318921085,R002,P00002,S000,S000,56,R010,P03778,S000,S000,520
-0.25,-2.05,0,0,0,12.7932621,12.7932621,13.1650685,13.4839896,-0.318921085,R002,P00002,S000,S000,56,R010,P03778,S000,S000,520
-0.2,-2.05,0,0,0,12.7932621,12.7932621,13.1650685,13.4839896,-0.318921085,R002,P00002,S000,S000,57,R010,P03778,S000,S000,520
-0.15,-2.05,0,0,0,12.7932621,12.7932621,13.1650685,13.4839896,-0.318921085,R002,P00002,S000,S000,66,R010,P03778,S000,S000,520
-0.1,-2.05,0,0,0,12.7932621,12.7932621,13.1650685,13.4839896,-0.318921085,R002,P00002,S000,S000,66,R010,P03778,S000,S000,560
-0.05,-2.05,0,0,0,12.7932621,12.7932621,13.1650685,13.4839896,-0.318921085,R002,P00002,S000,S000,66,R010,P03778,S000,S000,700
0,-2.05,0,0,0,12.7932621,12.7932621,13.1650685,13.4839896,-0.318921085,R002,P00002,S000,S000,66,R010,P03778,S000,S000,700
-4,-2,4.53646319,10.2464287,5.70996547,-63.8888382,-160.407233,-63.5170318,-159.716506,96.1994737,R012,P00055,S001,S212,1,R022,P08462,S001,S000,16
-3.95,-2,4.43646319,9.94642866,5.50996547,-62.1984884,-155.336183,-61.8266819,-154.645456,92.8187739,R012,P00055,S001,S212,1,R022,P08462,S001,S000,16
-3.9,-2,4.33646319,9.64642866,5.30996547,-60.5081385,-150.265134,-60.136332,-149.574406,89.4380742,R012,P00055,S001,S212,1,R022,P08462,S001,S000,16
-3.85,-2,4.23646319,9.34642866,5.10996547,-58.8177886,-145.194084,-58.4459821,-144.503357,86.0573744,R012,P00055,S001,S212,1,R022,P08462,S001,S000,16
-3.8,-2,4.13646319,9.04642866,4.90996547,-57.1274387,-140.123034,-56.7556322,-139.432307,82.6766746,R012,P00055,S001,S212,1,R022,P08462,S001,S000,16
-3.75,-2,4.03646319,8.74642866,4.70996547,-55.4370888,-135.051985,-55.0652824,-134.361257,79.2959749,R012,P00055,S001,S212,1,R022,P08462,S001,S000,16
-3.7,-2,3.93646319,8.44642866,4.50996547,-53.7467389,-129.980935,-53.3749325,-129.290208,75.9152751,R012,P00055,S001,S212,1,R022,P08462,S001,S000,16
-3.65,-2,3.83646319,8.14642866,4.30996547,-52.056389,-124.909885,-51.6845826,-124.219158,72.5345753,R012,P00055,S001,S212,1,R022,P08462,S001,S000,16
-3.6,-2,3.73646319,7.84642866,4.10996547,-50.3660392,-119.838836,-49.9942327,-119.148108,69.1538755,R012,P00055,S001,S212,1,R022,P08462,S001,S000,16
-3.55,-2,3.63646319,7.54642866,3.90996547,-48.6756893,-114.767786,-48.3038828,-114.077059,65.7731758,R012,P00055,S001,S212,1,R022,P08462,S001,S000,16
-3.5,-2,3.53646319,7.24642866,3.70996547,-46.9853394,-109.696736,-46.6135329,-109.006009,62.392476,R006,P00012,S001,S212,2,R022,P08462,S001,S000,16
-3.45,-2,3.43646319,6.94642866,3.50996547,-45.2949895,-104.625687,-44.923183,-103.934959,59.0117762,R006,P00012,S001,S212,2,R022,P08462,S001,S000,16
-3.4,-2,3.33646319,6.64642866,3.30996547,-43.6046396,-99.5546371,-43.2328332,-98.8639096,55.6310764,R006,P00012,S001,S212,2,R022,P08462,S001,S000,16
-3.35,-2,3.23646319,6.34642866,3.10996547,-41.9142897,-94.4835875,-41.5424833,-93.7928599,52.2503767,R006,P00012,S001,S212,2,R024,P08505,S001,S000,10
-3.3,-2,3.13646319,6.04642866,2.90996547,-40.2239398,-89.4125378,-39.8521334,-88.7218103,48.8696769,R006,P00012,S001,S212,2,R025,P08508,S001,S000,4
-3.25,-2,3.034292,5.74642866,2.71213666,-38.4968893,-84.3414882,-38.1250828,-83.6507606,45.5256778,R021,P00210,S112,S110,1,R029,P24279,S001,S000,2
-3.2,-2,2.884292,5.44642866,2.56213666,-35.9613645,-79.2704385,-35.589558,-78.579711,42.990153,R021,P00210,S112,S110,1,R029,P24279,S001,S000,2
-3.15,-2,2.734292,5.14642866,2.41213666,-33.4258396,-74.1993889,-33.0540332,-73.5086613,40.4546281,R021,P00210,S112,S110,1,R029,P24279,S001,S000,2
-3.1,-2,2.584292,4.84642866,2.26213666,-30.8903148,-69.1283392,-30.5185084,-68.4376117,37.9191033,R021,P00210,S112,S110,1,R029,P24279,S001,S000,2
-3.05,-2,2.46924319,4.54642866,2.07718547,-28.9455873,-64.0572895,-28.5737809,-63.366562,34.7927811,R021,P00210,S000,S212,1,R029,P24279,S001,S000,2
-3,-2,2.36924319,4.24642866,1.87718547,-27.2552374,-58.9862399,-26.883431,-58.2955123,31.4120814,R021,P00210,S000,S212,1,R029,P24279,S001,S000,2
-2.95,-2,2.26924319,3.94642866,1.67718547,-25.5648876,-53.9151902,-25.1930811,-53.2244627,28.0313816,R021,P00210,S000,S212,1,R029,P24279,S001,S000,2
-2.9,-2,2.16924319,3.65740866,1.48816547,-23.8745377,-49.029741,-23.5027312,-48.3390134,24.8362822,R021,P00210,S000,S212,1,R061,P68636,S212,S211,2
-2.85,-2,2.06924319,3.35740866,1.28816547,-22.1841878,-43.9586913,-21.8123813,-43.2679638,21.4555825,R021,P00210,S000,S212,1,R061,P68636,S212,S211,2
-2.8,-2,1.96924319,3.05740866,1.08816547,-20.4938379,-38.8876417,-20.1220314,-38.1969141,18.0748827,R021,P00210,S000,S212,1,R061,P68636,S212,S211,1
-2.75,-2,1.86924319,2.75740866,0.888165469,-18.803488,-33.816592,-18.4316816,-33.1258645,14.6941829,R021,P00210,S000,S212,1,R061,P68636,S212,S211,1
-2.7,-2,1.76924319,2.45740866,0.688165469,-17.1131381,-28.7455424,-16.7413317,-28.0548148,11.3134831,R021,P00210,S000,S212,1,R061,P68636,S212,S211,1
-2.65,-2,1.66924319,2.17567022,0.506427031,-15.4227882,-23.983177,-15.0509818,-23.2924494,8.24146766,R021,P00210,S000,S212,1,R061,P68636,S212,S533,1
-2.6,-2,1.5716215,2.02567022,0.454048719,-13.7726402,-21.4476522,-13.4008337,-20.7569246,7.35609092,R021,P00210,S112,S212,1,R061,P68636,S212,S533,1
-2.55,-2,1.5216215,1.86933647,0.34771497,-12.9274652,-18.8050648,-12.5556587,-18.1143373,5.55867851,R021,P00210,S112,S212,1,R062,P68642,S544,S211,1
-2.5,-2,1.4716215,1.71933647,0.24771497,-12.0822903,-16.26954,-11.7104838,-15.5788124,3.86832863,R021,P00210,S112,S212,1,R062,P68642,S544,S211,1
-2.45,-2,1.4216215,1.57567022,0.154048719,-11.2371153,-13.8410777,-10.8653089,-13.1503501,2.28504126,R021,P00210,S112,S212,1,R061,P68636,S212,S533,1
-2.4,-2,1.3716215,1.4360715,0.064450001,-10.3919404,-11.4813709,-10.0201339,-10.7906434,0.770509433,R012,P00055,S112,S212,2,R061,P68636,S433,S533,1
-2.35,-2,1.3216215,1.3860715,0.064450001,-9.54676544,-10.636196,-9.17495898,-9.94546841,0.770509433,R012,P00055,S112,S212,2,R061,P68636,S433,S533,1
-2.3,-2,1.2716215,1.30142675,0.029805251,-8.70159049,-9.20540352,-8.32978403,-8.51467598,0.184891941,R012,P00055,S112,S212,2,R062,P68642,S544,S110,1
-2.25,-2,1.2216215,1.2156115,-0.006009999,-7.85641555,-7.75482554,-7.48460909,-7.06409799,-0.420511097,R012,P00055,S112,S212,2,R062,P68642,S111,S211,1
-2.2,-2,1.1716215,1.1656115,-0.006009999,-7.01124061,-6.9096506,-6.63943415,-6.21892305,-0.420511097,R012,P00055,S112,S212,2,R062,P68642,S111,S211,2
-2.15,-2,1.1216215,1.1156115,-0.006009999,-6.16606566,-6.06447565,-5.79425921,-5.37374811,-0.420511097,R012,P00055,S112,S212,2,R057,P68487,S111,S211,3
-2.1,-2,1.0716215,1.0656115,-0.006009999,-5.32089072,-5.21930071,-4.94908426,-4.52857317,-0.420511097,R012,P00055,S112,S212,2,R056,P68478,S111,S211,5
-2.05,-2,1.0216215,1.0156115,-0.006009999,-4.47571578,-4.37412577,-4.10390932,-3.68339822,-0.420511097,R012,P00055,S112,S212,2,R056,P68478,S111,S211,5
-2,-2,0.971621499,0.9656115,-0.006009999,-3.63054083,-3.52895082,-3.25873438,-2.83822328,-0.420511097,R012,P00055,S112,S212,2,R056,P68478,S111,S211,5
-1.95,-2,0.921621499,0.9156115,-0.006009999,-2.78536589,-2.68377588,-2.41355943,-1.99304834,-0.420511097,R012,P00055,S112,S212,2,R056,P68478,S111,S211,5
-1.9,-2,0.871621499,0.8656115,-0.006009999,-1.94019095,-1.83860094,-1.56838449,-1.14787339,-0.420511097,R011,P00054,S112,S212,4,R056,P68478,S111,S211,5
-1.85,-2,0.821621499,0.8156115,-0.006009999,-1.09501601,-0.993425994,-0.723209547,-0.30269845,-0.420511097,R011,P00054,S112,S212,4,R056,P68478,S111,S211,5
-1.8,-2,0.771621499,0.7656115,-0.006009999,-0.249841062,-0.148251051,0.121965396,0.542476493,-0.420511097,R011,P00054,S112,S212,4,R056,P68478,S111,S211,5
-1.75,-2,0.721621499,0.7156115,-0.006009999,0.595333881,0.696923892,0.967140339,1.38765144,-0.420511097,R011,P00054,S112,S212,4,R054,P68422,S111,S211,12
-1.7,-2,0.671621499,0.6656115,-0.006009999,1.44050882,1.54209883,1.81231528,2.23282638,-0.420511097,R011,P00054,S112,S212,4,R054,P68422,S111,S211,12
-1.65,-2,0.621621499,0.6156115,-0.006009999,2.28568377,2.38727378,2.65749023,3.07800132,-0.420511097,R011,P00054,S112,S212,4,R054,P68422,S111,S211,12
-1.6,-2,0.571621499,0.5656115,-0.006009999,3.13085871,3.23244872,3.50266517,3.92317626,-0.420511097,R011,P00054,S112,S212,4,R054,P68422,S111,S211,12
-1.55,-2,0.521621499,0.5156115,-0.006009999,3.97603365,4.07762366,4.34784011,4.76835121,-0.420511097,R011,P00054,S112,S212,4,R054,P68422,S111,S211,12
-1.5,-2,0.471621499,0.4656115,-0.006009999,4.8212086,4.92279861,5.19301505,5.61352615,-0.420511097,R011,P00054,S112,S212,4,R054,P68422,S111,S211,12
-1.45,-2,0.421621499,0.4156115,-0.006009999,5.66638354,5.76797355,6.03819,6.45870109,-0.420511097,R011,P00054,S112,S212,4,R054,P68422,S111,S211,12
-1.4,-2,0.371621499,0.3656115,-0.006009999,6.51155848,6.61314849,6.88336494,7.30387604,-0.420511097,R011,P00054,S112,S212,4,R054,P68422,S111,S211,12
-1.35,-2,0.321621499,0.3156115,-0.006009999,7.35673342,7.45832344,7.72853988,8.14905098,-0.420511097,R011,P00054,S112,S212,4,R054,P68422,S111,S211,12
-1.3,-2,0.271621499,0.2656115,-0.006009999,8.20190837,8.30349838,8.57371483,8.99422592,-0.420511097,R011,P00054,S112,S212,4,R054,P68422,S111,S211,12
-1.25,-2,0.221621499,0.2156115,-0.006009999,9.04708331,9.14867332,9.41888977,9.83940087,-0.420511097,R011,P00054,S112,S212,4,R054,P68422,S111,S211,12
-1.2,-2,0.171621499,0.1656115,-0.006009999,9.89225825,9.99384827,10.2640647,10.6845758,-0.420511097,R011,P00054,S112,S212,4,R054,P68422,S111,S211,12
-1.15,-2,0.121621499,0.1156115,-0.006009999,10.7374332,10.8390232,11.1092397,11.5297508,-0.420511097,R011,P00054,S112,S212,4,R054,P68422,S111,S211,12
-1.1,-2,0.071621499,0.0656115,-0.006009999,11.5826081,11.6841982,11.9544146,12.3749257,-0.420511097,R011,P00054,S112,S212,4,R054,P68422,S111,S211,12
-1.05,-2,0.021621499,0.0156115,-0.006009999,12.4277831,12.5293731,12.7995895,13.2201006,-0.420511097,R011,P00054,S112,S212,4,R054,P68422,S111,S211,12
-1,-2,0,0,0,12.7932621,12.7932621,13.1650685,13.4839896,-0.318921085,R011,P00054,S000,S000,4,R054,P68422,S000,S000,12
-0.95,-2,0,0,0,12.7932621,12.7932621,13.1650685,13.4839896,-0.318921085,R002,P00002,S000,S000,16,R028,P22552,S000,S000,56
-0.9,-2,0,0,0,12.7932621,12.7932621,13.1650685,13.4839896,-0.318921085,R002,P00002,S000,S000,25,R028,P22552,S000,S000,56
-0.85,-2,0,0,0,12.7932621,12.7932621,13.1650685,13.4839896,-0.318921085,R002,P00002,S000,S000,25,R028,P22552,S000,S000,56
-0.8,-2,0,0,0,12.7932621,12.7932621,13.1650685,13.4839896,-0.318921085,R002,P00002,S000,S000,25,R027,P22549,S000,S000,80
-0.75,-2,0,0,0,12.7932621,12.7932621,13.1650685,13.4839896,-0.318921085,R002,P00002,S000,S000,25,R027,P22549,S000,S000,80
-0.7,-2,0,0,0,12.7932621,12.7932621,13.1650685,13.4839896,-0.318921085,R002,P00002,S000,S000,33,R027,P22549,S000,S000,80
-0.65,-2,0,0,0,12.7932621,12.7932621,13.1650685,13.4839896,-0.318921085,R002,P00002,S000,S000,33,R012,P04429,S000,S000,140
-0.6,-2,0,0,0,12.7932621,12.7932621,13.1650685,13.4839896,-0.318921085,R002,P00002,S000,S000,56,R012,P04429,S000,S000,140
-0.55,-2,0,0,0,12.7932621,12.7932621,13.1650685,13.4839896,-0.318921085,R002,P00002,S000,S000,56,R012,P04429,S000,S000,140
-0.5,-2,0,0,0,12.7932621,12.7932621,13.1650685,13.4839896,-0.318921085,R002,P00002,S000,S000,56,R012,P04429,S000,S000,140
-0.45,-2,0,0,0,12.7932621,12.7932621,13.1650685,13.4839896,-0.318921085,R002,P00002,S000,S000,56,R012,P04429,S000,S000,182
-0.4,-2,0,0,0,12.7932621,12.7932621,13.1650685,13.4839896,-0.318921085,R002,P00002,S000,S000,56,R012,P04429,S000,S000,182
-0.35,-2,0,0,0,12.7932621,12.7932621,13.1650685,13.4839896,-0.318921085,R002,P00002,S000,S000,56,R012,P04429,S000,S000,182
-0.3,-2,0,0,0,12.7932621,12.7932621,13.1650685,13.4839896,-0.318921085,R002,P00002,S000,S000,56,R010,P03778,S000,S000,520
-0.25,-2,0,0,0,12.7932621,12.7932621,13.1650685,13.4839896,-0.318921085,R002,P00002,S000,S000,56,R010,P03778,S000,S000,520
-0.2,-2,0,0,0,12.7932621,12.7932621,13.1650685,13.4839896,-0.318921085,R002,P00002,S000,S000,57,R010,P03778,S000,S000,520
-0.15,-2,0,0,0,12.7932621,12.7932621,13.1650685,13.4839896,-0.318921085,R002,P00002,S000,S000,66,R010,P03778,S000,S000,520
-0.1,-2,0,0,0,12.7932621,12.7932621,13.1650685,13.4839896,-0.318921085,R002,P00002,S000,S000,66,R010,P03778,S000,S000,560
-0.05,-2,0,0,0,12.7932621,12.7932621,13.1650685,13.4839896,-0.318921085,R002,P00002,S000,S000,66,R010,P03778,S000,S000,700
0,-2,0,0,0,12.7932621,12.7932621,13.1650685,13.4839896,-0.318921085,R002,P00002,S000,S000,66,R010,P03778,S000,S000,700
-4,-1.95,4.61146319,10.5214287,5.90996547,-65.1566007,-165.055695,-64.7847942,-164.364968,99.5801735,R012,P00055,S001,S212,1,R022,P08462,S001,S000,16
-3.95,-1.95,4.51146319,10.2214287,5.70996547,-63.4662508,-159.984646,-63.0944443,-159.293918,96.1994737,R012,P00055,S001,S212,1,R022,P08462,S001,S000,16
-3.9,-1.95,4.41146319,9.92142866,5.50996547,-61.7759009,-154.913596,-61.4040944,-154.222868,92.8187739,R012,P00055,S001,S212,1,R022,P08462,S001,S000,16
-3.85,-1.95,4.31146319,9.62142866,5.30996547,-60.085551,-149.842546,-59.7137445,-149.151819,89.4380742,R012,P00055,S001,S212,1,R022,P08462,S001,S000,16
-3.8,-1.95,4.21146319,9.32142866,5.10996547,-58.3952011,-144.771497,-58.0233947,-144.080769,86.0573744,R012,P00055,S001,S212,1,R022,P08462,S001,S000,16
-3.75,-1.95,4.11146319,9.02142866,4.90996547,-56.7048512,-139.700447,-56.3330448,-139.009719,82.6766746,R012,P00055,S001,S212,1,R022,P08462,S001,S000,16
-3.7,-1.95,4.01146319,8.72142866,4.70996547,-55.0145013,-134.629397,-54.6426949,-133.93867,79.2959749,R012,P00055,S001,S212,1,R022,P08462,S001,S000,16
-3.65,-1.95,3.91146319,8.42142866,4.50996547,-53.3241515,-129.558348,-52.952345,-128.86762,75.9152751,R012,P00055,S001,S212,1,R022,P08462,S001,S000,16
-3.6,-1.95,3.81146319,8.12142866,4.30996547,-51.6338016,-124.487298,-51.2619951,-123.79657,72.5345753,R012,P00055,S001,S212,1,R022,P08462,S001,S000,16
-3.55,-1.95,3.71146319,7.82142866,4.10996547,-49.9434517,-119.416248,-49.5716452,-118.725521,69.1538755,R012,P00055,S001,S212,1,R022,P08462,S001,S000,16
-3.5,-1.95,3.61146319,7.52142866,3.90996547,-48.2531018,-114.345199,-47.8812953,-113.654471,65.7731758,R012,P00055,S001,S212,1,R022,P08462,S001,S000,16
-3.45,-1.95,3.51146319,7.22142866,3.70996547,-46.5627519,-109.274149,-46.1909455,-108.583421,62.392476,R006,P00012,S001,S212,2,R022,P08462,S001,S000,16
-3.4,-1.95,3.41146319,6.92142866,3.50996547,-44.872402,-104.203099,-44.5005956,-103.512372,59.0117762,R006,P00012,S001,S212,2,R022,P08462,S001,S000,16
-3.35,-1.95,3.31146319,6.62142866,3.30996547,-43.1820521,-99.1320497,-42.8102457,-98.4413221,55.6310764,R006,P00012,S001,S212,2,R022,P08462,S001,S000,16
-3.3,-1.95,3.21146319,6.32142866,3.10996547,-41.4917023,-94.061,-41.1198958,-93.3702725,52.2503767,R006,P00012,S001,S212,2,R024,P08505,S001,S000,10
-3.25,-1.95,3.11146319,6.02142866,2.90996547,-39.8013524,-88.9899504,-39.4295459,-88.2992228,48.8696769,R006,P00012,S001,S212,2,R025,P08508,S001,S000,4
-3.2,-1.95,2.984292,5.72142866,2.73713666,-37.6517144,-83.9189007,-37.2799079,-83.2281732,45.9482653,R021,P00210,S112,S110,1,R029,P24279,S001,S000,2
-3.15,-1.95,2.834292,5.42142866,2.58713666,-35.1161895,-78.847851,-34.7443831,-78.1571235,43.4127404,R021,P00210,S112,S110,1,R029,P24279,S001,S000,2
-3.1,-1.95,2.684292,5.12142866,2.43713666,-32.5806647,-73.7768014,-32.2088582,-73.0860738,40.8772156,R021,P00210,S112,S110,1,R029,P24279,S001,S000,2
-3.05,-1.95,2.56924319,4.82142866,2.25218547,-30.6359372,-68.7057517,-30.2641308,-68.0150242,37.7508934,R021,P00210,S000,S212,1,R029,P24279,S001,S000,2
-3,-1.95,2.46924319,4.52142866,2.05218547,-28.9455873,-63.6347021,-28.5737809,-62.9439745,34.3701937,R021,P00210,S000,S212,1,R029,P24279,S001,S000,2
-2.95,-1.95,2.36924319,4.22142866,1.85218547,-27.2552374,-58.5636524,-26.883431,-57.8729249,30.9894939,R021,P00210,S000,S212,1,R029,P24279,S001,S000,2
-2.9,-1.95,2.26924319,3.92142866,1.65218547,-25.5648876,-53.4926028,-25.1930811,-52.8018752,27.6087941,R021,P00210,S000,S212,1,R029,P24279,S001,S000,2
-2.85,-1.95,2.16924319,3.63240866,1.46316547,-23.8745377,-48.6071535,-23.5027312,-47.916426,24.4136948,R021,P00210,S000,S212,1,R061,P68636,S212,S211,2
-2.8,-1.95,2.06924319,3.33240866,1.26316547,-22.1841878,-43.5361039,-21.8123813,-42.8453763,21.032995,R021,P00210,S000,S212,1,R061,P68636,S212,S211,2
-2.75,-1.95,1.96924319,3.03240866,1.06316547,-20.4938379,-38.4650542,-20.1220314,-37.7743267,17.6522952,R021,P00210,S000,S212,1,R061,P68636,S212,S211,1
-2.7,-1.95,1.86924319,2.73240866,0.863165469,-18.803488,-33.3940045,-18.4316816,-32.703277,14.2715954,R021,P00210,S000,S212,1,R061,P68636,S212,S211,1
-2.65,-1.95,1.76924319,2.43240866,0.663165469,-17.1131381,-28.3229549,-16.7413317,-27.6322273,10.8908957,R021,P00210,S000,S212,1,R061,P68636,S212,S211,1
-2.6,-1.95,1.66924319,2.15067022,0.481427031,-15.4227882,-23.5605895,-15.0509818,-22.869862,7.81888018,R021,P00210,S000,S212,1,R061,P68636,S212,S533,1
-2.55,-1.95,1.56924319,2.00067022,0.431427031,-13.7324384,-21.0250647,-13.3606319,-20.3343371,6.97370524,R021,P00210,S000,S212,1,R061,P68636,S212,S533,1
-2.5,-1.95,1.4716215,1.80521519,0.333593688,-12.0822903,-17.7211908,-11.7104838,-17.0304632,5.31997944,R021,P00210,S112,S212,1,R062,P68642,S544,S432,1
-2.45,-1.95,1.4216215,1.65142675,0.229805251,-11.2371153,-15.1216281,-10.8653089,-14.4309006,3.56559171,R021,P00210,S112,S212,1,R062,P68642,S544,S110,1
-2.4,-1.95,1.3716215,1.55067022,0.179048719,-10.3919404,-13.4184902,-10.0201339,-12.7277627,2.70762873,R021,P00210,S112,S212,1,R061,P68636,S212,S533,1
-2.35,-1.95,1.3216215,1.4142905,0.092669,-9.54676544,-11.1131958,-9.17495898,-10.4224682,1.24750925,R012,P00055,S112,S212,2,R061,P68636,S212,S432,1
-2.3,-1.95,1.2716215,1.3360715,0.064450001,-8.70159049,-9.79102101,-8.32978403,-9.10029347,0.770509433,R012,P00055,S112,S212,2,R061,P68636,S433,S533,1
-2.25,-1.95,1.2216215,1.25142675,0.029805251,-7.85641555,-8.36022858,-7.48460909,-7.66950103,0.184891941,R012,P00055,S112,S212,2,R062,P68642,S544,S110,1
-2.2,-1.95,1.1716215,1.1656115,-0.006009999,-7.01124061,-6.9096506,-6.63943415,-6.21892305,-0.420511097,R012,P00055,S112,S212,2,R062,P68642,S111,S211,1
-2.15,-1.95,1.1216215,1.1156115,-0.006009999,-6.16606566,-6.06447565,-5.79425921,-5.37374811,-0.420511097,R012,P00055,S112,S212,2,R062,P68642,S111,S211,1
-2.1,-1.95,1.0716215,1.0656115,-0.006009999,-5.32089072,-5.21930071,-4.94908426,-4.52857317,-0.420511097,R012,P00055,S112,S212,2,R062,P68642,S111,S211,2
-2.05,-1.95,1.0216215,1.0156115,-0.006009999,-4.47571578,-4.37412577,-4.10390932,-3.68339822,-0.420511097,R012,P00055,S112,S212,2,R059,P68633,S111,S211,3
-2,-1.95,0.971621499,0.9656115,-0.006009999,-3.63054083,-3.52895082,-3.25873438,-2.83822328,-0.420511097,R012,P00055,S112,S212,2,R059,P68633,S111,S211,3
-1.95,-1.95,0.921621499,0.9156115,-0.006009999,-2.78536589,-2.68377588,-2.41355943,-1.99304834,-0.420511097,R012,P00055,S112,S212,2,R059,P68633,S111,S211,3
-1.9,-1.95,0.871621499,0.8656115,-0.006009999,-1.94019095,-1.83860094,-1.56838449,-1.14787339,-0.420511097,R011,P00054,S112,S212,4,R059,P68633,S111,S211,3
-1.85,-1.95,0.821621499,0.8156115,-0.006009999,-1.09501601,-0.993425994,-0.723209547,-0.30269845,-0.420511097,R011,P00054,S112,S212,4,R059,P68633,S111,S211,3
-1.8,-1.95,0.771621499,0.7656115,-0.006009999,-0.249841062,-0.148251051,0.121965396,0.542476493,-0.420511097,R011,P00054,S112,S212,4,R059,P68633,S111,S211,3
-1.75,-1.95,0.721621499,0.7156115,-0.006009999,0.595333881,0.696923892,0.967140339,1.38765144,-0.420511097,R011,P00054,S112,S212,4,R059,P68633,S111,S211,3
-1.7,-1.95,0.671621499,0.6656115,-0.006009999,1.44050882,1.54209883,1.81231528,2.23282638,-0.420511097,R011,P00054,S112,S212,4,R059,P68633,S111,S211,6
-1.65,-1.95,0.621621499,0.6156115,-0.006009999,2.28568377,2.38727378,2.65749023,3.07800132,-0.420511097,R011,P00054,S112,S212,4,R059,P68633,S111,S211,6
-1.6,-1.95,0.571621499,0.5656115,-0.006009999,3.13085871,3.23244872,3.50266517,3.92317626,-0.420511097,R011,P00054,S112,S212,4,R059,P68633,S111,S211,6
-1.55,-1.95,0.521621499,0.5156115,-0.006009999,3.97603365,4.07762366,4.34784011,4.76835121,-0.420511097,R011,P00054,S112,S212,4,R059,P68633,S111,S211,6
-1.5,-1.95,0.471621499,0.4656115,-0.006009999,4.8212086,4.92279861,5.19301505,5.61352615,-0.420511097,R011,P00054,S112,S212,4,R059,P68633,S111,S211,6
-1.45,-1.95,0.421621499,0.4156115,-0.006009999,5.66638354,5.76797355,6.03819,6.45870109,-0.420511097,R011,P00054,S112,S212,4,R059,P68633,S111,S211,6
-1.4,-1.95,0.371621499,0.3656115,-0.006009999,6.51155848,6.61314849,6.88336494,7.30387604,-0.420511097,R011,P00054,S112,S212,4,R059,P68633,S111,S211,6
-1.35,-1.95,0.321621499,0.3156115,-0.006009999,7.35673342,7.45832344,7.72853988,8.14905098,-0.420511097,R011,P00054,S112,S212,4,R059,P68633,S111,S211,6
-1.3,-1.95,0.271621499,0.2656115,-0.006009999,8.20190837,8.30349838,8.57371483,8.99422592,-0.420511097,R011,P00054,S112,S212,4,R059,P68633,S111,S211,6
-1.25,-1.95,0.221621499,0.2156115,-0.006009999,9.04708331,9.14867332,9.41888977,9.83940087,-0.420511097,R011,P00054,S112,S212,4,R059,P68633,S111,S211,6
-1.2,-1.95,0.171621499,0.1656115,-0.006009999,9.89225825,9.99384827,10.2640647,10.6845758,-0.420511097,R011,P00054,S112,S212,4,R059,P68633,S111,S211,6
-1.15,-1.95,0.121621499,0.1156115,-0.006009999,10.7374332,10.8390232,11.1092397,11.5297508,-0.420511097,R011,P00054,S112,S212,4,R059,P68633,S111,S211,6
-1.1,-1.95,0.071621499,0.0656115,-0.006009999,11.5826081,11.6841982,11.9544146,12.3749257,-0.420511097,R011,P00054,S112,S212,4,R059,P68633,S111,S211,6
-1.05,-1.95,0.021621499,0.0156115,-0.006009999,12.4277831,12.5293731,12.7995895,13.2201006,-0.420511097,R011,P00054,S112,S212,4,R059,P68633,S111,S211,6
-1,-1.95,0,0,0,12.7932621,12.7932621,13.1650685,13.4839896,-0.318921085,R011,P00054,S000,S000,4,R054,P68422,S000,S000,8
-0.95,-1.95,0,0,0,12.7932621,12.7932621,13.1650685,13.4839896,-0.318921085,R002,P00002,S000,S000,16,R054,P68422,S000,S000,28
-0.9,-1.95,0,0,0,12.7932621,12.7932621,13.1650685,13.4839896,-0.318921085,R002,P00002,S000,S000,25,R028,P22552,S000,S000,56
-0.85,-1.95,0,0,0,12.7932621,12.7932621,13.1650685,13.4839896,-0.318921085,R002,P00002,S000,S000,25,R028,P22552,S000,S000,56
-0.8,-1.95,0,0,0,12.7932621,12.7932621,13.1650685,13.4839896,-0.318921085,R002,P00002,S000,S000,25,R027,P22549,S000,S000,80
-0.75,-1.95,0,0,0,12.7932621,12.7932621,13.1650685,13.4839896,-0.318921085,R002,P00002,S000,S000,25,R027,P22549,S000,S000,80
-0.7,-1.95,0,0,0,12.7932621,12.7932621,13.1650685,13.4839896,-0.318921085,R002,P00002,S000,S000,33,R027,P22549,S000,S000,80
-0.65,-1.95,0,0,0,12.7932621,12.7932621,13.1650685,13.4839896,-0.318921085,R002,P00002,S000,S000,33,R012,P04429,S000,S000,140
-0.6,-1.95,0,0,0,12.7932621,12.7932621,13.1650685,13.4839896,-0.318921085,R002,P00002,S000,S000,52,R012,P04429,S000,S000,140
-0.55,-1.95,0,0,0,12.7932621,12.7932621,13.1650685,13.4839896,-0.318921085,R002,P00002,S000,S000,56,R012,P04429,S000,S000,140
-0.5,-1.95,0,0,0,12.7932621,12.7932621,13.1650685,13.4839896,-0.318921085,R002,P00002,S000,S000,56,R012,P04429,S000,S000,140
-0.45,-1.95,0,0,0,12.7932621,12.7932621,13.1650685,13.4839896,-0.318921085,R002,P00002,S000,S000,56,R012,P04429,S000,S000,182
-0.4,-1.95,0,0,0,12.7932621,12.7932621,13.1650685,13.4839896,-0.318921085,R002,P00002,S000,S000,56,R012,P04429,S000,S000,182
-0.35,-1.95,0,0,0,12.7932621,12.7932621,13.1650685,13.4839896,-0.318921085,R002,P00002,S000,S000,56,R012,P04429,S000,S000,182
-0.3,-1.95,0,0,0,12.7932621,12.7932621,13.1650685,13.4839896,-0.318921085,R002,P00002,S000,S000,56,R010,P03778,S000,S000,520
-0.25,-1.95,0,0,0,12.7932621,12.7932621,13.1650685,13.4839896,-0.318921085,R002,P00002,S000,S000,56,R010,P03778,S000,S000,520
-0.2,-1.95,0,0,0,12.7932621,12.7932621,13.1650685,13.4839896,-0.318921085,R002,P00002,S000,S000,57,R010,P03778,S000,S000,520
-0.15,-1.95,0,0,0,12.7932621,12.7932621,13.1650685,13.4839896,-0.318921085,R002,P00002,S000,S000,66,R010,P03778,S000,S000,520
-0.1,-1.95,0,0,0,12.7932621,12.7932621,13.1650685,13.4839896,-0.318921085,R002,P00002,S000,S000,66,R010,P03778,S000,S000,560
-0.05,-1.95,0,0,0,12.7932621,12.7932621,13.1650685,13.4839896,-0.318921085,R002,P00002,S000,S000,66,R010,P03778,S000,S000,700
0,-1.95,0,0,0,12.7932621,12.7932621,13.1650685,13.4839896,-0.318921085,R002,P00002,S000,S000,66,R010,P03778,S000,S000,700
-4,-1.9,4.68646319,10.7964287,6.10996547,-66.4243631,-169.704157,-66.0525566,-169.01343,102.960873,R012,P00055,S001,S212,1,R022,P08462,S001,S000,16
-3.95,-1.9,4.58646319,10.4964287,5.90996547,-64.7340132,-164.633108,-64.3622067,-163.94238,99.5801735,R012,P00055,S001,S212,1,R022,P08462,S001,S000,16
-3.9,-1.9,4.48646319,10.1964287,5.70996547,-63.0436633,-159.562058,-62.6718568,-158.871331,96.1994737,R012,P00055,S001,S212,1,R022,P08462,S001,S000,16
-3.85,-1.9,4.38646319,9.89642866,5.50996547,-61.3533134,-154.491008,-60.981507,-153.800281,92.8187739,R012,P00055,S001,S212,1,R022,P08462,S001,S000,16
-3.8,-1.9,4.28646319,9.59642866,5.30996547,-59.6629635,-149.419959,-59.2911571,-148.729231,89.4380742,R012,P00055,S001,S212,1,R022,P08462,S001,S000,16
-3.75,-1.9,4.18646319,9.29642866,5.10996547,-57.9726136,-144.348909,-57.6008072,-143.658182,86.0573744,R012,P00055,S001,S212,1,R022,P08462,S001,S000,16
-3.7,-1.9,4.08646319,8.99642866,4.90996547,-56.2822638,-139.277859,-55.9104573,-138.587132,82.6766746,R012,P00055,S001,S212,1,R022,P08462,S001,S000,16
-3.65,-1.9,3.98646319,8.69642866,4.70996547,-54.5919139,-134.20681,-54.2201074,-133.516082,79.2959749,R012,P00055,S001,S212,1,R022,P08462,S001,S000,16
-3.6,-1.9,3.88646319,8.39642866,4.50996547,-52.901564,-129.13576,-52.5297575,-128.445033,75.9152751,R012,P00055,S001,S212,1,R022,P08462,S001,S000,16
-3.55,-1.9,3.78646319,8.09642866,4.30996547,-51.2112141,-124.06471,-50.8394076,-123.373983,72.5345753,R012,P00055,S001,S212,1,R022,P08462,S001,S000,16
-3.5,-1.9,3.68646319,7.79642866,4.10996547,-49.5208642,-118.993661,-49.1490578,-118.302933,69.1538755,R012,P00055,S001,S212,1,R022,P08462,S001,S000,16
-3.45,-1.9,3.58646319,7.49642866,3.90996547,-47.8305143,-113.922611,-47.4587079,-113.231884,65.7731758,R012,P00055,S001,S212,1,R022,P08462,S001,S000,16
-3.4,-1.9,3.48646319,7.19642866,3.70996547,-46.1401644,-108.851562,-45.768358,-108.160834,62.392476,R004,P00007,S001,S212,3,R022,P08462,S001,S000,16
-3.35,-1.9,3.38646319,6.89642866,3.50996547,-44.4498146,-103.780512,-44.0780081,-103.089784,59.0117762,R004,P00007,S001,S212,3,R022,P08462,S001,S000,16
-3.3,-1.9,3.28646319,6.59642866,3.30996547,-42.7594647,-98.7094622,-42.3876582,-98.0187347,55.6310764,R004,P00007,S001,S212,3,R022,P08462,S001,S000,16
-3.25,-1.9,3.18646319,6.29642866,3.10996547,-41.0691148,-93.6384125,-40.6973083,-92.947685,52.2503767,R004,P00007,S001,S212,3,R024,P08505,S001,S000,10
-3.2,-1.9,3.084292,5.99642866,2.91213666,-39.3420642,-88.5673629,-38.9702578,-87.8766353,48.9063776,R021,P00210,S112,S110,1,R025,P08508,S001,S000,4
-3.15,-1.9,2.934292,5.69642866,2.76213666,-36.8065394,-83.4963132,-36.434733,-82.8055857,46.3708527,R021,P00210,S112,S110,1,R025,P08508,S001,S000,4
-3.1,-1.9,2.784292,5.39642866,2.61213666,-34.2710146,-78.4252636,-33.8992081,-77.734536,43.8353279,R021,P00210,S112,S110,1,R029,P24279,S001,S000,2
-3.05,-1.9,2.66924319,5.09642866,2.42718547,-32.3262871,-73.3542139,-31.9544806,-72.6634864,40.7090057,R021,P00210,S000,S212,1,R029,P24279,S001,S000,2
-3,-1.9,2.56924319,4.79642866,2.22718547,-30.6359372,-68.2831643,-30.2641308,-67.5924367,37.328306,R021,P00210,S000,S212,1,R029,P24279,S001,S000,2
-2.95,-1.9,2.46924319,4.49642866,2.02718547,-28.9455873,-63.2121146,-28.5737809,-62.5213871,33.9476062,R021,P00210,S000,S212,1,R029,P24279,S001,S000,2
-2.9,-1.9,2.36924319,4.19642866,1.82718547,-27.2552374,-58.1410649,-26.883431,-57.4503374,30.5669064,R021,P00210,S000,S212,1,R029,P24279,S001,S000,2
-2.85,-1.9,2.26924319,3.89642866,1.62718547,-25.5648876,-53.0700153,-25.1930811,-52.3792877,27.1862066,R021,P00210,S000,S212,1,R029,P24279,S001,S000,2
-2.8,-1.9,2.16924319,3.60740866,1.43816547,-23.8745377,-48.184566,-23.5027312,-47.4938385,23.9911073,R021,P00210,S000,S212,1,R061,P68636,S212,S211,2
-2.75,-1.9,2.06924319,3.30740866,1.23816547,-22.1841878,-43.1135164,-21.8123813,-42.4227888,20.6104075,R021,P00210,S000,S212,1,R061,P68636,S212,S211,2
-2.7,-1.9,1.96924319,3.00740866,1.03816547,-20.4938379,-38.0424667,-20.1220314,-37.3517392,17.2297077,R021,P00210,S000,S212,1,R061,P68636,S212,S211,2
-2.65,-1.9,1.86924319,2.70740866,0.838165469,-18.803488,-32.9714171,-18.4316816,-32.2806895,13.849008,R021,P00210,S000,S212,1,R061,P68636,S212,S211,1
-2.6,-1.9,1.76924319,2.40740866,0.638165469,-17.1131381,-27.9003674,-16.7413317,-27.2096399,10.4683082,R021,P00210,S000,S212,1,R061,P68636,S212,S211,1
-2.55,-1.9,1.66924319,2.12567022,0.456427031,-15.4227882,-23.138002,-15.0509818,-22.4472745,7.39629271,R021,P00210,S000,S212,1,R061,P68636,S212,S533,1
-2.5,-1.9,1.56924319,1.97567022,0.406427031,-13.7324384,-20.6024772,-13.3606319,-19.9117497,6.55111777,R021,P00210,S000,S212,1,R061,P68636,S212,S533,1
-2.45,-1.9,1.46924319,1.75521519,0.285972,-12.0420885,-16.8760158,-11.670282,-16.1852883,4.51500629,R021,P00210,S000,S212,1,R062,P68642,S544,S432,1
-2.4,-1.9,1.3716215,1.6142905,0.242669,-10.3919404,-14.4938955,-10.0201339,-13.803168,3.78303408,R021,P00210,S112,S212,1,R062,P68642,S212,S432,1
-2.35,-1.9,1.3216215,1.5142905,0.192669,-9.54676544,-12.8035457,-9.17495898,-12.1128181,2.93785914,R021,P00210,S112,S212,1,R062,P68642,S212,S432,1
-2.3,-1.9,1.2716215,1.4142905,0.142669,-8.70159049,-11.1131958,-8.32978403,-10.4224682,2.09268419,R021,P00210,S112,S212,1,R060,P68634,S212,S432,4
-2.25,-1.9,1.2216215,1.3142905,0.092669,-7.85641555,-9.42284589,-7.48460909,-8.73211834,1.24750925,R012,P00055,S112,S212,2,R060,P68634,S212,S432,4
-2.2,-1.9,1.1716215,1.2142905,0.042669,-7.01124061,-7.732496,-6.63943415,-7.04176846,0.402334308,R012,P00055,S112,S212,2,R062,P68642,S212,S432,1
-2.15,-1.9,1.1216215,1.1156115,-0.006009999,-6.16606566,-6.06447565,-5.79425921,-5.37374811,-0.420511097,R012,P00055,S112,S212,2,R062,P68642,S111,S211,1
-2.1,-1.9,1.0716215,1.0656115,-0.006009999,-5.32089072,-5.21930071,-4.94908426,-4.52857317,-0.420511097,R012,P00055,S112,S212,2,R062,P68642,S111,S211,1
-2.05,-1.9,1.0216215,1.0156115,-0.006009999,-4.47571578,-4.37412577,-4.10390932,-3.68339822,-0.420511097,R012,P00055,S112,S212,2,R062,P68642,S111,S211,1
-2,-1.9,0.971621499,0.9656115,-0.006009999,-3.63054083,-3.52895082,-3.25873438,-2.83822328,-0.420511097,R012,P00055,S112,S212,2,R059,P68633,S111,S211,3
-1.95,-1.9,0.921621499,0.9156115,-0.006009999,-2.78536589,-2.68377588,-2.41355943,-1.99304834,-0.420511097,R012,P00055,S112,S212,2,R059,P68633,S111,S211,3
-1.9,-1.9,0.871621499,0.8656115,-0.006009999,-1.94019095,-1.83860094,-1.56838449,-1.14787339,-0.420511097,R011,P00054,S112,S212,4,R059,P68633,S111,S211,3
-1.85,-1.9,0.821621499,0.8156115,-0.006009999,-1.09501601,-0.993425994,-0.723209547,-0.30269845,-0.420511097,R011,P00054,S112,S212,4,R059,P68633,S111,S211,3
-1.8,-1.9,0.771621499,0.7656115,-0.006009999,-0.249841062,-0.148251051,0.121965396,0.542476493,-0.420511097,R011,P00054,S112,S212,4,R059,P68633,S111,S211,3
-1.75,-1.9,0.721621499,0.7156115,-0.006009999,0.595333881,0.696923892,0.967140339,1.38765144,-0.420511097,R011,P00054,S112,S212,4,R059,P68633,S111,S211,3
-1.7,-1.9,0.671621499,0.6656115,-0.006009999,1.44050882,1.54209883,1.81231528,2.23282638,-0.420511097,R011,P00054,S112,S212,4,R059,P68633,S111,S211,3
-1.65,-1.9,0.621621499,0.6156115,-0.006009999,2.28568377,2.38727378,2.65749023,3.07800132,-0.420511097,R011,P00054,S112,S212,4,R059,P68633,S111,S211,6
-1.6,-1.9,0.571621499,0.5656115,-0.006009999,3.13085871,3.23244872,3.50266517,3.92317626,-0.420511097,R011,P00054,S112,S212,4,R059,P68633,S111,S211,6
-1.55,-1.9,0.521621499,0.5156115,-0.006009999,3.97603365,4.07762366,4.34784011,4.76835121,-0.420511097,R011,P00054,S112,S212,4,R059,P68633,S111,S211,6
-1.5,-1.9,0.471621499,0.4656115,-0.006009999,4.8212086,4.92279861,5.19301505,5.61352615,-0.420511097,R011,P00054,S112,S212,4,R059,P68633,S111,S211,6
-1.45,-1.9,0.421621499,0.4156115,-0.006009999,5.66638354,5.76797355,6.03819,6.45870109,-0.420511097,R011,P00054,S112,S212,4,R059,P68633,S111,S211,6
-1.4,-1.9,0.371621499,0.3656115,-0.006009999,6.51155848,6.61314849,6.88336494,7.30387604,-0.420511097,R011,P00054,S112,S212,4,R059,P68633,S111,S211,6
-1.35,-1.9,0.321621499,0.3156115,-0.006009999,7.35673342,7.45832344,7.72853988,8.14905098,-0.420511097,R011,P00054,S112,S212,4,R059,P68633,S111,S211,6
-1.3,-1.9,0.271621499,0.2656115,-0.006009999,8.20190837,8.30349838,8.57371483,8.99422592,-0.420511097,R011,P00054,S112,S212,4,R059,P68633,S111,S211,6
-1.25,-1.9,0.221621499,0.2156115,-0.006009999,9.04708331,9.14867332,9.41888977,9.83940087,-0.420511097,R011,P00054,S112,S212,4,R059,P68633,S111,S211,6
-1.2,-1.9,0.171621499,0.1656115,-0.006009999,9.89225825,9.99384827,10.2640647,10.6845758,-0.420511097,R011,P00054,S112,S212,4,R059,P68633,S111,S211,6
-1.15,-1.9,0.121621499,0.1156115,-0.006009999,10.7374332,10.8390232,11.1092397,11.5297508,-0.420511097,R011,P00054,S112,S212,4,R059,P68633,S111,S211,6
-1.1,-1.9,0.071621499,0.0656115,-0.006009999,11.5826081,11.6841982,11.9544146,12.3749257,-0.420511097,R011,P00054,S112,S212,4,R059,P68633,S111,S211,6
-1.05,-1.9,0.021621499,0.0156115,-0.006009999,12.4277831,12.5293731,12.7995895,13.2201006,-0.420511097,R011,P00054,S112,S212,4,R059,P68633,S111,S211,6
-1,-1.9,0,0,0,12.7932621,12.7932621,13.1650685,13.4839896,-0.318921085,R011,P00054,S000,S000,4,R059,P68633,S000,S000,6
-0.95,-1.9,0,0,0,12.7932621,12.7932621,13.1650685,13.4839896,-0.318921085,R002,P00002,S000,S000,14,R054,P68422,S000,S000,16
-0.9,-1.9,0,0,0,12.7932621,12.7932621,13.1650685,13.4839896,-0.318921085,R002,P00002,S000,S000,23,R054,P68422,S000,S000,28
-0.85,-1.9,0,0,0,12.7932621,12.7932621,13.1650685,13.4839896,-0.318921085,R002,P00002,S000,S000,23,R028,P22552,S000,S000,56
-0.8,-1.9,0,0,0,12.7932621,12.7932621,13.1650685,13.4839896,-0.318921085,R002,P00002,S000,S000,23,R027,P22549,S000,S000,80
-0.75,-1.9,0,0,0,12.7932621,12.7932621,13.1650685,13.4839896,-0.318921085,R002,P00002,S000,S000,23,R027,P22549,S000,S000,80
-0.7,-1.9,0,0,0,12.7932621,12.7932621,13.1650685,13.4839896,-0.318921085,R002,P00002,S000,S000,29,R027,P22549,S000,S000,80
-0.65,-1.9,0,0,0,12.7932621,12.7932621,13.1650685,13.4839896,-0.318921085,R002,P00002,S000,S000,29,R012,P04429,S000,S000,140
-0.6,-1.9,0,0,0,12.7932621,12.7932621,13.1650685,13.4839896,-0.318921085,R002,P00002,S000,S000,48,R012,P04429,S000,S000,140
-0.55,-1.9,0,0,0,12.7932621,12.7932621,13.1650685,13.4839896,-0.318921085,R002,P00002,S000,S000,48,R012,P04429,S000,S000,140
-0.5,-1.9,0,0,0,12.7932621,12.7932621,13.1650685,13.4839896,-0.318921085,R002,P00002,S000,S000,52,R012,P04429,S000,S000,140
-0.45,-1.9,0,0,0,12.7932621,12.7932621,13.1650685,13.4839896,-0.318921085,R002,P00002,S000,S000,52,R012,P04429,S000,S000,182
-0.4,-1.9,0,0,0,12.7932621,12.7932621,13.1650685,13.4839896,-0.318921085,R002,P00002,S000,S000,52,R012,P04429,S000,S000,182
-0.35,-1.9,0,0,0,12.7932621,12.7932621,13.1650685,13.4839896,-0.318921085,R002,P00002,S000,S000,52,R012,P04429,S000,S000,182
-0.3,-1.9,0,0,0,12.7932621,12.7932621,13.1650685,13.4839896,-0.318921085,R002,P00002,S000,S000,52,R010,P03778,S000,S000,520
-0.25,-1.9,0,0,0,12.7932621,12.7932621,13.1650685,13.4839896,-0.318921085,R002,P00002,S000,S000,52,R010,P03778,S000,S000,520
-0.2,-1.9,0,0,0,12.7932621,12.7932621,13.1650685,13.4839896,-0.318921085,R002,P00002,S000,S000,53,R010,P03778,S000,S000,520
-0.15,-1.9,0,0,0,12.7932621,12.7932621,13.1650685,13.4839896,-0.318921085,R002,P00002,S000,S000,62,R010,P03778,S000,S000,520
-0.1,-1.9,0,0,0,12.7932621,12.7932621,13.1650685,13.4839896,-0.318921085,R002,P00002,S000,S000,62,R010,P03778,S000,S000,560
-0.05,-1.9,0,0,0,12.7932621,12.7932621,13.1650685,13.4839896,-0.318921085,R002,P00002,S000,S000,62,R010,P03778,S000,S000,700
0,-1.9,0,0,0,12.7932621,12.7932621,13.1650685,13.4839896,-0.318921085,R002,P00002,S000,S000,62,R010,P03778,S000,S000,700
-4,-1.85,4.76146319,11.0714287,6.30996547,-67.6921255,-174.35262,-67.320319,-173.661892,106.341573,R012,P00055,S001,S212,1,R022,P08462,S001,S000,16
-3.95,-1.85,4.66146319,10.7714287,6.10996547,-66.0017756,-169.28157,-65.6299691,-168.590842,102.960873,R012,P00055,S001,S212,1,R022,P08462,S001,S000,16
-3.9,-1.85,4.56146319,10.4714287,5.90996547,-64.3114257,-164.21052,-63.9396193,-163.519793,99.5801735,R012,P00055,S001,S212,1,R022,P08462,S001,S000,16
-3.85,-1.85,4.46146319,10.1714287,5.70996547,-62.6210758,-159.139471,-62.2492694,-158.448743,96.1994737,R012,P00055,S001,S212,1,R022,P08462,S001,S000,16
-3.8,-1.85,4.36146319,9.87142866,5.50996547,-60.9307259,-154.068421,-60.5589195,-153.377693,92.8187739,R012,P00055,S001,S212,1,R022,P08462,S001,S000,16
-3.75,-1.85,4.26146319,9.57142866,5.30996547,-59.2403761,-148.997371,-58.8685696,-148.306644,89.4380742,R012,P00055,S001,S212,1,R022,P08462,S001,S000,16
-3.7,-1.85,4.16146319,9.27142866,5.10996547,-57.5500262,-143.926322,-57.1782197,-143.235594,86.0573744,R012,P00055,S001,S212,1,R022,P08462,S001,S000,16
-3.65,-1.85,4.06146319,8.97142866,4.90996547,-55.8596763,-138.855272,-55.4878698,-138.164544,82.6766746,R012,P00055,S001,S212,1,R022,P08462,S001,S000,16
-3.6,-1.85,3.96146319,8.67142866,4.70996547,-54.1693264,-133.784222,-53.7975199,-133.093495,79.2959749,R012,P00055,S001,S212,1,R022,P08462,S001,S000,16
-3.55,-1.85,3.86146319,8.37142866,4.50996547,-52.4789765,-128.713173,-52.1071701,-128.022445,75.9152751,R012,P00055,S001,S212,1,R022,P08462,S001,S000,16
-3.5,-1.85,3.76146319,8.07142866,4.30996547,-50.7886266,-123.642123,-50.4168202,-122.951395,72.5345753,R012,P00055,S001,S212,1,R022,P08462,S001,S000,16
-3.45,-1.85,3.66146319,7.77142866,4.10996547,-49.0982767,-118.571073,-48.7264703,-117.880346,69.1538755,R012,P00055,S001,S212,1,R022,P08462,S001,S000,16
-3.4,-1.85,3.56146319,7.47142866,3.90996547,-47.4079269,-113.500024,-47.0361204,-112.809296,65.7731758,R012,P00055,S001,S212,1,R022,P08462,S001,S000,16
-3.35,-1.85,3.46146319,7.17142866,3.70996547,-45.717577,-108.428974,-45.3457705,-107.738247,62.392476,R004,P00007,S001,S212,3,R022,P08462,S001,S000,16
-3.3,-1.85,3.36146319,6.87142866,3.50996547,-44.0272271,-103.357924,-43.6554206,-102.667197,59.0117762,R004,P00007,S001,S212,3,R022,P08462,S001,S000,16
-3.25,-1.85,3.26146319,6.57142866,3.30996547,-42.3368772,-98.2868747,-41.9650707,-97.5961472,55.6310764,R004,P00007,S001,S212,3,R022,P08462,S001,S000,16
-3.2,-1.85,3.16146319,6.27142866,3.10996547,-40.6465273,-93.2158251,-40.2747209,-92.5250975,52.2503767,R004,P00007,S001,S212,3,R024,P08505,S001,S000,10
-3.15,-1.85,3.034292,5.97142866,2.93713666,-38.4968893,-88.1447754,-38.1250828,-87.4540479,49.328965,R021,P00210,S112,S110,1,R025,P08508,S001,S000,4
-3.1,-1.85,2.884292,5.67142866,2.78713666,-35.9613645,-83.0737258,-35.589558,-82.3829982,46.7934402,R021,P00210,S112,S110,1,R025,P08508,S001,S000,4
-3.05,-1.85,2.76924319,5.37142866,2.60218547,-34.016637,-78.0026761,-33.6448305,-77.3119486,43.667118,R021,P00210,S000,S212,1,R029,P24279,S001,S000,2
-3,-1.85,2.66924319,5.07142866,2.40218547,-32.3262871,-72.9316264,-31.9544806,-72.2408989,40.2864183,R021,P00210,S000,S212,1,R029,P24279,S001,S000,2
-2.95,-1.85,2.56924319,4.77142866,2.20218547,-30.6359372,-67.8605768,-30.2641308,-67.1698492,36.9057185,R021,P00210,S000,S212,1,R029,P24279,S001,S000,2
-2.9,-1.85,2.46924319,4.47142866,2.00218547,-28.9455873,-62.7895271,-28.5737809,-62.0987996,33.5250187,R021,P00210,S000,S212,1,R029,P24279,S001,S000,2
-2.85,-1.85,2.36924319,4.17142866,1.80218547,-27.2552374,-57.7184775,-26.883431,-57.0277499,30.1443189,R021,P00210,S000,S212,1,R029,P24279,S001,S000,2
-2.8,-1.85,2.26924319,3.87142866,1.60218547,-25.5648876,-52.6474278,-25.1930811,-51.9567003,26.7636192,R021,P00210,S000,S212,1,R029,P24279,S001,S000,2
-2.75,-1.85,2.16924319,3.58240866,1.41316547,-23.8745377,-47.7619786,-23.5027312,-47.071251,23.5685198,R021,P00210,S000,S212,1,R061,P68636,S212,S211,2
-2.7,-1.85,2.06924319,3.28240866,1.21316547,-22.1841878,-42.6909289,-21.8123813,-42.0002014,20.18782,R021,P00210,S000,S212,1,R061,P68636,S212,S211,2
-2.65,-1.85,1.96924319,2.98240866,1.01316547,-20.4938379,-37.6198793,-20.1220314,-36.9291517,16.8071203,R021,P00210,S000,S212,1,R061,P68636,S212,S211,2
-2.6,-1.85,1.86924319,2.68240866,0.813165469,-18.803488,-32.5488296,-18.4316816,-31.858102,13.4264205,R021,P00210,S000,S212,1,R061,P68636,S212,S211,1
-2.55,-1.85,1.76924319,2.38240866,0.613165469,-17.1131381,-27.4777799,-16.7413317,-26.7870524,10.0457207,R021,P00210,S000,S212,1,R061,P68636,S212,S211,1
-2.5,-1.85,1.66924319,2.10067022,0.431427031,-15.4227882,-22.7154146,-15.0509818,-22.024687,6.97370524,R021,P00210,S000,S212,1,R061,P68636,S212,S533,1
-2.45,-1.85,1.56924319,1.95067022,0.381427031,-13.7324384,-20.1798897,-13.3606319,-19.4891622,6.1285303,R021,P00210,S000,S212,1,R061,P68636,S212,S533,1
-2.4,-1.85,1.46924319,1.7142905,0.245047312,-12.0420885,-16.1842454,-11.670282,-15.4935179,3.82323587,R021,P00210,S000,S212,1,R062,P68642,S212,S432,1
-2.35,-1.85,1.36924319,1.6142905,0.245047312,-10.3517386,-14.4938955,-9.97993213,-13.803168,3.82323587,R021,P00210,S000,S212,1,R062,P68642,S212,S432,1
-2.3,-1.85,1.2716215,1.5142905,0.242669,-8.70159049,-12.8035457,-8.32978403,-12.1128181,3.78303408,R021,P00210,S112,S212,1,R060,P68634,S212,S432,4
-2.25,-1.85,1.2216215,1.4142905,0.192669,-7.85641555,-11.1131958,-7.48460909,-10.4224682,2.93785914,R021,P00210,S112,S212,1,R060,P68634,S212,S432,4
-2.2,-1.85,1.1716215,1.3142905,0.142669,-7.01124061,-9.42284589,-6.63943415,-8.73211834,2.09268419,R012,P00055,S112,S212,2,R060,P68634,S212,S432,4
-2.15,-1.85,1.1216215,1.2142905,0.092669,-6.16606566,-7.732496,-5.79425921,-7.04176846,1.24750925,R012,P00055,S112,S212,2,R060,P68634,S212,S432,4
-2.1,-1.85,1.0716215,1.1142905,0.042669,-5.32089072,-6.04214611,-4.94908426,-5.35141857,0.402334308,R012,P00055,S112,S212,2,R062,P68642,S212,S432,1
-2.05,-1.85,1.0216215,1.01895525,-0.00266625,-4.47571578,-4.43064682,-4.10390932,-3.73991928,-0.363990039,R012,P00055,S112,S212,2,R062,P68642,S322,S432,1
-2,-1.85,0.971621499,0.968955249,-0.00266625,-3.63054083,-3.58547188,-3.25873438,-2.89474434,-0.363990039,R012,P00055,S112,S212,2,R059,P68633,S322,S432,2
-1.95,-1.85,0.921621499,0.918955249,-0.00266625,-2.78536589,-2.74029694,-2.41355943,-2.04956939,-0.363990039,R012,P00055,S112,S212,2,R059,P68633,S322,S432,2
-1.9,-1.85,0.871621499,0.868955249,-0.00266625,-1.94019095,-1.89512199,-1.56838449,-1.20439445,-0.363990039,R011,P00054,S112,S212,4,R059,P68633,S322,S432,3
-1.85,-1.85,0.821621499,0.818955249,-0.00266625,-1.09501601,-1.04994705,-0.723209547,-0.359219508,-0.363990039,R011,P00054,S112,S212,4,R059,P68633,S322,S432,3
-1.8,-1.85,0.771621499,0.768955249,-0.00266625,-0.249841062,-0.204772109,0.121965396,0.485955435,-0.363990039,R011,P00054,S112,S212,4,R059,P68633,S322,S432,3
-1.75,-1.85,0.721621499,0.718955249,-0.00266625,0.595333881,0.640402835,0.967140339,1.33113038,-0.363990039,R011,P00054,S112,S212,4,R059,P68633,S322,S432,3
-1.7,-1.85,0.671621499,0.668955249,-0.00266625,1.44050882,1.48557778,1.81231528,2.17630532,-0.363990039,R011,P00054,S112,S212,4,R059,P68633,S322,S432,3
-1.65,-1.85,0.621621499,0.618955249,-0.00266625,2.28568377,2.33075272,2.65749023,3.02148026,-0.363990039,R011,P00054,S112,S212,4,R059,P68633,S322,S432,3
-1.6,-1.85,0.571621499,0.568955249,-0.00266625,3.13085871,3.17592766,3.50266517,3.86665521,-0.363990039,R011,P00054,S112,S212,4,R059,P68633,S322,S432,6
-1.55,-1.85,0.521621499,0.518955249,-0.00266625,3.97603365,4.02110261,4.34784011,4.71183015,-0.363990039,R011,P00054,S112,S212,4,R059,P68633,S322,S432,6
-1.5,-1.85,0.471621499,0.468955249,-0.00266625,4.8212086,4.86627755,5.19301505,5.55700509,-0.363990039,R011,P00054,S112,S212,4,R059,P68633,S322,S432,6
-1.45,-1.85,0.421621499,0.418955249,-0.00266625,5.66638354,5.71145249,6.03819,6.40218004,-0.363990039,R011,P00054,S112,S212,4,R059,P68633,S322,S432,6
-1.4,-1.85,0.371621499,0.368955249,-0.00266625,6.51155848,6.55662744,6.88336494,7.24735498,-0.363990039,R011,P00054,S112,S212,4,R059,P68633,S322,S432,6
-1.35,-1.85,0.321621499,0.318955249,-0.00266625,7.35673342,7.40180238,7.72853988,8.09252992,-0.363990039,R011,P00054,S112,S212,4,R059,P68633,S322,S432,6
-1.3,-1.85,0.271621499,0.268955249,-0.00266625,8.20190837,8.24697732,8.57371483,8.93770487,-0.363990039,R011,P00054,S112,S212,4,R059,P68633,S322,S432,6
-1.25,-1.85,0.221621499,0.218955249,-0.00266625,9.04708331,9.09215226,9.41888977,9.78287981,-0.363990039,R011,P00054,S112,S212,4,R059,P68633,S322,S432,6
-1.2,-1.85,0.171621499,0.168955249,-0.00266625,9.89225825,9.93732721,10.2640647,10.6280548,-0.363990039,R011,P00054,S112,S212,4,R059,P68633,S322,S432,6
-1.15,-1.85,0.121621499,0.118955249,-0.00266625,10.7374332,10.7825022,11.1092397,11.4732297,-0.363990039,R011,P00054,S112,S212,4,R059,P68633,S322,S432,6
-1.1,-1.85,0.071621499,0.068955249,-0.00266625,11.5826081,11.6276771,11.9544146,12.3184046,-0.363990039,R011,P00054,S112,S212,4,R059,P68633,S322,S432,6
-1.05,-1.85,0.021621499,0.018955249,-0.00266625,12.4277831,12.472852,12.7995895,13.1635796,-0.363990039,R011,P00054,S112,S212,4,R059,P68633,S322,S432,6
-1,-1.85,0,0,0,12.7932621,12.7932621,13.1650685,13.4839896,-0.318921085,R011,P00054,S000,S000,4,R059,P68633,S000,S000,6
-0.95,-1.85,0,0,0,12.7932621,12.7932621,13.1650685,13.4839896,-0.318921085,R002,P00002,S000,S000,14,R059,P68633,S000,S000,14
-0.9,-1.85,0,0,0,12.7932621,12.7932621,13.1650685,13.4839896,-0.318921085,R002,P00002,S000,S000,23,R054,P68422,S000,S000,16
-0.85,-1.85,0,0,0,12.7932621,12.7932621,13.1650685,13.4839896,-0.318921085,R002,P00002,S000,S000,23,R054,P68422,S000,S000,28
-0.8,-1.85,0,0,0,12.7932621,12.7932621,13.1650685,13.4839896,-0.318921085,R002,P00002,S000,S000,23,R027,P22549,S000,S000,80
-0.75,-1.85,0,0,0,12.7932621,12.7932621,13.1650685,13.4839896,-0.318921085,R002,P00002,S000,S000,23,R027,P22549,S000,S000,80
-0.7,-1.85,0,0,0,12.7932621,12.7932621,13.1650685,13.4839896,-0.318921085,R002,P00002,S000,S000,29,R027,P22549,S000,S000,80
-0.65,-1.85,0,0,0,12.7932621,12.7932621,13.1650685,13.4839896,-0.318921085,R002,P00002,S000,S000,29,R012,P04429,S000,S000,140
-0.6,-1.85,0,0,0,12.7932621,12.7932621,13.1650685,13.4839896,-0.318921085,R002,P00002,S000,S000,48,R012,P04429,S000,S000,140
-0.55,-1.85,0,0,0,12.7932621,12.7932621,13.1650685,13.4839896,-0.318921085,R002,P00002,S000,S000,48,R012,P04429,S000,S000,140
-0.5,-1.85,0,0,0,12.7932621,12.7932621,13.1650685,13.4839896,-0.318921085,R002,P00002,S000,S000,48,R012,P04429,S000,S000,140
-0.45,-1.85,0,0,0,12.7932621,12.7932621,13.1650685,13.4839896,-0.318921085,R002,P00002,S000,S000,52,R012,P04429,S000,S000,182
-0.4,-1.85,0,0,0,12.7932621,12.7932621,13.1650685,13.4839896,-0.318921085,R002,P00002,S000,S000,52,R012,P04429,S000,S000,182
-0.35,-1.85,0,0,0,12.7932621,12.7932621,13.1650685,13.4839896,-0.318921085,R002,P00002,S000,S000,52,R012,P04429,S000,S000,182
-0.3,-1.85,0,0,0,12.7932621,12.7932621,13.1650685,13.4839896,-0.318921085,R002,P00002,S000,S000,52,R010,P03778,S000,S000,520
-0.25,-1.85,0,0,0,12.7932621,12.7932621,13.1650685,13.4839896,-0.318921085,R002,P00002,S000,S000,52,R010,P03778,S000,S000,520
-0.2,-1.85,0,0,0,12.7932621,12.7932621,13.1650685,13.4839896,-0.318921085,R002,P00002,S000,S000,53,R010,P03778,S000,S000,520
-0.15,-1.85,0,0,0,12.7932621,12.7932621,13.1650685,13.4839896,-0.318921085,R002,P00002,S000,S000,62,R010,P03778,S000,S000,520
-0.1,-1.85,0,0,0,12.7932621,12.7932621,13.1650685,13.4839896,-0.318921085,R002,P00002,S000,S000,62,R010,P03778,S000,S000,560
-0.05,-1.85,0,0,0,12.7932621,12.7932621,13.1650685,13.4839896,-0.318921085,R002,P00002,S000,S000,62,R010,P03778,S000,S000,700
0,-1.85,0,0,0,12.7932621,12.7932621,13.1650685,13.4839896,-0.318921085,R002,P00002,S000,S000,62,R010,P03778,S000,S000,700
-4,-1.8,4.83646319,11.3464287,6.50996547,-68.9598879,-179.001082,-68.5880814,-178.310354,109.722273,R012,P00055,S001,S212,1,R022,P08462,S001,S000,24
-3.95,-1.8,4.73646319,11.0464287,6.30996547,-67.269538,-173.930032,-66.8977316,-173.239305,106.341573,R012,P00055,S001,S212,1,R022,P08462,S001,S000,16
-3.9,-1.8,4.63646319,10.7464287,6.10996547,-65.5791881,-168.858982,-65.2073817,-168.168255,102.960873,R012,P00055,S001,S212,1,R022,P08462,S001,S000,16
-3.85,-1.8,4.53646319,10.4464287,5.90996547,-63.8888382,-163.787933,-63.5170318,-163.097205,99.5801735,R012,P00055,S001,S212,1,R022,P08462,S001,S000,16
-3.8,-1.8,4.43646319,10.1464287,5.70996547,-62.1984884,-158.716883,-61.8266819,-158.026156,96.1994737,R012,P00055,S001,S212,1,R022,P08462,S001,S000,16
-3.75,-1.8,4.33646319,9.84642866,5.50996547,-60.5081385,-153.645834,-60.136332,-152.955106,92.8187739,R012,P00055,S001,S212,1,R022,P08462,S001,S000,16
-3.7,-1.8,4.23646319,9.54642866,5.30996547,-58.8177886,-148.574784,-58.4459821,-147.884056,89.4380742,R012,P00055,S001,S212,1,R022,P08462,S001,S000,16
-3.65,-1.8,4.13646319,9.24642866,5.10996547,-57.1274387,-143.503734,-56.7556322,-142.813007,86.0573744,R012,P00055,S001,S212,1,R022,P08462,S001,S000,16
-3.6,-1.8,4.03646319,8.94642866,4.90996547,-55.4370888,-138.432685,-55.0652824,-137.741957,82.6766746,R012,P00055,S001,S212,1,R022,P08462,S001,S000,16
-3.55,-1.8,3.93646319,8.64642866,4.70996547,-53.7467389,-133.361635,-53.3749325,-132.670907,79.2959749,R012,P00055,S001,S212,1,R022,P08462,S001,S000,16
-3.5,-1.8,3.83646319,8.34642866,4.50996547,-52.056389,-128.290585,-51.6845826,-127.599858,75.9152751,R012,P00055,S001,S212,1,R022,P08462,S001,S000,16
-3.45,-1.8,3.73646319,8.04642866,4.30996547,-50.3660392,-123.219536,-49.9942327,-122.528808,72.5345753,R012,P00055,S001,S212,1,R022,P08462,S001,S000,16
-3.4,-1.8,3.63646319,7.74642866,4.10996547,-48.6756893,-118.148486,-48.3038828,-117.457758,69.1538755,R012,P00055,S001,S212,1,R022,P08462,S001,S000,16
-3.35,-1.8,3.53646319,7.44642866,3.90996547,-46.9853394,-113.077436,-46.6135329,-112.386709,65.7731758,R012,P00055,S001,S212,1,R022,P08462,S001,S000,16
-3.3,-1.8,3.43646319,7.14642866,3.70996547,-45.2949895,-108.006387,-44.923183,-107.315659,62.392476,R004,P00007,S001,S212,3,R022,P08462,S001,S000,16
-3.25,-1.8,3.33646319,6.84642866,3.50996547,-43.6046396,-102.935337,-43.2328332,-102.244609,59.0117762,R004,P00007,S001,S212,3,R022,P08462,S001,S000,16
-3.2,-1.8,3.23646319,6.54642866,3.30996547,-41.9142897,-97.8642873,-41.5424833,-97.1735597,55.6310764,R004,P00007,S001,S212,3,R022,P08462,S001,S000,16
-3.15,-1.8,3.134292,6.24642866,3.11213666,-40.1872392,-92.7932376,-39.8154327,-92.1025101,52.2870773,R021,P00210,S112,S110,1,R022,P08462,S001,S000,16
-3.1,-1.8,2.984292,5.94642866,2.96213666,-37.6517144,-87.7221879,-37.2799079,-87.0314604,49.7515525,R021,P00210,S112,S110,1,R025,P08508,S001,S000,4
-3.05,-1.8,2.86924319,5.64642866,2.77718547,-35.7069869,-82.6511383,-35.3351804,-81.9604107,46.6252303,R021,P00210,S000,S212,1,R025,P08508,S001,S000,4
-3,-1.8,2.76924319,5.34642866,2.57718547,-34.016637,-77.5800886,-33.6448305,-76.8893611,43.2445306,R021,P00210,S000,S212,1,R029,P24279,S001,S000,2
-2.95,-1.8,2.66924319,5.04642866,2.37718547,-32.3262871,-72.509039,-31.9544806,-71.8183114,39.8638308,R021,P00210,S000,S212,1,R029,P24279,S001,S000,2
-2.9,-1.8,2.56924319,4.74642866,2.17718547,-30.6359372,-67.4379893,-30.2641308,-66.7472618,36.483131,R021,P00210,S000,S212,1,R029,P24279,S001,S000,2
-2.85,-1.8,2.46924319,4.44642866,1.97718547,-28.9455873,-62.3669397,-28.5737809,-61.6762121,33.1024312,R021,P00210,S000,S212,1,R029,P24279,S001,S000,2
-2.8,-1.8,2.36924319,4.14642866,1.77718547,-27.2552374,-57.29589,-26.883431,-56.6051625,29.7217315,R021,P00210,S000,S212,1,R029,P24279,S001,S000,2
-2.75,-1.8,2.26924319,3.84642866,1.57718547,-25.5648876,-52.2248403,-25.1930811,-51.5341128,26.3410317,R021,P00210,S000,S212,1,R029,P24279,S001,S000,2
-2.7,-1.8,2.16924319,3.55740866,1.38816547,-23.8745377,-47.3393911,-23.5027312,-46.6486636,23.1459323,R021,P00210,S000,S212,1,R061,P68636,S212,S211,2
-2.65,-1.8,2.06924319,3.25740866,1.18816547,-22.1841878,-42.2683414,-21.8123813,-41.5776139,19.7652326,R021,P00210,S000,S212,1,R061,P68636,S212,S211,2
-2.6,-1.8,1.96924319,2.95740866,0.988165469,-20.4938379,-37.1972918,-20.1220314,-36.5065642,16.3845328,R021,P00210,S000,S212,1,R061,P68636,S212,S211,2
-2.55,-1.8,1.86924319,2.65740866,0.788165469,-18.803488,-32.1262421,-18.4316816,-31.4355146,13.003833,R021,P00210,S000,S212,1,R061,P68636,S212,S211,2
-2.5,-1.8,1.76924319,2.35740866,0.588165469,-17.1131381,-27.0551925,-16.7413317,-26.3644649,9.62313325,R021,P00210,S000,S212,1,R061,P68636,S212,S211,1
-2.45,-1.8,1.66924319,2.07567022,0.406427031,-15.4227882,-22.2928271,-15.0509818,-21.6020996,6.55111777,R021,P00210,S000,S212,1,R061,P68636,S212,S533,1
-2.4,-1.8,1.56924319,1.90521519,0.335972,-13.7324384,-19.4115407,-13.3606319,-18.7208131,5.36018123,R021,P00210,S000,S212,1,R062,P68642,S544,S432,1
-2.35,-1.8,1.46924319,1.7142905,0.245047312,-12.0420885,-16.1842454,-11.670282,-15.4935179,3.82323587,R021,P00210,S000,S212,1,R062,P68642,S212,S432,1
-2.3,-1.8,1.36924319,1.6142905,0.245047312,-10.3517386,-14.4938955,-9.97993213,-13.803168,3.82323587,R021,P00210,S000,S212,1,R062,P68642,S212,S432,1
-2.25,-1.8,1.26924319,1.5142905,0.245047312,-8.6613887,-12.8035457,-8.28958224,-12.1128181,3.82323587,R021,P00210,S000,S212,1,R060,P68634,S212,S432,4
-2.2,-1.8,1.1716215,1.4142905,0.242669,-7.01124061,-11.1131958,-6.63943415,-10.4224682,3.78303408,R021,P00210,S112,S212,1,R060,P68634,S212,S432,4
-2.15,-1.8,1.1216215,1.3142905,0.192669,-6.16606566,-9.42284589,-5.79425921,-8.73211834,2.93785914,R021,P00210,S112,S212,1,R060,P68634,S212,S432,4
-2.1,-1.8,1.0716215,1.2142905,0.142669,-5.32089072,-7.732496,-4.94908426,-7.04176846,2.09268419,R012,P00055,S112,S212,2,R060,P68634,S212,S432,4
-2.05,-1.8,1.0216215,1.1142905,0.092669,-4.47571578,-6.04214611,-4.10390932,-5.35141857,1.24750925,R012,P00055,S112,S212,2,R060,P68634,S212,S432,4
-2,-1.8,0.971621499,1.01895525,0.04733375,-3.63054083,-4.43064682,-3.25873438,-3.73991928,0.481184904,R012,P00055,S112,S212,2,R062,P68642,S322,S432,1
-1.95,-1.8,0.921621499,0.968955249,0.04733375,-2.78536589,-3.58547188,-2.41355943,-2.89474434,0.481184904,R012,P00055,S112,S212,2,R059,P68633,S322,S432,2
-1.9,-1.8,0.871621499,0.918955249,0.04733375,-1.94019095,-2.74029694,-1.56838449,-2.04956939,0.481184904,R011,P00054,S112,S212,4,R059,P68633,S322,S432,2
-1.85,-1.8,0.821621499,0.868955249,0.04733375,-1.09501601,-1.89512199,-0.723209547,-1.20439445,0.481184904,R011,P00054,S112,S212,4,R059,P68633,S322,S432,3
-1.8,-1.8,0.771621499,0.818955249,0.04733375,-0.249841062,-1.04994705,0.121965396,-0.359219508,0.481184904,R011,P00054,S112,S212,4,R059,P68633,S322,S432,3
-1.75,-1.8,0.721621499,0.768955249,0.04733375,0.595333881,-0.204772109,0.967140339,0.485955435,0.481184904,R011,P00054,S112,S212,4,R059,P68633,S322,S432,3
-1.7,-1.8,0.671621499,0.718955249,0.04733375,1.44050882,0.640402835,1.81231528,1.33113038,0.481184904,R011,P00054,S112,S212,4,R059,P68633,S322,S432,3
-1.65,-1.8,0.621621499,0.668955249,0.04733375,2.28568377,1.48557778,2.65749023,2.17630532,0.481184904,R011,P00054,S112,S212,4,R059,P68633,S322,S432,3
-1.6,-1.8,0.571621499,0.618955249,0.04733375,3.13085871,2.33075272,3.50266517,3.02148026,0.481184904,R011,P00054,S112,S212,4,R059,P68633,S322,S432,6
-1.55,-1.8,0.521621499,0.568955249,0.04733375,3.97603365,3.17592766,4.34784011,3.86665521,0.481184904,R011,P00054,S112,S212,4,R059,P68633,S322,S432,6
-1.5,-1.8,0.471621499,0.518955249,0.04733375,4.8212086,4.02110261,5.19301505,4.71183015,0.481184904,R011,P00054,S112,S212,4,R059,P68633,S322,S432,6
-1.45,-1.8,0.421621499,0.468955249,0.04733375,5.66638354,4.86627755,6.03819,5.55700509,0.481184904,R011,P00054,S112,S212,4,R059,P68633,S322,S432,6
-1.4,-1.8,0.371621499,0.418955249,0.04733375,6.51155848,5.71145249,6.88336494,6.40218004,0.481184904,R011,P00054,S112,S212,4,R059,P68633,S322,S432,6
-1.35,-1.8,0.321621499,0.368955249,0.04733375,7.35673342,6.55662744,7.72853988,7.24735498,0.481184904,R011,P00054,S112,S212,4,R059,P68633,S322,S432,6
-1.3,-1.8,0.271621499,0.318955249,0.04733375,8.20190837,7.40180238,8.57371483,8.09252992,0.481184904,R011,P00054,S112,S212,4,R059,P68633,S322,S432,6
-1.25,-1.8,0.221621499,0.268955249,0.04733375,9.04708331,8.24697732,9.41888977,8.93770487,0.481184904,R011,P00054,S112,S212,4,R059,P68633,S322,S432,6
-1.2,-1.8,0.171621499,0.218955249,0.04733375,9.89225825,9.09215226,10.2640647,9.78287981,0.481184904,R011,P00054,S112,S212,4,R059,P68633,S322,S432,6
-1.15,-1.8,0.121621499,0.168955249,0.04733375,10.7374332,9.93732721,11.1092397,10.6280548,0.481184904,R011,P00054,S112,S212,4,R059,P68633,S322,S432,6
-1.1,-1.8,0.071621499,0.118955249,0.04733375,11.5826081,10.7825022,11.9544146,11.4732297,0.481184904,R011,P00054,S112,S212,4,R059,P68633,S322,S432,6
-1.05,-1.8,0.021621499,0.068955249,0.04733375,12.4277831,11.6276771,12.7995895,12.3184046,0.481184904,R011,P00054,S112,S212,4,R059,P68633,S322,S432,6
-1,-1.8,0,0.018955249,0.018955249,12.7932621,12.472852,13.1650685,13.1635796,0.00148894451,R011,P00054,S000,S000,4,R059,P68633,S322,S432,6
-0.95,-1.8,0,0,0,12.7932621,12.7932621,13.1650685,13.4839896,-0.318921085,R002,P00002,S000,S000,14,R059,P68633,S000,S000,14
-0.9,-1.8,0,0,0,12.7932621,12.7932621,13.1650685,13.4839896,-0.318921085,R002,P00002,S000,S000,23,R059,P68633,S000,S000,14
-0.85,-1.8,0,0,0,12.7932621,12.7932621,13.1650685,13.4839896,-0.318921085,R002,P00002,S000,S000,23,R054,P68422,S000,S000,16
-0.8,-1.8,0,0,0,12.7932621,12.7932621,13.1650685,13.4839896,-0.318921085,R002,P00002,S000,S000,23,R053,P68419,S000,S000,40
-0.75,-1.8,0,0,0,12.7932621,12.7932621,13.1650685,13.4839896,-0.318921085,R002,P00002,S000,S000,23,R027,P22549,S000,S000,80
-0.7,-1.8,0,0,0,12.7932621,12.7932621,13.1650685,13.4839896,-0.318921085,R002,P00002,S000,S000,29,R027,P22549,S000,S000,80
-0.65,-1.8,0,0,0,12.7932621,12.7932621,13.1650685,13.4839896,-0.318921085,R002,P00002,S000,S000,29,R012,P04429,S000,S000,140
-0.6,-1.8,0,0,0,12.7932621,12.7932621,13.1650685,13.4839896,-0.318921085,R002,P00002,S000,S000,48,R012,P04429,S000,S000,140
-0.55,-1.8,0,0,0,12.7932621,12.7932621,13.1650685,13.4839896,-0.318921085,R002,P00002,S000,S000,48,R012,P04429,S000,S000,140
-0.5,-1.8,0,0,0,12.7932621,12.7932621,13.1650685,13.4839896,-0.318921085,R002,P00002,S000,S000,48,R012,P04429,S000,S000,140
-0.45,-1.8,0,0,0,12.7932621,12.7932621,13.1650685,13.4839896,-0.318921085,R002,P00002,S000,S000,48,R012,P04429,S000,S000,182
-0.4,-1.8,0,0,0,12.7932621,12.7932621,13.1650685,13.4839896,-0.318921085,R002,P00002,S000,S000,52,R012,P04429,S000,S000,182
-0.35,-1.8,0,0,0,12.7932621,12.7932621,13.1650685,13.4839896,-0.318921085,R002,P00002,S000,S000,52,R012,P04429,S000,S000,182
-0.3,-1.8,0,0,0,12.7932621,12.7932621,13.1650685,13.4839896,-0.318921085,R002,P00002,S000,S000,52,R010,P03778,S000,S000,520
-0.25,-1.8,0,0,0,12.7932621,12.7932621,13.1650685,13.4839896,-0.318921085,R002,P00002,S000,S000,52,R010,P03778,S000,S000,520
-0.2,-1.8,0,0,0,12.7932621,12.7932621,13.1650685,13.4839896,-0.318921085,R002,P00002,S000,S000,53,R010,P03778,S000,S000,520
-0.15,-1.8,0,0,0,12.7932621,12.7932621,13.1650685,13.4839896,-0.318921085,R002,P00002,S000,S000,62,R010,P03778,S000,S000,520
-0.1,-1.8,0,0,0,12.7932621,12.7932621,13.1650685,13.4839896,-0.318921085,R002,P00002,S000,S000,62,R010,P03778,S000,S000,560
-0.05,-1.8,0,0,0,12.7932621,12.7932621,13.1650685,13.4839896,-0.318921085,R002,P00002,S000,S000,62,R010,P03778,S000,S000,700
0,-1.8,0,0,0,12.7932621,12.7932621,13.1650685,13.4839896,-0.318921085,R002,P00002,S000,S000,62,R010,P03778,S000,S000,700
-4,-1.75,4.91146319,11.6213652,6.709902,-70.2276503,-183.648471,-69.8558439,-182.957744,113.1019,R012,P00055,S001,S212,1,R067,P70103,S222,S110,12
-3.95,-1.75,4.81146319,11.3214287,6.50996547,-68.5373004,-178.578494,-68.165494,-177.887767,109.722273,R012,P00055,S001,S212,1,R022,P08462,S001,S000,24
-3.9,-1.75,4.71146319,11.0214287,6.30996547,-66.8469505,-173.507445,-66.4751441,-172.816717,106.341573,R012,P00055,S001,S212,1,R022,P08462,S001,S000,24
-3.85,-1.75,4.61146319,10.7214287,6.10996547,-65.1566007,-168.436395,-64.7847942,-167.745667,102.960873,R012,P00055,S001,S212,1,R022,P08462,S001,S000,16
-3.8,-1.75,4.51146319,10.4214287,5.90996547,-63.4662508,-163.365345,-63.0944443,-162.674618,99.5801735,R012,P00055,S001,S212,1,R022,P08462,S001,S000,16
-3.75,-1.75,4.41146319,10.1214287,5.70996547,-61.7759009,-158.294296,-61.4040944,-157.603568,96.1994737,R012,P00055,S001,S212,1,R022,P08462,S001,S000,16
-3.7,-1.75,4.31146319,9.82142866,5.50996547,-60.085551,-153.223246,-59.7137445,-152.532518,92.8187739,R012,P00055,S001,S212,1,R022,P08462,S001,S000,16
-3.65,-1.75,4.21146319,9.52142866,5.30996547,-58.3952011,-148.152196,-58.0233947,-147.461469,89.4380742,R012,P00055,S001,S212,1,R022,P08462,S001,S000,16
-3.6,-1.75,4.11146319,9.22142866,5.10996547,-56.7048512,-143.081147,-56.3330448,-142.390419,86.0573744,R012,P00055,S001,S212,1,R022,P08462,S001,S000,16
-3.55,-1.75,4.01146319,8.92142866,4.90996547,-55.0145013,-138.010097,-54.6426949,-137.31937,82.6766746,R012,P00055,S001,S212,1,R022,P08462,S001,S000,16
-3.5,-1.75,3.91146319,8.62142866,4.70996547,-53.3241515,-132.939047,-52.952345,-132.24832,79.2959749,R012,P00055,S001,S212,1,R022,P08462,S001,S000,16
-3.45,-1.75,3.81146319,8.32142866,4.50996547,-51.6338016,-127.867998,-51.2619951,-127.17727,75.9152751,R012,P00055,S001,S212,1,R022,P08462,S001,S000,16
-3.4,-1.75,3.71146319,8.02142866,4.30996547,-49.9434517,-122.796948,-49.5716452,-122.106221,72.5345753,R012,P00055,S001,S212,1,R022,P08462,S001,S000,16
-3.35,-1.75,3.61146319,7.72142866,4.10996547,-48.2531018,-117.725898,-47.8812953,-117.035171,69.1538755,R012,P00055,S001,S212,1,R022,P08462,S001,S000,16
-3.3,-1.75,3.51146319,7.42142866,3.90996547,-46.5627519,-112.654849,-46.1909455,-111.964121,65.7731758,R012,P00055,S001,S212,1,R022,P08462,S001,S000,16
-3.25,-1.75,3.41146319,7.12142866,3.70996547,-44.872402,-107.583799,-44.5005956,-106.893072,62.392476,R004,P00007,S001,S212,3,R022,P08462,S001,S000,16
-3.2,-1.75,3.31146319,6.82142866,3.50996547,-43.1820521,-102.512749,-42.8102457,-101.822022,59.0117762,R004,P00007,S001,S212,3,R022,P08462,S001,S000,16
-3.15,-1.75,3.21146319,6.52142866,3.30996547,-41.4917023,-97.4416998,-41.1198958,-96.7509722,55.6310764,R004,P00007,S001,S212,3,R022,P08462,S001,S000,16
-3.1,-1.75,3.084292,6.22142866,3.13713666,-39.3420642,-92.3706501,-38.9702578,-91.6799226,52.7096648,R021,P00210,S112,S110,1,R022,P08462,S001,S000,16
-3.05,-1.75,2.96924319,5.92142866,2.95218547,-37.3973368,-87.2996005,-37.0255303,-86.6088729,49.5833426,R021,P00210,S000,S212,1,R025,P08508,S001,S000,4
-3,-1.75,2.86924319,5.62142866,2.75218547,-35.7069869,-82.2285508,-35.3351804,-81.5378233,46.2026429,R021,P00210,S000,S212,1,R025,P08508,S001,S000,4
-2.95,-1.75,2.76924319,5.32142866,2.55218547,-34.016637,-77.1575012,-33.6448305,-76.4667736,42.8219431,R021,P00210,S000,S212,1,R029,P24279,S001,S000,2
-2.9,-1.75,2.66924319,5.02142866,2.35218547,-32.3262871,-72.0864515,-31.9544806,-71.395724,39.4412433,R021,P00210,S000,S212,1,R029,P24279,S001,S000,2
-2.85,-1.75,2.56924319,4.72142866,2.15218547,-30.6359372,-67.0154018,-30.2641308,-66.3246743,36.0605435,R021,P00210,S000,S212,1,R029,P24279,S001,S000,2
-2.8,-1.75,2.46924319,4.42142866,1.95218547,-28.9455873,-61.9443522,-28.5737809,-61.2536246,32.6798438,R021,P00210,S000,S212,1,R029,P24279,S001,S000,2
-2.75,-1.75,2.36924319,4.12142866,1.75218547,-27.2552374,-56.8733025,-26.883431,-56.182575,29.299144,R021,P00210,S000,S212,1,R029,P24279,S001,S000,2
-2.7,-1.75,2.26924319,3.82142866,1.55218547,-25.5648876,-51.8022529,-25.1930811,-51.1115253,25.9184442,R021,P00210,S000,S212,1,R029,P24279,S001,S000,2
-2.65,-1.75,2.16924319,3.53240866,1.36316547,-23.8745377,-46.9168036,-23.5027312,-46.2260761,22.7233449,R021,P00210,S000,S212,1,R061,P68636,S212,S211,2
-2.6,-1.75,2.06924319,3.23240866,1.16316547,-22.1841878,-41.845754,-21.8123813,-41.1550264,19.3426451,R021,P00210,S000,S212,1,R061,P68636,S212,S211,2
-2.55,-1.75,1.96924319,2.93240866,0.963165469,-20.4938379,-36.7747043,-20.1220314,-36.0839768,15.9619453,R021,P00210,S000,S212,1,R061,P68636,S212,S211,2
-2.5,-1.75,1.86924319,2.63240866,0.763165469,-18.803488,-31.7036547,-18.4316816,-31.0129271,12.5812456,R021,P00210,S000,S212,1,R061,P68636,S212,S211,2
-2.45,-1.75,1.76924319,2.33240866,0.563165469,-17.1131381,-26.632605,-16.7413317,-25.9418774,9.20054578,R021,P00210,S000,S212,1,R061,P68636,S212,S211,1
-2.4,-1.75,1.66924319,2.05067022,0.381427031,-15.4227882,-21.8702396,-15.0509818,-21.1795121,6.1285303,R021,P00210,S000,S212,1,R061,P68636,S212,S533,1
-2.35,-1.75,1.56924319,1.85521519,0.285972,-13.7324384,-18.5663657,-13.3606319,-17.8756382,4.51500629,R021,P00210,S000,S212,1,R062,P68642,S544,S432,1
-2.3,-1.75,1.46924319,1.7142905,0.245047312,-12.0420885,-16.1842454,-11.670282,-15.4935179,3.82323587,R021,P00210,S000,S212,1,R062,P68642,S212,S432,1
-2.25,-1.75,1.36924319,1.6142905,0.245047312,-10.3517386,-14.4938955,-9.97993213,-13.803168,3.82323587,R021,P00210,S000,S212,1,R060,P68634,S212,S432,4
-2.2,-1.75,1.26924319,1.5142905,0.245047312,-8.6613887,-12.8035457,-8.28958224,-12.1128181,3.82323587,R021,P00210,S000,S212,1,R060,P68634,S212,S432,4
-2.15,-1.75,1.16924319,1.4142905,0.245047312,-6.97103881,-11.1131958,-6.59923235,-10.4224682,3.82323587,R021,P00210,S000,S212,1,R060,P68634,S212,S432,4
-2.1,-1.75,1.0716215,1.3142905,0.242669,-5.32089072,-9.42284589,-4.94908426,-8.73211834,3.78303408,R021,P00210,S112,S212,1,R060,P68634,S212,S432,4
-2.05,-1.75,1.0216215,1.2142905,0.192669,-4.47571578,-7.732496,-4.10390932,-7.04176846,2.93785914,R012,P00055,S112,S212,2,R060,P68634,S212,S432,4
-2,-1.75,0.971621499,1.1142905,0.142669,-3.63054083,-6.04214611,-3.25873438,-5.35141857,2.09268419,R012,P00055,S112,S212,2,R060,P68634,S212,S432,4
-1.95,-1.75,0.921621499,1.01895525,0.09733375,-2.78536589,-4.43064682,-2.41355943,-3.73991928,1.32635985,R012,P00055,S112,S212,2,R059,P68633,S322,S432,5
-1.9,-1.75,0.871621499,0.968955249,0.09733375,-1.94019095,-3.58547188,-1.56838449,-2.89474434,1.32635985,R011,P00054,S112,S212,4,R059,P68633,S322,S432,5
-1.85,-1.75,0.821621499,0.918955249,0.09733375,-1.09501601,-2.74029694,-0.723209547,-2.04956939,1.32635985,R011,P00054,S112,S212,4,R059,P68633,S322,S432,5
-1.8,-1.75,0.771621499,0.868955249,0.09733375,-0.249841062,-1.89512199,0.121965396,-1.20439445,1.32635985,R011,P00054,S112,S212,4,R059,P68633,S322,S432,6
-1.75,-1.75,0.721621499,0.818955249,0.09733375,0.595333881,-1.04994705,0.967140339,-0.359219508,1.32635985,R011,P00054,S112,S212,4,R059,P68633,S322,S432,6
-1.7,-1.75,0.671621499,0.768955249,0.09733375,1.44050882,-0.204772109,1.81231528,0.485955435,1.32635985,R011,P00054,S112,S212,4,R059,P68633,S322,S432,6
-1.65,-1.75,0.621621499,0.718955249,0.09733375,2.28568377,0.640402835,2.65749023,1.33113038,1.32635985,R011,P00054,S112,S212,4,R059,P68633,S322,S432,6
-1.6,-1.75,0.571621499,0.668955249,0.09733375,3.13085871,1.48557778,3.50266517,2.17630532,1.32635985,R011,P00054,S112,S212,4,R059,P68633,S322,S432,12
-1.55,-1.75,0.521621499,0.618955249,0.09733375,3.97603365,2.33075272,4.34784011,3.02148026,1.32635985,R011,P00054,S112,S212,4,R059,P68633,S322,S432,12
-1.5,-1.75,0.471621499,0.568955249,0.09733375,4.8212086,3.17592766,5.19301505,3.86665521,1.32635985,R011,P00054,S112,S212,4,R059,P68633,S322,S432,12
-1.45,-1.75,0.421621499,0.518955249,0.09733375,5.66638354,4.02110261,6.03819,4.71183015,1.32635985,R011,P00054,S112,S212,4,R059,P68633,S322,S432,14
-1.4,-1.75,0.371621499,0.468955249,0.09733375,6.51155848,4.86627755,6.88336494,5.55700509,1.32635985,R011,P00054,S112,S212,4,R059,P68633,S322,S432,14
-1.35,-1.75,0.321621499,0.418955249,0.09733375,7.35673342,5.71145249,7.72853988,6.40218004,1.32635985,R011,P00054,S112,S212,4,R059,P68633,S322,S432,14
-1.3,-1.75,0.271621499,0.368955249,0.09733375,8.20190837,6.55662744,8.57371483,7.24735498,1.32635985,R011,P00054,S112,S212,4,R059,P68633,S322,S432,14
-1.25,-1.75,0.221621499,0.318955249,0.09733375,9.04708331,7.40180238,9.41888977,8.09252992,1.32635985,R011,P00054,S112,S212,4,R059,P68633,S322,S432,14
-1.2,-1.75,0.171621499,0.268955249,0.09733375,9.89225825,8.24697732,10.2640647,8.93770487,1.32635985,R011,P00054,S112,S212,4,R059,P68633,S322,S432,14
-1.15,-1.75,0.121621499,0.218955249,0.09733375,10.7374332,9.09215226,11.1092397,9.78287981,1.32635985,R011,P00054,S112,S212,4,R059,P68633,S322,S432,14
-1.1,-1.75,0.071621499,0.168955249,0.09733375,11.5826081,9.93732721,11.9544146,10.6280548,1.32635985,R011,P00054,S112,S212,4,R059,P68633,S322,S432,14
-1.05,-1.75,0.021621499,0.118955249,0.09733375,12.4277831,10.7825022,12.7995895,11.4732297,1.32635985,R011,P00054,S112,S212,4,R059,P68633,S322,S432,14
-1,-1.75,0,0.068955249,0.068955249,12.7932621,11.6276771,13.1650685,12.3184046,0.846663888,R011,P00054,S000,S000,4,R059,P68633,S322,S432,14
-0.95,-1.75,0,0.018955249,0.018955249,12.7932621,12.472852,13.1650685,13.1635796,0.00148894451,R002,P00002,S000,S000,14,R059,P68633,S322,S432,14
-0.9,-1.75,0,0,0,12.7932621,12.7932621,13.1650685,13.4839896,-0.318921085,R002,P00002,S000,S000,23,R059,P68633,S000,S000,14
-0.85,-1.75,0,0,0,12.7932621,12.7932621,13.1650685,13.4839896,-0.318921085,R002,P00002,S000,S000,23,R059,P68633,S000,S000,14
-0.8,-1.75,0,0,0,12.7932621,12.7932621,13.1650685,13.4839896,-0.318921085,R002,P00002,S000,S000,23,R053,P68419,S000,S000,24
-0.75,-1.75,0,0,0,12.7932621,12.7932621,13.1650685,13.4839896,-0.318921085,R002,P00002,S000,S000,23,R053,P68419,S000,S000,40
-0.7,-1.75,0,0,0,12.7932621,12.7932621,13.1650685,13.4839896,-0.318921085,R002,P00002,S000,S000,29,R027,P22549,S000,S000,80
-0.65,-1.75,0,0,0,12.7932621,12.7932621,13.1650685,13.4839896,-0.318921085,R002,P00002,S000,S000,29,R012,P04429,S000,S000,140
-0.6,-1.75,0,0,0,12.7932621,12.7932621,13.1650685,13.4839896,-0.318921085,R002,P00002,S000,S000,48,R012,P04429,S000,S000,140
-0.55,-1.75,0,0,0,12.7932621,12.7932621,13.1650685,13.4839896,-0.318921085,R002,P00002,S000,S000,48,R012,P04429,S000,S000,140
-0.5,-1.75,0,0,0,12.7932621,12.7932621,13.1650685,13.4839896,-0.318921085,R002,P00002,S000,S000,48,R012,P04429,S000,S000,140
-0.45,-1.75,0,0,0,12.7932621,12.7932621,13.1650685,13.4839896,-0.318921085,R002,P00002,S000,S000,48,R012,P04429,S000,S000,182
-0.4,-1.75,0,0,0,12.7932621,12.7932621,13.1650685,13.4839896,-0.318921085,R002,P00002,S000,S000,48,R012,P04429,S000,S000,182
-0.35,-1.75,0,0,0,12.7932621,12.7932621,13.1650685,13.4839896,-0.318921085,R002,P00002,S000,S000,52,R012,P04429,S000,S000,182
-0.3,-1.75,0,0,0,12.7932621,12.7932621,13.1650685,13.4839896,-0.318921085,R002,P00002,S000,S000,52,R010,P03778,S000,S000,520
-0.25,-1.75,0,0,0,12.7932621,12.7932621,13.1650685,13.4839896,-0.318921085,R002,P00002,S000,S000,52,R010,P03778,S000,S000,520
-0.2,-1.75,0,0,0,12.7932621,12.7932621,13.1650685,13.4839896,-0.318921085,R002,P00002,S000,S000,53,R010,P03778,S000,S000,520
-0.15,-1.75,0,0,0,12.7932621,12.7932621,13.1650685,13.4839896,-0.318921085,R002,P00002,S000,S000,62,R010,P03778,S000,S000,520
-0.1,-1.75,0,0,0,12.7932621,12.7932621,13.1650685,13.4839896,-0.318921085,R002,P00002,S000,S000,62,R010,P03778,S000,S000,560
-0.05,-1.75,0,0,0,12.7932621,12.7932621,13.1650685,13.4839896,-0.318921085,R002,P00002,S000,S000,62,R010,P03778,S000,S000,700
0,-1.75,0,0,0,12.7932621,12.7932621,13.1650685,13.4839896,-0.318921085,R002,P00002,S000,S000,62,R010,P03778,S000,S000,700
-4,-1.7,5.00547844,11.8213652,6.81588675,-71.816837,-187.029171,-71.4450305,-186.338443,114.893413,R012,P00055,S001,S000,1,R067,P70103,S222,S110,12
-3.95,-1.7,4.88646319,11.5713652,6.684902,-69.8050628,-182.803296,-69.4332564,-182.112569,112.679312,R012,P00055,S001,S212,1,R067,P70103,S222,S110,12
-3.9,-1.7,4.78646319,11.2964287,6.50996547,-68.114713,-178.155907,-67.7429065,-177.465179,109.722273,R012,P00055,S001,S212,1,R022,P08462,S001,S000,24
-3.85,-1.7,4.68646319,10.9964287,6.30996547,-66.4243631,-173.084857,-66.0525566,-172.39413,106.341573,R012,P00055,S001,S212,1,R022,P08462,S001,S000,24
-3.8,-1.7,4.58646319,10.6964287,6.10996547,-64.7340132,-168.013808,-64.3622067,-167.32308,102.960873,R012,P00055,S001,S212,1,R022,P08462,S001,S000,16
-3.75,-1.7,4.48646319,10.3964287,5.90996547,-63.0436633,-162.942758,-62.6718568,-162.25203,99.5801735,R012,P00055,S001,S212,1,R022,P08462,S001,S000,16
-3.7,-1.7,4.38646319,10.0964287,5.70996547,-61.3533134,-157.871708,-60.981507,-157.180981,96.1994737,R012,P00055,S001,S212,1,R022,P08462,S001,S000,16
-3.65,-1.7,4.28646319,9.79642866,5.50996547,-59.6629635,-152.800659,-59.2911571,-152.109931,92.8187739,R012,P00055,S001,S212,1,R022,P08462,S001,S000,16
-3.6,-1.7,4.18646319,9.49642866,5.30996547,-57.9726136,-147.729609,-57.6008072,-147.038881,89.4380742,R012,P00055,S001,S212,1,R022,P08462,S001,S000,16
-3.55,-1.7,4.08646319,9.19642866,5.10996547,-56.2822638,-142.658559,-55.9104573,-141.967832,86.0573744,R012,P00055,S001,S212,1,R022,P08462,S001,S000,16
-3.5,-1.7,3.98646319,8.89642866,4.90996547,-54.5919139,-137.58751,-54.2201074,-136.896782,82.6766746,R012,P00055,S001,S212,1,R022,P08462,S001,S000,16
-3.45,-1.7,3.88646319,8.59642866,4.70996547,-52.901564,-132.51646,-52.5297575,-131.825732,79.2959749,R012,P00055,S001,S212,1,R022,P08462,S001,S000,16
-3.4,-1.7,3.78646319,8.29642866,4.50996547,-51.2112141,-127.44541,-50.8394076,-126.754683,75.9152751,R012,P00055,S001,S212,1,R022,P08462,S001,S000,16
-3.35,-1.7,3.68646319,7.99642866,4.30996547,-49.5208642,-122.374361,-49.1490578,-121.683633,72.5345753,R012,P00055,S001,S212,1,R022,P08462,S001,S000,16
-3.3,-1.7,3.58646319,7.69642866,4.10996547,-47.8305143,-117.303311,-47.4587079,-116.612583,69.1538755,R012,P00055,S001,S212,1,R022,P08462,S001,S000,16
-3.25,-1.7,3.48646319,7.39642866,3.90996547,-46.1401644,-112.232261,-45.768358,-111.541534,65.7731758,R012,P00055,S001,S212,1,R022,P08462,S001,S000,16
-3.2,-1.7,3.38646319,7.09642866,3.70996547,-44.4498146,-107.161212,-44.0780081,-106.470484,62.392476,R004,P00007,S001,S212,3,R022,P08462,S001,S000,16
-3.15,-1.7,3.28646319,6.79642866,3.50996547,-42.7594647,-102.090162,-42.3876582,-101.399434,59.0117762,R004,P00007,S001,S212,3,R022,P08462,S001,S000,16
-3.1,-1.7,3.184292,6.49642866,3.31213666,-41.0324141,-97.0191123,-40.6606077,-96.3283848,55.6677771,R021,P00210,S112,S110,1,R022,P08462,S001,S000,16
-3.05,-1.7,3.06924319,6.19642866,3.12718547,-39.0876866,-91.9480627,-38.7158802,-91.2573351,52.5414549,R021,P00210,S000,S212,1,R022,P08462,S001,S000,16
-3,-1.7,2.96924319,5.89642866,2.92718547,-37.3973368,-86.877013,-37.0255303,-86.1862855,49.1607552,R021,P00210,S000,S212,1,R025,P08508,S001,S000,4
-2.95,-1.7,2.86924319,5.59642866,2.72718547,-35.7069869,-81.8059633,-35.3351804,-81.1152358,45.7800554,R021,P00210,S000,S212,1,R025,P08508,S001,S000,4
-2.9,-1.7,2.76924319,5.29642866,2.52718547,-34.016637,-76.7349137,-33.6448305,-76.0441861,42.3993556,R021,P00210,S000,S212,1,R025,P08508,S001,S000,4
-2.85,-1.7,2.66924319,4.99642866,2.32718547,-32.3262871,-71.663864,-31.9544806,-70.9731365,39.0186558,R021,P00210,S000,S212,1,R029,P24279,S001,S000,2
-2.8,-1.7,2.56924319,4.69642866,2.12718547,-30.6359372,-66.5928144,-30.2641308,-65.9020868,35.6379561,R021,P00210,S000,S212,1,R029,P24279,S001,S000,2
-2.75,-1.7,2.46924319,4.39642866,1.92718547,-28.9455873,-61.5217647,-28.5737809,-60.8310372,32.2572563,R021,P00210,S000,S212,1,R029,P24279,S001,S000,2
-2.7,-1.7,2.36924319,4.09642866,1.72718547,-27.2552374,-56.4507151,-26.883431,-55.7599875,28.8765565,R021,P00210,S000,S212,1,R029,P24279,S001,S000,2
-2.65,-1.7,2.26924319,3.79642866,1.52718547,-25.5648876,-51.3796654,-25.1930811,-50.6889379,25.4958568,R021,P00210,S000,S212,1,R029,P24279,S001,S000,2
-2.6,-1.7,2.16924319,3.50740866,1.33816547,-23.8745377,-46.4942162,-23.5027312,-45.8034886,22.3007574,R021,P00210,S000,S212,1,R061,P68636,S212,S211,2
-2.55,-1.7,2.06924319,3.20740866,1.13816547,-22.1841878,-41.4231665,-21.8123813,-40.732439,18.9200576,R021,P00210,S000,S212,1,R061,P68636,S212,S211,2
-2.5,-1.7,1.96924319,2.90740866,0.938165469,-20.4938379,-36.3521168,-20.1220314,-35.6613893,15.5393579,R021,P00210,S000,S212,1,R061,P68636,S212,S211,2
-2.45,-1.7,1.86924319,2.60740866,0.738165469,-18.803488,-31.2810672,-18.4316816,-30.5903396,12.1586581,R021,P00210,S000,S212,1,R061,P68636,S212,S211,2
-2.4,-1.7,1.76924319,2.30740866,0.538165469,-17.1131381,-26.2100175,-16.7413317,-25.51929,8.77795831,R021,P00210,S000,S212,1,R061,P68636,S212,S211,2
-2.35,-1.7,1.66924319,2.02567022,0.356427031,-15.4227882,-21.4476522,-15.0509818,-20.7569246,5.70594283,R021,P00210,S000,S212,1,R061,P68636,S212,S533,1
-2.3,-1.7,1.56924319,1.8142905,0.245047312,-13.7324384,-17.8745953,-13.3606319,-17.1838678,3.82323587,R021,P00210,S000,S212,1,R062,P68642,S212,S432,1
-2.25,-1.7,1.46924319,1.7142905,0.245047312,-12.0420885,-16.1842454,-11.670282,-15.4935179,3.82323587,R021,P00210,S000,S212,1,R062,P68642,S212,S432,1
-2.2,-1.7,1.36924319,1.6142905,0.245047312,-10.3517386,-14.4938955,-9.97993213,-13.803168,3.82323587,R021,P00210,S000,S212,1,R060,P68634,S212,S432,4
-2.15,-1.7,1.26924319,1.5142905,0.245047312,-8.6613887,-12.8035457,-8.28958224,-12.1128181,3.82323587,R021,P00210,S000,S212,1,R060,P68634,S212,S432,4
-2.1,-1.7,1.16924319,1.4142905,0.245047312,-6.97103881,-11.1131958,-6.59923235,-10.4224682,3.82323587,R021,P00210,S000,S212,1,R060,P68634,S212,S432,4
-2.05,-1.7,1.06924319,1.3142905,0.245047312,-5.28068893,-9.42284589,-4.90888247,-8.73211834,3.82323587,R021,P00210,S000,S212,1,R060,P68634,S212,S432,4
-2,-1.7,0.971621499,1.2142905,0.242669,-3.63054083,-7.732496,-3.25873438,-7.04176846,3.78303408,R021,P00210,S112,S212,1,R060,P68634,S212,S432,4
-1.95,-1.7,0.921621499,1.1142905,0.192669,-2.78536589,-6.04214611,-2.41355943,-5.35141857,2.93785914,R012,P00055,S112,S212,2,R060,P68634,S212,S432,4
-1.9,-1.7,0.871621499,1.01895525,0.14733375,-1.94019095,-4.43064682,-1.56838449,-3.73991928,2.17153479,R011,P00054,S112,S212,4,R059,P68633,S322,S432,5
-1.85,-1.7,0.821621499,0.968955249,0.14733375,-1.09501601,-3.58547188,-0.723209547,-2.89474434,2.17153479,R011,P00054,S112,S212,4,R059,P68633,S322,S432,5
-1.8,-1.7,0.771621499,0.918955249,0.14733375,-0.249841062,-2.74029694,0.121965396,-2.04956939,2.17153479,R011,P00054,S112,S212,4,R059,P68633,S322,S432,5
-1.75,-1.7,0.721621499,0.868955249,0.14733375,0.595333881,-1.89512199,0.967140339,-1.20439445,2.17153479,R011,P00054,S112,S212,4,R059,P68633,S322,S432,6
-1.7,-1.7,0.671621499,0.818955249,0.14733375,1.44050882,-1.04994705,1.81231528,-0.359219508,2.17153479,R011,P00054,S112,S212,4,R059,P68633,S322,S432,6
-1.65,-1.7,0.621621499,0.768955249,0.14733375,2.28568377,-0.204772109,2.65749023,0.485955435,2.17153479,R011,P00054,S112,S212,4,R059,P68633,S322,S432,6
-1.6,-1.7,0.571621499,0.718955249,0.14733375,3.13085871,0.640402835,3.50266517,1.33113038,2.17153479,R011,P00054,S112,S212,4,R059,P68633,S322,S432,12
-1.55,-1.7,0.521621499,0.668955249,0.14733375,3.97603365,1.48557778,4.34784011,2.17630532,2.17153479,R011,P00054,S112,S212,4,R059,P68633,S322,S432,12
-1.5,-1.7,0.471621499,0.618955249,0.14733375,4.8212086,2.33075272,5.19301505,3.02148026,2.17153479,R011,P00054,S112,S212,4,R059,P68633,S322,S432,12
-1.45,-1.7,0.421621499,0.568955249,0.14733375,5.66638354,3.17592766,6.03819,3.86665521,2.17153479,R011,P00054,S112,S212,4,R059,P68633,S322,S432,14
-1.4,-1.7,0.371621499,0.518955249,0.14733375,6.51155848,4.02110261,6.88336494,4.71183015,2.17153479,R011,P00054,S112,S212,4,R059,P68633,S322,S432,14
-1.35,-1.7,0.321621499,0.468955249,0.14733375,7.35673342,4.86627755,7.72853988,5.55700509,2.17153479,R011,P00054,S112,S212,4,R059,P68633,S322,S432,14
-1.3,-1.7,0.271621499,0.418955249,0.14733375,8.20190837,5.71145249,8.57371483,6.40218004,2.17153479,R011,P00054,S112,S212,4,R059,P68633,S322,S432,14
-1.25,-1.7,0.221621499,0.368955249,0.14733375,9.04708331,6.55662744,9.41888977,7.24735498,2.17153479,R011,P00054,S112,S212,4,R059,P68633,S322,S432,14
-1.2,-1.7,0.171621499,0.318955249,0.14733375,9.89225825,7.40180238,10.2640647,8.09252992,2.17153479,R011,P00054,S112,S212,4,R059,P68633,S322,S432,14
-1.15,-1.7,0.121621499,0.268955249,0.14733375,10.7374332,8.24697732,11.1092397,8.93770487,2.17153479,R011,P00054,S112,S212,4,R059,P68633,S322,S432,14
-1.1,-1.7,0.071621499,0.218955249,0.14733375,11.5826081,9.09215226,11.9544146,9.78287981,2.17153479,R011,P00054,S112,S212,4,R059,P68633,S322,S432,14
-1.05,-1.7,0.021621499,0.168955249,0.14733375,12.4277831,9.93732721,12.7995895,10.6280548,2.17153479,R011,P00054,S112,S212,4,R059,P68633,S322,S432,14
-1,-1.7,0,0.118955249,0.118955249,12.7932621,10.7825022,13.1650685,11.4732297,1.69183883,R011,P00054,S000,S000,4,R059,P68633,S322,S432,14
-0.95,-1.7,0,0.068955249,0.068955249,12.7932621,11.6276771,13.1650685,12.3184046,0.846663888,R002,P00002,S000,S000,14,R059,P68633,S322,S432,14
-0.9,-1.7,0,0.018955249,0.018955249,12.7932621,12.472852,13.1650685,13.1635796,0.00148894451,R002,P00002,S000,S000,23,R059,P68633,S322,S432,14
-0.85,-1.7,0,0,0,12.7932621,12.7932621,13.1650685,13.4839896,-0.318921085,R002,P00002,S000,S000,23,R059,P68633,S000,S000,14
-0.8,-1.7,0,0,0,12.7932621,12.7932621,13.1650685,13.4839896,-0.318921085,R002,P00002,S000,S000,23,R058,P68630,S000,S000,18
-0.75,-1.7,0,0,0,12.7932621,12.7932621,13.1650685,13.4839896,-0.318921085,R002,P00002,S000,S000,23,R053,P68419,S000,S000,24
-0.7,-1.7,0,0,0,12.7932621,12.7932621,13.1650685,13.4839896,-0.318921085,R002,P00002,S000,S000,29,R053,P68419,S000,S000,40
-0.65,-1.7,0,0,0,12.7932621,12.7932621,13.1650685,13.4839896,-0.318921085,R002,P00002,S000,S000,29,R012,P04429,S000,S000,140
-0.6,-1.7,0,0,0,12.7932621,12.7932621,13.1650685,13.4839896,-0.318921085,R002,P00002,S000,S000,48,R012,P04429,S000,S000,140
-0.55,-1.7,0,0,0,12.7932621,12.7932621,13.1650685,13.4839896,-0.318921085,R002,P00002,S000,S000,48,R012,P04429,S000,S000,140
-0.5,-1.7,0,0,0,12.7932621,12.7932621,13.1650685,13.4839896,-0.318921085,R002,P00002,S000,S000,48,R012,P04429,S000,S000,140
-0.45,-1.7,0,0,0,12.7932621,12.7932621,13.1650685,13.4839896,-0.318921085,R002,P00002,S000,S000,48,R012,P04429,S000,S000,182
-0.4,-1.7,0,0,0,12.7932621,12.7932621,13.1650685,13.4839896,-0.318921085,R002,P00002,S000,S000,48,R012,P04429,S000,S000,182
-0.35,-1.7,0,0,0,12.7932621,12.7932621,13.1650685,13.4839896,-0.318921085,R002,P00002,S000,S000,48,R012,P04429,S000,S000,182
-0.3,-1.7,0,0,0,12.7932621,12.7932621,13.1650685,13.4839896,-0.318921085,R002,P00002,S000,S000,52,R010,P03778,S000,S000,520
-0.25,-1.7,0,0,0,12.7932621,12.7932621,13.1650685,13.4839896,-0.318921085,R002,P00002,S000,S000,52,R010,P03778,S000,S000,520
-0.2,-1.7,0,0,0,12.7932621,12.7932621,13.1650685,13.4839896,-0.318921085,R002,P00002,S000,S000,53,R010,P03778,S000,S000,520
-0.15,-1.7,0,0,0,12.7932621,12.7932621,13.1650685,13.4839896,-0.318921085,R002,P00002,S000,S000,62,R010,P03778,S000,S000,520
-0.1,-1.7,0,0,0,12.7932621,12.7932621,13.1650685,13.4839896,-0.318921085,R002,P00002,S000,S000,62,R010,P03778,S000,S000,560
-0.05,-1.7,0,0,0,12.7932621,12.7932621,13.1650685,13.4839896,-0.318921085,R002,P00002,S000,S000,62,R010,P03778,S000,S000,700
0,-1.7,0,0,0,12.7932621,12.7932621,13.1650685,13.4839896,-0.318921085,R002,P00002,S000,S000,62,R010,P03778,S000,S000,700
-4,-1.65,5.13825844,12.0213652,6.88310675,-74.0612836,-190.409871,-73.6894771,-189.719143,116.029666,R012,P00055,S001,S000,1,R067,P70103,S222,S110,12
-3.95,-1.65,4.98825844,11.7713652,6.78310675,-71.5257588,-186.183996,-71.1539523,-185.493268,114.339316,R012,P00055,S001,S000,1,R067,P70103,S222,S110,12
-3.9,-1.65,4.86924319,11.5213652,6.652122,-69.5139846,-181.958121,-69.1421781,-181.267394,112.125216,R012,P00055,S000,S212,1,R067,P70103,S222,S110,12
-3.85,-1.65,4.76924319,11.2713652,6.502122,-67.8236347,-177.732247,-67.4518283,-177.041519,109.589691,R012,P00055,S000,S212,1,R067,P70103,S222,S110,12
-3.8,-1.65,4.66924319,10.9714287,6.30218547,-66.1332848,-172.66227,-65.7614784,-171.971542,106.210064,R012,P00055,S000,S212,1,R022,P08462,S001,S000,24
-3.75,-1.65,4.56924319,10.6714287,6.10218547,-64.4429349,-167.59122,-64.0711285,-166.900493,102.829364,R012,P00055,S000,S212,1,R022,P08462,S001,S000,24
-3.7,-1.65,4.46924319,10.3714287,5.90218547,-62.7525851,-162.52017,-62.3807786,-161.829443,99.4486643,R012,P00055,S000,S212,1,R022,P08462,S001,S000,16
-3.65,-1.65,4.36924319,10.0714287,5.70218547,-61.0622352,-157.449121,-60.6904287,-156.758393,96.0679645,R012,P00055,S000,S212,1,R022,P08462,S001,S000,16
-3.6,-1.65,4.26924319,9.77142866,5.50218547,-59.3718853,-152.378071,-59.0000788,-151.687344,92.6872647,R012,P00055,S000,S212,1,R022,P08462,S001,S000,16
-3.55,-1.65,4.16924319,9.47142866,5.30218547,-57.6815354,-147.307021,-57.3097289,-146.616294,89.3065649,R012,P00055,S000,S212,1,R022,P08462,S001,S000,16
-3.5,-1.65,4.06924319,9.17142866,5.10218547,-55.9911855,-142.235972,-55.6193791,-141.545244,85.9258652,R012,P00055,S000,S212,1,R022,P08462,S001,S000,16
-3.45,-1.65,3.96924319,8.87142866,4.90218547,-54.3008356,-137.164922,-53.9290292,-136.474195,82.5451654,R012,P00055,S000,S212,1,R022,P08462,S001,S000,16
-3.4,-1.65,3.86924319,8.57142866,4.70218547,-52.6104857,-132.093872,-52.2386793,-131.403145,79.1644656,R012,P00055,S000,S212,1,R022,P08462,S001,S000,16
-3.35,-1.65,3.76924319,8.27142866,4.50218547,-50.9201359,-127.022823,-50.5483294,-126.332095,75.7837659,R012,P00055,S000,S212,1,R022,P08462,S001,S000,16
-3.3,-1.65,3.66924319,7.97142866,4.30218547,-49.229786,-121.951773,-48.8579795,-121.261046,72.4030661,R012,P00055,S000,S212,1,R022,P08462,S001,S000,16
-3.25,-1.65,3.56924319,7.67142866,4.10218547,-47.5394361,-116.880723,-47.1676296,-116.189996,69.0223663,R012,P00055,S000,S212,1,R022,P08462,S001,S000,16
-3.2,-1.65,3.46924319,7.37142866,3.90218547,-45.8490862,-111.809674,-45.4772797,-111.118946,65.6416665,R012,P00055,S000,S212,1,R022,P08462,S001,S000,16
-3.15,-1.65,3.36924319,7.07142866,3.70218547,-44.1587363,-106.738624,-43.7869298,-106.047897,62.2609668,R004,P00007,S000,S212,3,R022,P08462,S001,S000,16
-3.1,-1.65,3.26924319,6.77142866,3.50218547,-42.4683864,-101.667575,-42.09658,-100.976847,58.880267,R004,P00007,S000,S212,3,R022,P08462,S001,S000,16
-3.05,-1.65,3.16924319,6.47142866,3.30218547,-40.7780365,-96.5965248,-40.4062301,-95.9057973,55.4995672,R004,P00007,S000,S212,4,R022,P08462,S001,S000,16
-3,-1.65,3.06924319,6.17142866,3.10218547,-39.0876866,-91.5254752,-38.7158802,-90.8347476,52.1188675,R003,P00003,S000,S212,5,R022,P08462,S001,S000,16
-2.95,-1.65,2.96924319,5.87142866,2.90218547,-37.3973368,-86.4544255,-37.0255303,-85.763698,48.7381677,R003,P00003,S000,S212,6,R025,P08508,S001,S000,4
-2.9,-1.65,2.86924319,5.57142866,2.70218547,-35.7069869,-81.3833759,-35.3351804,-80.6926483,45.3574679,R003,P00003,S000,S212,6,R025,P08508,S001,S000,4
-2.85,-1.65,2.76924319,5.27142866,2.50218547,-34.016637,-76.3123262,-33.6448305,-75.6215987,41.9767681,R003,P00003,S000,S212,6,R025,P08508,S001,S000,4
-2.8,-1.65,2.66924319,4.97142866,2.30218547,-32.3262871,-71.2412766,-31.9544806,-70.550549,38.5960684,R003,P00003,S000,S212,6,R029,P24279,S001,S000,2
-2.75,-1.65,2.56924319,4.67142866,2.10218547,-30.6359372,-66.1702269,-30.2641308,-65.4794994,35.2153686,R003,P00003,S000,S212,6,R029,P24279,S001,S000,2
-2.7,-1.65,2.46924319,4.37142866,1.90218547,-28.9455873,-61.0991772,-28.5737809,-60.4084497,31.8346688,R003,P00003,S000,S212,6,R029,P24279,S001,S000,2
-2.65,-1.65,2.36924319,4.07142866,1.70218547,-27.2552374,-56.0281276,-26.883431,-55.3374,28.4539691,R003,P00003,S000,S212,6,R029,P24279,S001,S000,2
-2.6,-1.65,2.26924319,3.77142866,1.50218547,-25.5648876,-50.9570779,-25.1930811,-50.2663504,25.0732693,R003,P00003,S000,S212,6,R029,P24279,S001,S000,2
-2.55,-1.65,2.16924319,3.48240866,1.31316547,-23.8745377,-46.0716287,-23.5027312,-45.3809011,21.8781699,R003,P00003,S000,S212,6,R061,P68636,S212,S211,2
-2.5,-1.65,2.06924319,3.18240866,1.11316547,-22.1841878,-41.000579,-21.8123813,-40.3098515,18.4974702,R003,P00003,S000,S212,6,R061,P68636,S212,S211,2
-2.45,-1.65,1.96924319,2.88240866,0.913165469,-20.4938379,-35.9295294,-20.1220314,-35.2388018,15.1167704,R003,P00003,S000,S212,6,R061,P68636,S212,S211,2
-2.4,-1.65,1.86924319,2.58240866,0.713165469,-18.803488,-30.8584797,-18.4316816,-30.1677522,11.7360706,R003,P00003,S000,S212,6,R061,P68636,S212,S211,2
-2.35,-1.65,1.76924319,2.28240866,0.513165469,-17.1131381,-25.78743,-16.7413317,-25.0967025,8.35537084,R003,P00003,S000,S212,6,R061,P68636,S212,S211,2
-2.3,-1.65,1.66924319,2.00067022,0.331427031,-15.4227882,-21.0250647,-15.0509818,-20.3343371,5.28335536,R003,P00003,S000,S212,6,R061,P68636,S212,S533,1
-2.25,-1.65,1.56924319,1.8142905,0.245047312,-13.7324384,-17.8745953,-13.3606319,-17.1838678,3.82323587,R003,P00003,S000,S212,6,R062,P68642,S212,S432,1
-2.2,-1.65,1.46924319,1.7142905,0.245047312,-12.0420885,-16.1842454,-11.670282,-15.4935179,3.82323587,R003,P00003,S000,S212,6,R060,P68634,S212,S432,4
-2.15,-1.65,1.36924319,1.6142905,0.245047312,-10.3517386,-14.4938955,-9.97993213,-13.803168,3.82323587,R003,P00003,S000,S212,6,R060,P68634,S212,S432,4
-2.1,-1.65,1.26924319,1.5142905,0.245047312,-8.6613887,-12.8035457,-8.28958224,-12.1128181,3.82323587,R003,P00003,S000,S212,6,R060,P68634,S212,S432,4
-2.05,-1.65,1.16924319,1.4142905,0.245047312,-6.97103881,-11.1131958,-6.59923235,-10.4224682,3.82323587,R003,P00003,S000,S212,6,R060,P68634,S212,S432,4
-2,-1.65,1.06924319,1.3142905,0.245047312,-5.28068893,-9.42284589,-4.90888247,-8.73211834,3.82323587,R003,P00003,S000,S212,6,R060,P68634,S212,S432,4
-1.95,-1.65,0.969243187,1.2142905,0.245047312,-3.59033904,-7.732496,-3.21853258,-7.04176846,3.82323587,R012,P00055,S000,S212,2,R060,P68634,S212,S432,4
-1.9,-1.65,0.893929718,1.1142905,0.220360781,-2.3172779,-6.04214611,-1.94547144,-5.35141857,3.40594713,R011,P00054,S111,S212,4,R058,P68630,S212,S432,7
-1.85,-1.65,0.843929718,1.01895525,0.175025531,-1.47210296,-4.43064682,-1.1002965,-3.73991928,2.63962278,R011,P00054,S111,S212,4,R059,P68633,S322,S432,5
-1.8,-1.65,0.793929718,0.968955249,0.175025531,-0.626928017,-3.58547188,-0.255121558,-2.89474434,2.63962278,R011,P00054,S111,S212,4,R059,P68633,S322,S432,5
-1.75,-1.65,0.743929718,0.918955249,0.175025531,0.218246926,-2.74029694,0.590053385,-2.04956939,2.63962278,R011,P00054,S111,S212,4,R059,P68633,S322,S432,5
-1.7,-1.65,0.693929718,0.868955249,0.175025531,1.06342187,-1.89512199,1.43522833,-1.20439445,2.63962278,R011,P00054,S111,S212,4,R059,P68633,S322,S432,6
-1.65,-1.65,0.643929718,0.818955249,0.175025531,1.90859681,-1.04994705,2.28040327,-0.359219508,2.63962278,R011,P00054,S111,S212,4,R059,P68633,S322,S432,6
-1.6,-1.65,0.593929718,0.768955249,0.175025531,2.75377176,-0.204772109,3.12557821,0.485955435,2.63962278,R011,P00054,S111,S212,4,R059,P68633,S322,S432,12
-1.55,-1.65,0.543929718,0.718955249,0.175025531,3.5989467,0.640402835,3.97075316,1.33113038,2.63962278,R011,P00054,S111,S212,4,R059,P68633,S322,S432,12
-1.5,-1.65,0.493929718,0.668955249,0.175025531,4.44412164,1.48557778,4.8159281,2.17630532,2.63962278,R011,P00054,S111,S212,4,R059,P68633,S322,S432,12
-1.45,-1.65,0.443929718,0.618955249,0.175025531,5.28929658,2.33075272,5.66110304,3.02148026,2.63962278,R011,P00054,S111,S212,4,R059,P68633,S322,S432,14
-1.4,-1.65,0.393929718,0.568955249,0.175025531,6.13447153,3.17592766,6.50627799,3.86665521,2.63962278,R011,P00054,S111,S212,4,R059,P68633,S322,S432,14
-1.35,-1.65,0.343929718,0.518955249,0.175025531,6.97964647,4.02110261,7.35145293,4.71183015,2.63962278,R011,P00054,S111,S212,4,R059,P68633,S322,S432,14
-1.3,-1.65,0.293929718,0.468955249,0.175025531,7.82482141,4.86627755,8.19662787,5.55700509,2.63962278,R011,P00054,S111,S212,4,R059,P68633,S322,S432,14
-1.25,-1.65,0.243929718,0.418955249,0.175025531,8.66999636,5.71145249,9.04180282,6.40218004,2.63962278,R011,P00054,S111,S212,4,R059,P68633,S322,S432,14
-1.2,-1.65,0.193929718,0.368955249,0.175025531,9.5151713,6.55662744,9.88697776,7.24735498,2.63962278,R011,P00054,S111,S212,4,R059,P68633,S322,S432,14
-1.15,-1.65,0.143929718,0.318955249,0.175025531,10.3603462,7.40180238,10.7321527,8.09252992,2.63962278,R011,P00054,S111,S212,4,R059,P68633,S322,S432,14
-1.1,-1.65,0.093929718,0.268955249,0.175025531,11.2055212,8.24697732,11.5773276,8.93770487,2.63962278,R011,P00054,S111,S212,4,R059,P68633,S322,S432,14
-1.05,-1.65,0.043929718,0.218955249,0.175025531,12.0506961,9.09215226,12.4225026,9.78287981,2.63962278,R011,P00054,S111,S212,4,R059,P68633,S322,S432,14
-1,-1.65,0.022308219,0.168955249,0.14664703,12.4161751,9.93732721,12.7879816,10.6280548,2.15992682,R011,P00054,S111,S112,4,R059,P68633,S322,S432,14
-0.95,-1.65,0.00778,0.118955249,0.111175249,12.6617528,10.7825022,13.0335593,11.4732297,1.56032961,R002,P00002,S000,S001,8,R059,P68633,S322,S432,14
-0.9,-1.65,0,0.068955249,0.068955249,12.7932621,11.6276771,13.1650685,12.3184046,0.846663888,R022,P00213,S000,S000,3,R059,P68633,S322,S432,14
-0.85,-1.65,0,0.018955249,0.018955249,12.7932621,12.472852,13.1650685,13.1635796,0.00148894451,R022,P00213,S000,S000,3,R059,P68633,S322,S432,14
-0.8,-1.65,0,0,0,12.7932621,12.7932621,13.1650685,13.4839896,-0.318921085,R022,P00213,S000,S000,3,R058,P68630,S000,S000,18
-0.75,-1.65,0,0,0,12.7932621,12.7932621,13.1650685,13.4839896,-0.318921085,R022,P00213,S000,S000,3,R058,P68630,S000,S000,18
-0.7,-1.65,0,0,0,12.7932621,12.7932621,13.1650685,13.4839896,-0.318921085,R022,P00213,S000,S000,3,R053,P68419,S000,S000,24
-0.65,-1.65,0,0,0,12.7932621,12.7932621,13.1650685,13.4839896,-0.318921085,R022,P00213,S000,S000,3,R012,P04429,S000,S000,80
-0.6,-1.65,0,0,0,12.7932621,12.7932621,13.1650685,13.4839896,-0.318921085,R022,P00213,S000,S000,8,R012,P04429,S000,S000,140
-0.55,-1.65,0,0,0,12.7932621,12.7932621,13.1650685,13.4839896,-0.318921085,R022,P00213,S000,S000,8,R012,P04429,S000,S000,140
-0.5,-1.65,0,0,0,12.7932621,12.7932621,13.1650685,13.4839896,-0.318921085,R022,P00213,S000,S000,8,R012,P04429,S000,S000,140
-0.45,-1.65,0,0,0,12.7932621,12.7932621,13.1650685,13.4839896,-0.318921085,R022,P00213,S000,S000,8,R012,P04429,S000,S000,182
-0.4,-1.65,0,0,0,12.7932621,12.7932621,13.1650685,13.4839896,-0.318921085,R022,P00213,S000,S000,8,R012,P04429,S000,S000,182
-0.35,-1.65,0,0,0,12.7932621,12.7932621,13.1650685,13.4839896,-0.318921085,R022,P00213,S000,S000,8,R012,P04429,S000,S000,182
-0.3,-1.65,0,0,0,12.7932621,12.7932621,13.1650685,13.4839896,-0.318921085,R022,P00213,S000,S000,8,R010,P03778,S000,S000,520
-0.25,-1.65,0,0,0,12.7932621,12.7932621,13.1650685,13.4839896,-0.318921085,R022,P00213,S000,S000,8,R010,P03778,S000,S000,520
-0.2,-1.65,0,0,0,12.7932621,12.7932621,13.1650685,13.4839896,-0.318921085,R022,P00213,S000,S000,9,R010,P03778,S000,S000,520
-0.15,-1.65,0,0,0,12.7932621,12.7932621,13.1650685,13.4839896,-0.318921085,R022,P00213,S000,S000,18,R010,P03778,S000,S000,520
-0.1,-1.65,0,0,0,12.7932621,12.7932621,13.1650685,13.4839896,-0.318921085,R022,P00213,S000,S000,18,R010,P03778,S000,S000,560
-0.05,-1.65,0,0,0,12.7932621,12.7932621,13.1650685,13.4839896,-0.318921085,R022,P00213,S000,S000,18,R010,P03778,S000,S000,700
0,-1.65,0,0,0,12.7932621,12.7932621,13.1650685,13.4839896,-0.318921085,R022,P00213,S000,S000,18,R010,P03778,S000,S000,700
-4,-1.6,5.28825844,12.2514487,6.96319022,-76.5968084,-194.299086,-76.225002,-193.608359,117.383357,R012,P00055,S001,S000,1,R069,P70307,S222,S221,2
-3.95,-1.6,5.13825844,11.9713652,6.83310675,-74.0612836,-189.564696,-73.6894771,-188.873968,115.184491,R012,P00055,S001,S000,1,R069,P70307,S222,S110,2
-3.9,-1.6,4.98825844,11.7213652,6.73310675,-71.5257588,-185.338821,-71.1539523,-184.648093,113.494141,R012,P00055,S000,S212,1,R067,P70103,S222,S110,12
-3.85,-1.6,4.86924319,11.4713652,6.602122,-69.5139846,-181.112946,-69.1421781,-180.422219,111.280041,R012,P00055,S000,S212,1,R067,P70103,S222,S110,12
-3.8,-1.6,4.76924319,11.2213652,6.452122,-67.8236347,-176.887072,-67.4518283,-176.196344,108.744516,R012,P00055,S000,S212,1,R067,P70103,S222,S110,12
-3.75,-1.6,4.66924319,10.9464287,6.27718547,-66.1332848,-172.239682,-65.7614784,-171.548955,105.787476,R012,P00055,S000,S212,1,R022,P08462,S001,S000,24
-3.7,-1.6,4.56924319,10.6464287,6.07718547,-64.4429349,-167.168633,-64.0711285,-166.477905,102.406777,R012,P00055,S000,S212,1,R022,P08462,S001,S000,24
-3.65,-1.6,4.46924319,10.3464287,5.87718547,-62.7525851,-162.097583,-62.3807786,-161.406855,99.0260768,R012,P00055,S000,S212,1,R022,P08462,S001,S000,16
-3.6,-1.6,4.36924319,10.0464287,5.67718547,-61.0622352,-157.026533,-60.6904287,-156.335806,95.645377,R012,P00055,S000,S212,1,R022,P08462,S001,S000,16
-3.55,-1.6,4.26924319,9.74642866,5.47718547,-59.3718853,-151.955484,-59.0000788,-151.264756,92.2646773,R012,P00055,S000,S212,1,R022,P08462,S001,S000,16
-3.5,-1.6,4.16924319,9.44642866,5.27718547,-57.6815354,-146.884434,-57.3097289,-146.193706,88.8839775,R012,P00055,S000,S212,1,R022,P08462,S001,S000,16
-3.45,-1.6,4.06924319,9.14642866,5.07718547,-55.9911855,-141.813384,-55.6193791,-141.122657,85.5032777,R012,P00055,S000,S212,1,R022,P08462,S001,S000,16
-3.4,-1.6,3.96924319,8.84642866,4.87718547,-54.3008356,-136.742335,-53.9290292,-136.051607,82.1225779,R012,P00055,S000,S212,1,R022,P08462,S001,S000,16
-3.35,-1.6,3.86924319,8.54642866,4.67718547,-52.6104857,-131.671285,-52.2386793,-130.980557,78.7418782,R012,P00055,S000,S212,1,R022,P08462,S001,S000,16
-3.3,-1.6,3.76924319,8.24642866,4.47718547,-50.9201359,-126.600235,-50.5483294,-125.909508,75.3611784,R012,P00055,S000,S212,1,R022,P08462,S001,S000,16
-3.25,-1.6,3.66924319,7.94642866,4.27718547,-49.229786,-121.529186,-48.8579795,-120.838458,71.9804786,R012,P00055,S000,S212,1,R022,P08462,S001,S000,16
-3.2,-1.6,3.56924319,7.64642866,4.07718547,-47.5394361,-116.458136,-47.1676296,-115.767408,68.5997788,R012,P00055,S000,S212,1,R022,P08462,S001,S000,16
-3.15,-1.6,3.46924319,7.34642866,3.87718547,-45.8490862,-111.387086,-45.4772797,-110.696359,65.2190791,R012,P00055,S000,S212,1,R022,P08462,S001,S000,16
-3.1,-1.6,3.36924319,7.04642866,3.67718547,-44.1587363,-106.316037,-43.7869298,-105.625309,61.8383793,R004,P00007,S000,S212,3,R022,P08462,S001,S000,16
-3.05,-1.6,3.26924319,6.74642866,3.47718547,-42.4683864,-101.244987,-42.09658,-100.554259,58.4576795,R004,P00007,S000,S212,3,R022,P08462,S001,S000,16
-3,-1.6,3.16924319,6.44642866,3.27718547,-40.7780365,-96.1739374,-40.4062301,-95.4832098,55.0769798,R003,P00003,S000,S212,5,R022,P08462,S001,S000,16
-2.95,-1.6,3.06924319,6.14642866,3.07718547,-39.0876866,-91.1028877,-38.7158802,-90.4121602,51.69628,R003,P00003,S000,S212,6,R022,P08462,S001,S000,16
-2.9,-1.6,2.96924319,5.84642866,2.87718547,-37.3973368,-86.0318381,-37.0255303,-85.3411105,48.3155802,R003,P00003,S000,S212,6,R023,P08477,S001,S000,6
-2.85,-1.6,2.86924319,5.54642866,2.67718547,-35.7069869,-80.9607884,-35.3351804,-80.2700609,44.9348804,R003,P00003,S000,S212,6,R025,P08508,S001,S000,4
-2.8,-1.6,2.76924319,5.24642866,2.47718547,-34.016637,-75.8897387,-33.6448305,-75.1990112,41.5541807,R003,P00003,S000,S212,6,R025,P08508,S001,S000,4
-2.75,-1.6,2.66924319,4.94642866,2.27718547,-32.3262871,-70.8186891,-31.9544806,-70.1279615,38.1734809,R003,P00003,S000,S212,6,R029,P24279,S001,S000,2
-2.7,-1.6,2.56924319,4.64642866,2.07718547,-30.6359372,-65.7476394,-30.2641308,-65.0569119,34.7927811,R003,P00003,S000,S212,6,R029,P24279,S001,S000,2
-2.65,-1.6,2.46924319,4.34642866,1.87718547,-28.9455873,-60.6765898,-28.5737809,-59.9858622,31.4120814,R003,P00003,S000,S212,6,R029,P24279,S001,S000,2
-2.6,-1.6,2.36924319,4.04642866,1.67718547,-27.2552374,-55.6055401,-26.883431,-54.9148126,28.0313816,R003,P00003,S000,S212,6,R029,P24279,S001,S000,2
-2.55,-1.6,2.26924319,3.74642866,1.47718547,-25.5648876,-50.5344905,-25.1930811,-49.8437629,24.6506818,R003,P00003,S000,S212,6,R029,P24279,S001,S000,2
-2.5,-1.6,2.16924319,3.45740866,1.28816547,-23.8745377,-45.6490412,-23.5027312,-44.9583137,21.4555825,R003,P00003,S000,S212,6,R061,P68636,S212,S211,2
-2.45,-1.6,2.06924319,3.15740866,1.08816547,-22.1841878,-40.5779916,-21.8123813,-39.887264,18.0748827,R003,P00003,S000,S212,6,R061,P68636,S212,S211,2
-2.4,-1.6,1.96924319,2.85740866,0.888165469,-20.4938379,-35.5069419,-20.1220314,-34.8162144,14.6941829,R003,P00003,S000,S212,6,R061,P68636,S212,S211,2
-2.35,-1.6,1.86924319,2.55740866,0.688165469,-18.803488,-30.4358922,-18.4316816,-29.7451647,11.3134831,R003,P00003,S000,S212,6,R061,P68636,S212,S211,2
-2.3,-1.6,1.76924319,2.25740866,0.488165469,-17.1131381,-25.3648426,-16.7413317,-24.674115,7.93278336,R003,P00003,S000,S212,6,R061,P68636,S212,S211,2
-2.25,-1.6,1.66924319,1.98949894,0.32025575,-15.4227882,-20.8362309,-15.0509818,-20.1455034,5.09452162,R003,P00003,S000,S212,6,R061,P68636,S212,S110,2
-2.2,-1.6,1.56924319,1.8142905,0.245047312,-13.7324384,-17.8745953,-13.3606319,-17.1838678,3.82323587,R003,P00003,S000,S212,6,R062,P68642,S212,S432,1
-2.15,-1.6,1.46924319,1.7142905,0.245047312,-12.0420885,-16.1842454,-11.670282,-15.4935179,3.82323587,R003,P00003,S000,S212,6,R060,P68634,S212,S432,4
-2.1,-1.6,1.36924319,1.6142905,0.245047312,-10.3517386,-14.4938955,-9.97993213,-13.803168,3.82323587,R003,P00003,S000,S212,6,R060,P68634,S212,S432,4
-2.05,-1.6,1.26924319,1.5142905,0.245047312,-8.6613887,-12.8035457,-8.28958224,-12.1128181,3.82323587,R003,P00003,S000,S212,6,R060,P68634,S212,S432,4
-2,-1.6,1.16924319,1.4142905,0.245047312,-6.97103881,-11.1131958,-6.59923235,-10.4224682,3.82323587,R003,P00003,S000,S212,6,R060,P68634,S212,S432,4
-1.95,-1.6,1.06924319,1.3142905,0.245047312,-5.28068893,-9.42284589,-4.90888247,-8.73211834,3.82323587,R003,P00003,S000,S212,6,R060,P68634,S212,S432,4
-1.9,-1.6,0.949869719,1.2142905,0.26442078,-3.26285965,-7.732496,-2.89105319,-7.04176846,4.15071527,R005,P00009,S000,S101,1,R058,P68630,S212,S432,7
-1.85,-1.6,0.869243187,1.1142905,0.245047312,-1.89998915,-6.04214611,-1.5281827,-5.35141857,3.82323587,R011,P00054,S000,S212,4,R058,P68630,S212,S432,7
-1.8,-1.6,0.818929718,1.01895525,0.200025531,-1.04951549,-4.43064682,-0.67770903,-3.73991928,3.06221025,R011,P00054,S111,S212,4,R058,P68630,S322,S432,7
-1.75,-1.6,0.768929718,0.968955249,0.200025531,-0.204340545,-3.58547188,0.167465913,-2.89474434,3.06221025,R011,P00054,S111,S212,4,R058,P68630,S322,S432,7
-1.7,-1.6,0.718929718,0.918955249,0.200025531,0.640834398,-2.74029694,1.01264086,-2.04956939,3.06221025,R011,P00054,S111,S212,4,R058,P68630,S322,S432,7
-1.65,-1.6,0.668929718,0.868955249,0.200025531,1.48600934,-1.89512199,1.8578158,-1.20439445,3.06221025,R011,P00054,S111,S212,4,R058,P68630,S322,S432,8
-1.6,-1.6,0.618929718,0.818955249,0.200025531,2.33118428,-1.04994705,2.70299074,-0.359219508,3.06221025,R011,P00054,S111,S212,4,R058,P68630,S322,S432,16
-1.55,-1.6,0.568929718,0.768955249,0.200025531,3.17635923,-0.204772109,3.54816569,0.485955435,3.06221025,R011,P00054,S111,S212,4,R058,P68630,S322,S432,16
-1.5,-1.6,0.518929718,0.718955249,0.200025531,4.02153417,0.640402835,4.39334063,1.33113038,3.06221025,R011,P00054,S111,S212,4,R058,P68630,S322,S432,16
-1.45,-1.6,0.468929718,0.668955249,0.200025531,4.86670911,1.48557778,5.23851557,2.17630532,3.06221025,R011,P00054,S111,S212,4,R058,P68630,S322,S432,18
-1.4,-1.6,0.418929718,0.618955249,0.200025531,5.71188406,2.33075272,6.08369051,3.02148026,3.06221025,R011,P00054,S111,S212,4,R058,P68630,S322,S432,18
-1.35,-1.6,0.368929718,0.568955249,0.200025531,6.557059,3.17592766,6.92886546,3.86665521,3.06221025,R011,P00054,S111,S212,4,R058,P68630,S322,S432,18
-1.3,-1.6,0.318929718,0.518955249,0.200025531,7.40223394,4.02110261,7.7740404,4.71183015,3.06221025,R011,P00054,S111,S212,4,R058,P68630,S322,S432,18
-1.25,-1.6,0.268929718,0.468955249,0.200025531,8.24740889,4.86627755,8.61921534,5.55700509,3.06221025,R011,P00054,S111,S212,4,R058,P68630,S322,S432,18
-1.2,-1.6,0.218929718,0.418955249,0.200025531,9.09258383,5.71145249,9.46439029,6.40218004,3.06221025,R011,P00054,S111,S212,4,R058,P68630,S322,S432,18
-1.15,-1.6,0.168929718,0.368955249,0.200025531,9.93775877,6.55662744,10.3095652,7.24735498,3.06221025,R011,P00054,S111,S212,4,R058,P68630,S322,S432,18
-1.1,-1.6,0.118929718,0.318955249,0.200025531,10.7829337,7.40180238,11.1547402,8.09252992,3.06221025,R011,P00054,S111,S212,4,R058,P68630,S322,S432,18
-1.05,-1.6,0.068929718,0.268955249,0.200025531,11.6281087,8.24697732,11.9999151,8.93770487,3.06221025,R011,P00054,S111,S212,4,R058,P68630,S322,S432,18
-1,-1.6,0.047308219,0.218955249,0.17164703,11.9935876,9.09215226,12.3653941,9.78287981,2.58251429,R011,P00054,S111,S112,4,R058,P68630,S322,S432,18
-0.95,-1.6,0.0188815,0.168955249,0.150073749,12.4740987,9.93732721,12.8459051,10.6280548,2.21785036,R022,P00213,S111,S211,3,R058,P68630,S322,S432,18
-0.9,-1.6,0,0.118955249,0.118955249,12.7932621,10.7825022,13.1650685,11.4732297,1.69183883,R022,P00213,S000,S000,3,R058,P68630,S322,S432,18
-0.85,-1.6,0,0.068955249,0.068955249,12.7932621,11.6276771,13.1650685,12.3184046,0.846663888,R022,P00213,S000,S000,3,R058,P68630,S322,S432,18
-0.8,-1.6,0,0.018955249,0.018955249,12.7932621,12.472852,13.1650685,13.1635796,0.00148894451,R022,P00213,S000,S000,3,R058,P68630,S322,S432,18
-0.75,-1.6,0,0,0,12.7932621,12.7932621,13.1650685,13.4839896,-0.318921085,R022,P00213,S000,S000,3,R058,P68630,S000,S000,18
-0.7,-1.6,0,0,0,12.7932621,12.7932621,13.1650685,13.4839896,-0.318921085,R022,P00213,S000,S000,3,R058,P68630,S000,S000,18
-0.65,-1.6,0,0,0,12.7932621,12.7932621,13.1650685,13.4839896,-0.318921085,R022,P00213,S000,S000,3,R012,P04429,S000,S000,48
-0.6,-1.6,0,0,0,12.7932621,12.7932621,13.1650685,13.4839896,-0.318921085,R022,P00213,S000,S000,8,R012,P04429,S000,S000,80
-0.55,-1.6,0,0,0,12.7932621,12.7932621,13.1650685,13.4839896,-0.318921085,R022,P00213,S000,S000,8,R012,P04429,S000,S000,140
-0.5,-1.6,0,0,0,12.7932621,12.7932621,13.1650685,13.4839896,-0.318921085,R022,P00213,S000,S000,8,R012,P04429,S000,S000,140
-0.45,-1.6,0,0,0,12.7932621,12.7932621,13.1650685,13.4839896,-0.318921085,R022,P00213,S000,S000,8,R012,P04429,S000,S000,182
-0.4,-1.6,0,0,0,12.7932621,12.7932621,13.1650685,13.4839896,-0.318921085,R022,P00213,S000,S000,8,R012,P04429,S000,S000,182
-0.35,-1.6,0,0,0,12.7932621,12.7932621,13.1650685,13.4839896,-0.318921085,R022,P00213,S000,S000,8,R012,P04429,S000,S000,182
-0.3,-1.6,0,0,0,12.7932621,12.7932621,13.1650685,13.4839896,-0.318921085,R022,P00213,S000,S000,8,R010,P03778,S000,S000,520
-0.25,-1.6,0,0,0,12.7932621,12.7932621,13.1650685,13.4839896,-0.318921085,R022,P00213,S000,S000,8,R010,P03778,S000,S000,520
-0.2,-1.6,0,0,0,12.7932621,12.7932621,13.1650685,13.4839896,-0.318921085,R022,P00213,S000,S000,9,R010,P03778,S000,S000,520
-0.15,-1.6,0,0,0,12.7932621,12.7932621,13.1650685,13.4839896,-0.318921085,R022,P00213,S000,S000,18,R010,P03778,S000,S000,520
-0.1,-1.6,0,0,0,12.7932621,12.7932621,13.1650685,13.4839896,-0.318921085,R022,P00213,S000,S000,18,R010,P03778,S000,S000,560
-0.05,-1.6,0,0,0,12.7932621,12.7932621,13.1650685,13.4839896,-0.318921085,R022,P00213,S000,S000,18,R010,P03778,S000,S000,700
0,-1.6,0,0,0,12.7932621,12.7932621,13.1650685,13.4839896,-0.318921085,R022,P00213,S000,S000,18,R010,P03778,S000,S000,700
-4,-1.55,5.43825844,12.5264487,7.08819022,-79.1323332,-198.947549,-78.7605268,-198.256821,119.496294,R012,P00055,S001,S000,1,R069,P70307,S222,S221,2
-3.95,-1.55,5.28825844,12.2264487,6.93819022,-76.5968084,-193.876499,-76.225002,-193.185771,116.960769,R012,P00055,S001,S000,1,R069,P70307,S222,S221,2
-3.9,-1.55,5.13825844,11.9264487,6.78819022,-74.0612836,-188.805449,-73.6894771,-188.114722,114.425245,R012,P00055,S001,S000,1,R069,P70307,S222,S221,2
-3.85,-1.55,4.98825844,11.6713652,6.68310675,-71.5257588,-184.493646,-71.1539523,-183.802919,112.648966,R012,P00055,S000,S212,1,R067,P70103,S222,S110,12
-3.8,-1.55,4.86924319,11.4213652,6.552122,-69.5139846,-180.267771,-69.1421781,-179.577044,110.434866,R012,P00055,S000,S212,1,R067,P70103,S222,S110,12
-3.75,-1.55,4.76924319,11.1713652,6.402122,-67.8236347,-176.041897,-67.4518283,-175.351169,107.899341,R012,P00055,S000,S212,1,R067,P70103,S222,S110,12
-3.7,-1.55,4.66924319,10.9213652,6.252122,-66.1332848,-171.816022,-65.7614784,-171.125294,105.363816,R012,P00055,S000,S212,1,R067,P70103,S222,S110,12
-3.65,-1.55,4.56924319,10.6214287,6.05218547,-64.4429349,-166.746045,-64.0711285,-166.055318,101.984189,R012,P00055,S000,S212,1,R022,P08462,S001,S000,24
-3.6,-1.55,4.46924319,10.3214287,5.85218547,-62.7525851,-161.674995,-62.3807786,-160.984268,98.6034893,R012,P00055,S000,S212,1,R022,P08462,S001,S000,24
-3.55,-1.55,4.36924319,10.0214287,5.65218547,-61.0622352,-156.603946,-60.6904287,-155.913218,95.2227896,R012,P00055,S000,S212,1,R022,P08462,S001,S000,16
-3.5,-1.55,4.26924319,9.72142866,5.45218547,-59.3718853,-151.532896,-59.0000788,-150.842169,91.8420898,R012,P00055,S000,S212,1,R022,P08462,S001,S000,16
-3.45,-1.55,4.16924319,9.42142866,5.25218547,-57.6815354,-146.461846,-57.3097289,-145.771119,88.46139,R012,P00055,S000,S212,1,R022,P08462,S001,S000,16
-3.4,-1.55,4.06924319,9.12142866,5.05218547,-55.9911855,-141.390797,-55.6193791,-140.700069,85.0806902,R012,P00055,S000,S212,1,R022,P08462,S001,S000,16
-3.35,-1.55,3.96924319,8.82142866,4.85218547,-54.3008356,-136.319747,-53.9290292,-135.62902,81.6999905,R012,P00055,S000,S212,1,R022,P08462,S001,S000,16
-3.3,-1.55,3.86924319,8.52142866,4.65218547,-52.6104857,-131.248698,-52.2386793,-130.55797,78.3192907,R012,P00055,S000,S212,1,R022,P08462,S001,S000,16
-3.25,-1.55,3.76924319,8.22142866,4.45218547,-50.9201359,-126.177648,-50.5483294,-125.48692,74.9385909,R012,P00055,S000,S212,1,R022,P08462,S001,S000,16
-3.2,-1.55,3.66924319,7.92142866,4.25218547,-49.229786,-121.106598,-48.8579795,-120.415871,71.5578911,R012,P00055,S000,S212,1,R022,P08462,S001,S000,16
-3.15,-1.55,3.56924319,7.62142866,4.05218547,-47.5394361,-116.035549,-47.1676296,-115.344821,68.1771914,R012,P00055,S000,S212,1,R022,P08462,S001,S000,16
-3.1,-1.55,3.46924319,7.32142866,3.85218547,-45.8490862,-110.964499,-45.4772797,-110.273771,64.7964916,R004,P00007,S000,S212,3,R022,P08462,S001,S000,16
-3.05,-1.55,3.36924319,7.02142866,3.65218547,-44.1587363,-105.893449,-43.7869298,-105.202722,61.4157918,R003,P00003,S000,S212,4,R022,P08462,S001,S000,16
-3,-1.55,3.26924319,6.72142866,3.45218547,-42.4683864,-100.8224,-42.09658,-100.131672,58.0350921,R003,P00003,S000,S212,5,R022,P08462,S001,S000,16
-2.95,-1.55,3.16924319,6.42142866,3.25218547,-40.7780365,-95.7513499,-40.4062301,-95.0606224,54.6543923,R003,P00003,S000,S212,6,R022,P08462,S001,S000,16
-2.9,-1.55,3.06924319,6.12142866,3.05218547,-39.0876866,-90.6803002,-38.7158802,-89.9895727,51.2736925,R003,P00003,S000,S212,6,R022,P08462,S001,S000,16
-2.85,-1.55,2.96924319,5.82142866,2.85218547,-37.3973368,-85.6092506,-37.0255303,-84.918523,47.8929927,R003,P00003,S000,S212,6,R023,P08477,S001,S000,6
-2.8,-1.55,2.86924319,5.52142866,2.65218547,-35.7069869,-80.5382009,-35.3351804,-79.8474734,44.512293,R003,P00003,S000,S212,6,R025,P08508,S001,S000,4
-2.75,-1.55,2.76924319,5.22142866,2.45218547,-34.016637,-75.4671513,-33.6448305,-74.7764237,41.1315932,R003,P00003,S000,S212,6,R025,P08508,S001,S000,4
-2.7,-1.55,2.66924319,4.92142866,2.25218547,-32.3262871,-70.3961016,-31.9544806,-69.7053741,37.7508934,R003,P00003,S000,S212,6,R029,P24279,S001,S000,2
-2.65,-1.55,2.56924319,4.62142866,2.05218547,-30.6359372,-65.325052,-30.2641308,-64.6343244,34.3701937,R003,P00003,S000,S212,6,R029,P24279,S001,S000,2
-2.6,-1.55,2.46924319,4.32142866,1.85218547,-28.9455873,-60.2540023,-28.5737809,-59.5632748,30.9894939,R003,P00003,S000,S212,6,R029,P24279,S001,S000,2
-2.55,-1.55,2.36924319,4.02142866,1.65218547,-27.2552374,-55.1829526,-26.883431,-54.4922251,27.6087941,R003,P00003,S000,S212,6,R029,P24279,S001,S000,2
-2.5,-1.55,2.26924319,3.72142866,1.45218547,-25.5648876,-50.111903,-25.1930811,-49.4211754,24.2280943,R003,P00003,S000,S212,6,R029,P24279,S001,S000,2
-2.45,-1.55,2.16924319,3.43240866,1.26316547,-23.8745377,-45.2264537,-23.5027312,-44.5357262,21.032995,R003,P00003,S000,S212,6,R061,P68636,S212,S211,2
-2.4,-1.55,2.06924319,3.13240866,1.06316547,-22.1841878,-40.1554041,-21.8123813,-39.4646765,17.6522952,R003,P00003,S000,S212,6,R061,P68636,S212,S211,2
-2.35,-1.55,1.96924319,2.83240866,0.863165469,-20.4938379,-35.0843544,-20.1220314,-34.3936269,14.2715954,R003,P00003,S000,S212,6,R061,P68636,S212,S211,2
-2.3,-1.55,1.86924319,2.53240866,0.663165469,-18.803488,-30.0133048,-18.4316816,-29.3225772,10.8908957,R003,P00003,S000,S212,6,R061,P68636,S212,S211,2
-2.25,-1.55,1.76924319,2.23949894,0.47025575,-17.1131381,-25.0621057,-16.7413317,-24.3713781,7.63004645,R003,P00003,S000,S212,6,R061,P68636,S212,S110,2
-2.2,-1.55,1.66924319,1.98949894,0.32025575,-15.4227882,-20.8362309,-15.0509818,-20.1455034,5.09452162,R003,P00003,S000,S212,6,R060,P68634,S212,S110,4
-2.15,-1.55,1.56924319,1.8142905,0.245047312,-13.7324384,-17.8745953,-13.3606319,-17.1838678,3.82323587,R003,P00003,S000,S212,6,R060,P68634,S212,S432,4
-2.1,-1.55,1.46924319,1.7142905,0.245047312,-12.0420885,-16.1842454,-11.670282,-15.4935179,3.82323587,R003,P00003,S000,S212,6,R060,P68634,S212,S432,4
-2.05,-1.55,1.36924319,1.6142905,0.245047312,-10.3517386,-14.4938955,-9.97993213,-13.803168,3.82323587,R003,P00003,S000,S212,6,R060,P68634,S212,S432,4
-2,-1.55,1.26924319,1.5142905,0.245047312,-8.6613887,-12.8035457,-8.28958224,-12.1128181,3.82323587,R003,P00003,S000,S212,6,R060,P68634,S212,S432,4
-1.95,-1.55,1.16924319,1.4142905,0.245047312,-6.97103881,-11.1131958,-6.59923235,-10.4224682,3.82323587,R003,P00003,S000,S212,6,R060,P68634,S212,S432,4
-1.9,-1.55,1.04456469,1.3142905,0.269725812,-4.86353593,-9.42284589,-4.49172947,-8.73211834,4.24038887,R005,P00009,S000,S312,1,R058,P68630,S212,S432,7
-1.85,-1.55,0.924869719,1.2142905,0.28942078,-2.84027217,-7.732496,-2.46846572,-7.04176846,4.57330274,R005,P00009,S000,S101,1,R058,P68630,S212,S432,7
-1.8,-1.55,0.869243187,1.1142905,0.245047312,-1.89998915,-6.04214611,-1.5281827,-5.35141857,3.82323587,R011,P00054,S000,S212,4,R058,P68630,S212,S432,7
-1.75,-1.55,0.793929718,1.01895525,0.225025531,-0.626928017,-4.43064682,-0.255121558,-3.73991928,3.48479772,R011,P00054,S111,S212,4,R058,P68630,S322,S432,7
-1.7,-1.55,0.743929718,0.968955249,0.225025531,0.218246926,-3.58547188,0.590053385,-2.89474434,3.48479772,R011,P00054,S111,S212,4,R058,P68630,S322,S432,7
-1.65,-1.55,0.693929718,0.918955249,0.225025531,1.06342187,-2.74029694,1.43522833,-2.04956939,3.48479772,R011,P00054,S111,S212,4,R058,P68630,S322,S432,7
-1.6,-1.55,0.643929718,0.868955249,0.225025531,1.90859681,-1.89512199,2.28040327,-1.20439445,3.48479772,R011,P00054,S111,S212,4,R058,P68630,S322,S432,16
-1.55,-1.55,0.593929718,0.818955249,0.225025531,2.75377176,-1.04994705,3.12557821,-0.359219508,3.48479772,R011,P00054,S111,S212,4,R058,P68630,S322,S432,16
-1.5,-1.55,0.543929718,0.768955249,0.225025531,3.5989467,-0.204772109,3.97075316,0.485955435,3.48479772,R011,P00054,S111,S212,4,R058,P68630,S322,S432,16
-1.45,-1.55,0.493929718,0.718955249,0.225025531,4.44412164,0.640402835,4.8159281,1.33113038,3.48479772,R011,P00054,S111,S212,4,R058,P68630,S322,S432,18
-1.4,-1.55,0.443929718,0.668955249,0.225025531,5.28929658,1.48557778,5.66110304,2.17630532,3.48479772,R011,P00054,S111,S212,4,R058,P68630,S322,S432,18
-1.35,-1.55,0.393929718,0.618955249,0.225025531,6.13447153,2.33075272,6.50627799,3.02148026,3.48479772,R011,P00054,S111,S212,4,R058,P68630,S322,S432,18
-1.3,-1.55,0.343929718,0.568955249,0.225025531,6.97964647,3.17592766,7.35145293,3.86665521,3.48479772,R011,P00054,S111,S212,4,R058,P68630,S322,S432,18
-1.25,-1.55,0.293929718,0.518955249,0.225025531,7.82482141,4.02110261,8.19662787,4.71183015,3.48479772,R011,P00054,S111,S212,4,R058,P68630,S322,S432,18
-1.2,-1.55,0.243929718,0.468955249,0.225025531,8.66999636,4.86627755,9.04180282,5.55700509,3.48479772,R011,P00054,S111,S212,4,R058,P68630,S322,S432,18
-1.15,-1.55,0.193929718,0.418955249,0.225025531,9.5151713,5.71145249,9.88697776,6.40218004,3.48479772,R011,P00054,S111,S212,4,R058,P68630,S322,S432,18
-1.1,-1.55,0.143929718,0.368955249,0.225025531,10.3603462,6.55662744,10.7321527,7.24735498,3.48479772,R011,P00054,S111,S212,4,R058,P68630,S322,S432,18
-1.05,-1.55,0.093929718,0.318955249,0.225025531,11.2055212,7.40180238,11.5773276,8.09252992,3.48479772,R011,P00054,S111,S212,4,R058,P68630,S322,S432,18
-1,-1.55,0.0688815,0.268955249,0.200073749,11.6289237,8.24697732,12.0007302,8.93770487,3.0630253,R014,P00058,S111,S211,6,R058,P68630,S322,S432,18
-0.95,-1.55,0.0188815,0.218955249,0.200073749,12.4740987,9.09215226,12.8459051,9.78287981,3.0630253,R022,P00213,S111,S211,3,R058,P68630,S322,S432,18
-0.9,-1.55,0,0.168955249,0.168955249,12.7932621,9.93732721,13.1650685,10.6280548,2.53701377,R022,P00213,S000,S000,3,R058,P68630,S322,S432,18
-0.85,-1.55,0,0.118955249,0.118955249,12.7932621,10.7825022,13.1650685,11.4732297,1.69183883,R022,P00213,S000,S000,3,R058,P68630,S322,S432,18
-0.8,-1.55,0,0.068955249,0.068955249,12.7932621,11.6276771,13.1650685,12.3184046,0.846663888,R022,P00213,S000,S000,3,R058,P68630,S322,S432,18
-0.75,-1.55,0,0.018955249,0.018955249,12.7932621,12.472852,13.1650685,13.1635796,0.00148894451,R022,P00213,S000,S000,3,R058,P68630,S322,S432,18
-0.7,-1.55,0,0,0,12.7932621,12.7932621,13.1650685,13.4839896,-0.318921085,R022,P00213,S000,S000,3,R058,P68630,S000,S000,18
-0.65,-1.55,0,0,0,12.7932621,12.7932621,13.1650685,13.4839896,-0.318921085,R022,P00213,S000,S000,3,R013,P04640,S000,S000,36
-0.6,-1.55,0,0,0,12.7932621,12.7932621,13.1650685,13.4839896,-0.318921085,R022,P00213,S000,S000,8,R012,P04429,S000,S000,48
-0.55,-1.55,0,0,0,12.7932621,12.7932621,13.1650685,13.4839896,-0.318921085,R022,P00213,S000,S000,8,R012,P04429,S000,S000,80
-0.5,-1.55,0,0,0,12.7932621,12.7932621,13.1650685,13.4839896,-0.318921085,R022,P00213,S000,S000,8,R012,P04429,S000,S000,140
-0.45,-1.55,0,0,0,12.7932621,12.7932621,13.1650685,13.4839896,-0.318921085,R022,P00213,S000,S000,8,R012,P04429,S000,S000,182
-0.4,-1.55,0,0,0,12.7932621,12.7932621,13.1650685,13.4839896,-0.318921085,R022,P00213,S000,S000,8,R012,P04429,S000,S000,182
-0.35,-1.55,0,0,0,12.7932621,12.7932621,13.1650685,13.4839896,-0.318921085,R022,P00213,S000,S000,8,R012,P04429,S000,S000,182
-0.3,-1.55,0,0,0,12.7932621,12.7932621,13.1650685,13.4839896,-0.318921085,R022,P00213,S000,S000,8,R010,P03778,S000,S000,520
-0.25,-1.55,0,0,0,12.7932621,12.7932621,13.1650685,13.4839896,-0.318921085,R022,P00213,S000,S000,8,R010,P03778,S000,S000,520
-0.2,-1.55,0,0,0,12.7932621,12.7932621,13.1650685,13.4839896,-0.318921085,R022,P00213,S000,S000,9,R010,P03778,S000,S000,520
-0.15,-1.55,0,0,0,12.7932621,12.7932621,13.1650685,13.4839896,-0.318921085,R022,P00213,S000,S000,18,R010,P03778,S000,S000,520
-0.1,-1.55,0,0,0,12.7932621,12.7932621,13.1650685,13.4839896,-0.318921085,R022,P00213,S000,S000,18,R010,P03778,S000,S000,560
-0.05,-1.55,0,0,0,12.7932621,12.7932621,13.1650685,13.4839896,-0.318921085,R022,P00213,S000,S000,18,R010,P03778,S000,S000,700
0,-1.55,0,0,0,12.7932621,12.7932621,13.1650685,13.4839896,-0.318921085,R022,P00213,S000,S000,18,R010,P03778,S000,S000,700
-4,-1.5,5.58825844,12.8014487,7.21319022,-81.6678581,-203.596011,-81.2960516,-202.905283,121.609232,R009,P00047,S212,S211,3,R069,P70307,S222,S221,2
-3.95,-1.5,5.43825844,12.5014487,7.06319022,-79.1323332,-198.524961,-78.7605268,-197.834234,119.073707,R009,P00047,S212,S211,3,R069,P70307,S222,S221,2
-3.9,-1.5,5.28825844,12.2014487,6.91319022,-76.5968084,-193.453911,-76.225002,-192.763184,116.538182,R009,P00047,S212,S211,3,R069,P70307,S222,S221,2
-3.85,-1.5,5.13825844,11.9014487,6.76319022,-74.0612836,-188.382862,-73.6894771,-187.692134,114.002657,R009,P00047,S212,S211,3,R069,P70307,S222,S221,2
-3.8,-1.5,4.98825844,11.6213652,6.63310675,-71.5257588,-183.648471,-71.1539523,-182.957744,111.803791,R009,P00047,S212,S211,3,R069,P70307,S222,S110,2
-3.75,-1.5,4.86924319,11.3713652,6.502122,-69.5139846,-179.422596,-69.1421781,-178.731869,109.589691,R009,P00047,S000,S212,3,R067,P70103,S222,S110,12
-3.7,-1.5,4.76924319,11.1213652,6.352122,-67.8236347,-175.196722,-67.4518283,-174.505994,107.054166,R009,P00047,S000,S212,3,R067,P70103,S222,S110,12
-3.65,-1.5,4.66924319,10.8713652,6.202122,-66.1332848,-170.970847,-65.7614784,-170.280119,104.518641,R009,P00047,S000,S212,3,R067,P70103,S222,S110,20
-3.6,-1.5,4.56924319,10.5964287,6.02718547,-64.4429349,-166.323458,-64.0711285,-165.63273,101.561602,R009,P00047,S000,S212,3,R022,P08462,S001,S000,40
-3.55,-1.5,4.46924319,10.2964287,5.82718547,-62.7525851,-161.252408,-62.3807786,-160.56168,98.1809019,R009,P00047,S000,S212,3,R022,P08462,S001,S000,40
-3.5,-1.5,4.36924319,9.99642866,5.62718547,-61.0622352,-156.181358,-60.6904287,-155.490631,94.8002021,R009,P00047,S000,S212,3,R022,P08462,S001,S000,16
-3.45,-1.5,4.26924319,9.69642866,5.42718547,-59.3718853,-151.110309,-59.0000788,-150.419581,91.4195023,R009,P00047,S000,S212,3,R022,P08462,S001,S000,16
-3.4,-1.5,4.16924319,9.39642866,5.22718547,-57.6815354,-146.039259,-57.3097289,-145.348531,88.0388025,R009,P00047,S000,S212,3,R022,P08462,S001,S000,16
-3.35,-1.5,4.06924319,9.09642866,5.02718547,-55.9911855,-140.968209,-55.6193791,-140.277482,84.6581028,R009,P00047,S000,S212,3,R022,P08462,S001,S000,16
-3.3,-1.5,3.96924319,8.79642866,4.82718547,-54.3008356,-135.89716,-53.9290292,-135.206432,81.277403,R009,P00047,S000,S212,3,R022,P08462,S001,S000,16
-3.25,-1.5,3.86924319,8.49642866,4.62718547,-52.6104857,-130.82611,-52.2386793,-130.135382,77.8967032,R009,P00047,S000,S212,3,R022,P08462,S001,S000,16
-3.2,-1.5,3.76924319,8.19642866,4.42718547,-50.9201359,-125.75506,-50.5483294,-125.064333,74.5160034,R009,P00047,S000,S212,3,R022,P08462,S001,S000,16
-3.15,-1.5,3.66924319,7.89642866,4.22718547,-49.229786,-120.684011,-48.8579795,-119.993283,71.1353037,R009,P00047,S000,S212,3,R022,P08462,S001,S000,16
-3.1,-1.5,3.56924319,7.59642866,4.02718547,-47.5394361,-115.612961,-47.1676296,-114.922234,67.7546039,R009,P00047,S000,S212,3,R022,P08462,S001,S000,16
-3.05,-1.5,3.46924319,7.29642866,3.82718547,-45.8490862,-110.541911,-45.4772797,-109.851184,64.3739041,R003,P00003,S000,S212,6,R022,P08462,S001,S000,16
-3,-1.5,3.36924319,6.99642866,3.62718547,-44.1587363,-105.470862,-43.7869298,-104.780134,60.9932044,R003,P00003,S000,S212,6,R022,P08462,S001,S000,16
-2.95,-1.5,3.26924319,6.69642866,3.42718547,-42.4683864,-100.399812,-42.09658,-99.7090845,57.6125046,R003,P00003,S000,S212,10,R022,P08462,S001,S000,16
-2.9,-1.5,3.16924319,6.39642866,3.22718547,-40.7780365,-95.3287624,-40.4062301,-94.6380349,54.2318048,R003,P00003,S000,S212,10,R022,P08462,S001,S000,16
-2.85,-1.5,3.06924319,6.09642866,3.02718547,-39.0876866,-90.2577128,-38.7158802,-89.5669852,50.851105,R003,P00003,S000,S212,10,R022,P08462,S001,S000,16
-2.8,-1.5,2.96924319,5.79642866,2.82718547,-37.3973368,-85.1866631,-37.0255303,-84.4959356,47.4704053,R003,P00003,S000,S212,10,R023,P08477,S001,S000,6
-2.75,-1.5,2.86924319,5.49642866,2.62718547,-35.7069869,-80.1156135,-35.3351804,-79.4248859,44.0897055,R003,P00003,S000,S212,10,R025,P08508,S001,S000,4
-2.7,-1.5,2.76924319,5.19642866,2.42718547,-34.016637,-75.0445638,-33.6448305,-74.3538363,40.7090057,R003,P00003,S000,S212,10,R025,P08508,S001,S000,4
-2.65,-1.5,2.66924319,4.89642866,2.22718547,-32.3262871,-69.9735141,-31.9544806,-69.2827866,37.328306,R003,P00003,S000,S212,10,R025,P08508,S001,S000,4
-2.6,-1.5,2.56924319,4.59642866,2.02718547,-30.6359372,-64.9024645,-30.2641308,-64.2117369,33.9476062,R003,P00003,S000,S212,10,R029,P24279,S001,S000,2
-2.55,-1.5,2.46924319,4.29642866,1.82718547,-28.9455873,-59.8314148,-28.5737809,-59.1406873,30.5669064,R003,P00003,S000,S212,10,R029,P24279,S001,S000,2
-2.5,-1.5,2.36924319,3.99642866,1.62718547,-27.2552374,-54.7603652,-26.883431,-54.0696376,27.1862066,R003,P00003,S000,S212,10,R029,P24279,S001,S000,2
-2.45,-1.5,2.26924319,3.69642866,1.42718547,-25.5648876,-49.6893155,-25.1930811,-48.998588,23.8055069,R003,P00003,S000,S212,10,R029,P24279,S001,S000,2
-2.4,-1.5,2.16924319,3.40740866,1.23816547,-23.8745377,-44.8038663,-23.5027312,-44.1131387,20.6104075,R003,P00003,S000,S212,10,R060,P68634,S212,S211,4
-2.35,-1.5,2.06924319,3.10740866,1.03816547,-22.1841878,-39.7328166,-21.8123813,-39.0420891,17.2297077,R003,P00003,S000,S212,10,R060,P68634,S212,S211,4
-2.3,-1.5,1.96924319,2.80740866,0.838165469,-20.4938379,-34.661767,-20.1220314,-33.9710394,13.849008,R003,P00003,S000,S212,10,R060,P68634,S212,S211,4
-2.25,-1.5,1.86924319,2.50740866,0.638165469,-18.803488,-29.5907173,-18.4316816,-28.8999897,10.4683082,R003,P00003,S000,S212,10,R060,P68634,S212,S211,4
-2.2,-1.5,1.76924319,2.23949894,0.47025575,-17.1131381,-25.0621057,-16.7413317,-24.3713781,7.63004645,R003,P00003,S000,S212,10,R060,P68634,S212,S110,4
-2.15,-1.5,1.66924319,1.98949894,0.32025575,-15.4227882,-20.8362309,-15.0509818,-20.1455034,5.09452162,R003,P00003,S000,S212,10,R060,P68634,S212,S110,4
-2.1,-1.5,1.56924319,1.8142905,0.245047312,-13.7324384,-17.8745953,-13.3606319,-17.1838678,3.82323587,R003,P00003,S000,S212,10,R060,P68634,S212,S432,4
-2.05,-1.5,1.46924319,1.7142905,0.245047312,-12.0420885,-16.1842454,-11.670282,-15.4935179,3.82323587,R003,P00003,S000,S212,10,R060,P68634,S212,S432,4
-2,-1.5,1.36924319,1.6142905,0.245047312,-10.3517386,-14.4938955,-9.97993213,-13.803168,3.82323587,R003,P00003,S000,S212,10,R060,P68634,S212,S432,4
-1.95,-1.5,1.26924319,1.5142905,0.245047312,-8.6613887,-12.8035457,-8.28958224,-12.1128181,3.82323587,R003,P00003,S000,S212,10,R060,P68634,S212,S432,4
-1.9,-1.5,1.14456469,1.4142905,0.269725812,-6.55388582,-11.1131958,-6.18207936,-10.4224682,4.24038887,R005,P00009,S000,S312,1,R058,P68630,S212,S432,7
-1.85,-1.5,0.994564687,1.3142905,0.319725812,-4.01836099,-9.42284589,-3.64655453,-8.73211834,5.08556381,R005,P00009,S000,S312,1,R058,P68630,S212,S432,7
-1.8,-1.5,0.899869719,1.2142905,0.31442078,-2.4176847,-7.732496,-2.04587824,-7.04176846,4.99589021,R005,P00009,S000,S101,1,R058,P68630,S212,S432,7
-1.75,-1.5,0.849869719,1.1142905,0.26442078,-1.57250976,-6.04214611,-1.2007033,-5.35141857,4.15071527,R005,P00009,S000,S101,1,R058,P68630,S212,S432,7
-1.7,-1.5,0.769194969,1.01895525,0.24976028,-0.208824215,-4.43064682,0.162982243,-3.73991928,3.90290152,R016,P00064,S000,S211,1,R058,P68630,S322,S432,7
-1.65,-1.5,0.7188815,0.968955249,0.250073749,0.641649451,-3.58547188,1.01345591,-2.89474434,3.90820025,R016,P00064,S111,S211,1,R058,P68630,S322,S432,7
-1.6,-1.5,0.6688815,0.918955249,0.250073749,1.48682439,-2.74029694,1.85863085,-2.04956939,3.90820025,R016,P00064,S111,S211,1,R058,P68630,S322,S432,14
-1.55,-1.5,0.6188815,0.868955249,0.250073749,2.33199934,-1.89512199,2.7038058,-1.20439445,3.90820025,R016,P00064,S111,S211,1,R058,P68630,S322,S432,16
-1.5,-1.5,0.5688815,0.818955249,0.250073749,3.17717428,-1.04994705,3.54898074,-0.359219508,3.90820025,R016,P00064,S111,S211,1,R058,P68630,S322,S432,16
-1.45,-1.5,0.5188815,0.768955249,0.250073749,4.02234922,-0.204772109,4.39415568,0.485955435,3.90820025,R016,P00064,S111,S211,1,R058,P68630,S322,S432,18
-1.4,-1.5,0.4688815,0.718955249,0.250073749,4.86752417,0.640402835,5.23933062,1.33113038,3.90820025,R016,P00064,S111,S211,1,R058,P68630,S322,S432,18
-1.35,-1.5,0.4188815,0.668955249,0.250073749,5.71269911,1.48557778,6.08450557,2.17630532,3.90820025,R016,P00064,S111,S211,1,R058,P68630,S322,S432,18
-1.3,-1.5,0.3688815,0.618955249,0.250073749,6.55787405,2.33075272,6.92968051,3.02148026,3.90820025,R016,P00064,S111,S211,1,R058,P68630,S322,S432,18
-1.25,-1.5,0.3188815,0.568955249,0.250073749,7.40304899,3.17592766,7.77485545,3.86665521,3.90820025,R016,P00064,S111,S211,1,R058,P68630,S322,S432,18
-1.2,-1.5,0.2688815,0.518955249,0.250073749,8.24822394,4.02110261,8.6200304,4.71183015,3.90820025,R016,P00064,S111,S211,1,R058,P68630,S322,S432,18
-1.15,-1.5,0.2188815,0.468955249,0.250073749,9.09339888,4.86627755,9.46520534,5.55700509,3.90820025,R016,P00064,S111,S211,1,R058,P68630,S322,S432,18
-1.1,-1.5,0.1688815,0.418955249,0.250073749,9.93857382,5.71145249,10.3103803,6.40218004,3.90820025,R016,P00064,S111,S211,1,R058,P68630,S322,S432,18
-1.05,-1.5,0.1188815,0.368955249,0.250073749,10.7837488,6.55662744,11.1555552,7.24735498,3.90820025,R016,P00064,S111,S211,1,R058,P68630,S322,S432,18
-1,-1.5,0.08278,0.318955249,0.236175249,11.3939904,7.40180238,11.7657969,8.09252992,3.67326697,R014,P00058,S000,S001,3,R058,P68630,S322,S432,18
-0.95,-1.5,0.04365525,0.268955249,0.225299999,12.0553356,8.24697732,12.4271421,8.93770487,3.48943719,R022,P00213,S000,S110,3,R058,P68630,S322,S432,18
-0.9,-1.5,0,0.218955249,0.218955249,12.7932621,9.09215226,13.1650685,9.78287981,3.38218872,R024,P00219,S000,S000,1,R058,P68630,S322,S432,18
-0.85,-1.5,0,0.168955249,0.168955249,12.7932621,9.93732721,13.1650685,10.6280548,2.53701377,R024,P00219,S000,S000,1,R058,P68630,S322,S432,18
-0.8,-1.5,0,0.118955249,0.118955249,12.7932621,10.7825022,13.1650685,11.4732297,1.69183883,R024,P00219,S000,S000,1,R058,P68630,S322,S432,18
-0.75,-1.5,0,0.068955249,0.068955249,12.7932621,11.6276771,13.1650685,12.3184046,0.846663888,R024,P00219,S000,S000,1,R058,P68630,S322,S432,18
-0.7,-1.5,0,0.018955249,0.018955249,12.7932621,12.472852,13.1650685,13.1635796,0.00148894451,R024,P00219,S000,S000,1,R058,P68630,S322,S432,18
-0.65,-1.5,0,0,0,12.7932621,12.7932621,13.1650685,13.4839896,-0.318921085,R024,P00219,S000,S000,1,R013,P04640,S000,S000,36
-0.6,-1.5,0,0,0,12.7932621,12.7932621,13.1650685,13.4839896,-0.318921085,R023,P00216,S000,S000,6,R013,P04640,S000,S000,36
-0.55,-1.5,0,0,0,12.7932621,12.7932621,13.1650685,13.4839896,-0.318921085,R023,P00216,S000,S000,6,R012,P04429,S000,S000,48
-0.5,-1.5,0,0,0,12.7932621,12.7932621,13.1650685,13.4839896,-0.318921085,R023,P00216,S000,S000,6,R012,P04429,S000,S000,80
-0.45,-1.5,0,0,0,12.7932621,12.7932621,13.1650685,13.4839896,-0.318921085,R023,P00216,S000,S000,6,R012,P04429,S000,S000,182
-0.4,-1.5,0,0,0,12.7932621,12.7932621,13.1650685,13.4839896,-0.318921085,R023,P00216,S000,S000,6,R012,P04429,S000,S000,182
-0.35,-1.5,0,0,0,12.7932621,12.7932621,13.1650685,13.4839896,-0.318921085,R023,P00216,S000,S000,6,R012,P04429,S000,S000,182
-0.3,-1.5,0,0,0,12.7932621,12.7932621,13.1650685,13.4839896,-0.318921085,R023,P00216,S000,S000,6,R010,P03778,S000,S000,520
-0.25,-1.5,0,0,0,12.7932621,12.7932621,13.1650685,13.4839896,-0.318921085,R023,P00216,S000,S000,6,R010,P03778,S000,S000,520
-0.2,-1.5,0,0,0,12.7932621,12.7932621,13.1650685,13.4839896,-0.318921085,R023,P00216,S000,S000,7,R010,P03778,S000,S000,520
-0.15,-1.5,0,0,0,12.7932621,12.7932621,13.1650685,13.4839896,-0.318921085,R023,P00216,S000,S000,14,R010,P03778,S000,S000,520
-0.1,-1.5,0,0,0,12.7932621,12.7932621,13.1650685,13.4839896,-0.318921085,R023,P00216,S000,S000,14,R010,P03778,S000,S000,560
-0.05,-1.5,0,0,0,12.7932621,12.7932621,13.1650685,13.4839896,-0.318921085,R023,P00216,S000,S000,14,R010,P03778,S000,S000,700
0,-1.5,0,0,0,12.7932621,12.7932621,13.1650685,13.4839896,-0.318921085,R023,P00216,S000,S000,14,R010,P03778,S000,S000,700
-4,-1.45,5.73825844,13.0764487,7.33819022,-84.2033829,-208.244473,-83.8315764,-207.553745,123.722169,R009,P00047,S212,S211,3,R069,P70307,S222,S221,2
-3.95,-1.45,5.58825844,12.7764487,7.18819022,-81.6678581,-203.173423,-81.2960516,-202.482696,121.186644,R009,P00047,S212,S211,3,R069,P70307,S222,S221,2
-3.9,-1.45,5.43825844,12.4764487,7.03819022,-79.1323332,-198.102374,-78.7605268,-197.411646,118.651119,R009,P00047,S212,S211,3,R069,P70307,S222,S221,2
-3.85,-1.45,5.28825844,12.1764487,6.88819022,-76.5968084,-193.031324,-76.225002,-192.340596,116.115594,R009,P00047,S212,S211,3,R069,P70307,S222,S221,2
-3.8,-1.45,5.13825844,11.8764487,6.73819022,-74.0612836,-187.960274,-73.6894771,-187.269547,113.58007,R009,P00047,S212,S211,3,R069,P70307,S222,S221,2
-3.75,-1.45,4.98825844,11.5764487,6.58819022,-71.5257588,-182.889225,-71.1539523,-182.198497,111.044545,R009,P00047,S000,S212,3,R069,P70307,S222,S221,2
-3.7,-1.45,4.86924319,11.3213652,6.452122,-69.5139846,-178.577421,-69.1421781,-177.886694,108.744516,R009,P00047,S000,S212,3,R067,P70103,S222,S110,12
-3.65,-1.45,4.76924319,11.0713652,6.302122,-67.8236347,-174.351547,-67.4518283,-173.660819,106.208991,R009,P00047,S000,S212,3,R067,P70103,S222,S110,12
-3.6,-1.45,4.66924319,10.8213652,6.152122,-66.1332848,-170.125672,-65.7614784,-169.434945,103.673466,R009,P00047,S000,S212,3,R067,P70103,S222,S110,20
-3.55,-1.45,4.56924319,10.5713652,6.002122,-64.4429349,-165.899797,-64.0711285,-165.20907,101.137941,R009,P00047,S000,S212,3,R066,P70100,S222,S110,21
-3.5,-1.45,4.46924319,10.2714287,5.80218547,-62.7525851,-160.829821,-62.3807786,-160.139093,97.7583144,R009,P00047,S000,S212,3,R022,P08462,S001,S000,40
-3.45,-1.45,4.36924319,9.97142866,5.60218547,-61.0622352,-155.758771,-60.6904287,-155.068043,94.3776146,R009,P00047,S000,S212,3,R022,P08462,S001,S000,40
-3.4,-1.45,4.26924319,9.67142866,5.40218547,-59.3718853,-150.687721,-59.0000788,-149.996994,90.9969148,R009,P00047,S000,S212,3,R022,P08462,S001,S000,16
-3.35,-1.45,4.16924319,9.37142866,5.20218547,-57.6815354,-145.616672,-57.3097289,-144.925944,87.6162151,R009,P00047,S000,S212,3,R022,P08462,S001,S000,16
-3.3,-1.45,4.06924319,9.07142866,5.00218547,-55.9911855,-140.545622,-55.6193791,-139.854894,84.2355153,R009,P00047,S000,S212,3,R022,P08462,S001,S000,16
-3.25,-1.45,3.96924319,8.77142866,4.80218547,-54.3008356,-135.474572,-53.9290292,-134.783845,80.8548155,R009,P00047,S000,S212,3,R022,P08462,S001,S000,16
-3.2,-1.45,3.86924319,8.47142866,4.60218547,-52.6104857,-130.403523,-52.2386793,-129.712795,77.4741157,R009,P00047,S000,S212,3,R022,P08462,S001,S000,16
-3.15,-1.45,3.76924319,8.17142866,4.40218547,-50.9201359,-125.332473,-50.5483294,-124.641745,74.093416,R009,P00047,S000,S212,3,R022,P08462,S001,S000,16
-3.1,-1.45,3.66924319,7.87142866,4.20218547,-49.229786,-120.261423,-48.8579795,-119.570696,70.7127162,R009,P00047,S000,S212,3,R022,P08462,S001,S000,16
-3.05,-1.45,3.56924319,7.57142866,4.00218547,-47.5394361,-115.190374,-47.1676296,-114.499646,67.3320164,R003,P00003,S000,S212,6,R022,P08462,S001,S000,16
-3,-1.45,3.46924319,7.27142866,3.80218547,-45.8490862,-110.119324,-45.4772797,-109.428596,63.9513167,R003,P00003,S000,S212,6,R022,P08462,S001,S000,16
-2.95,-1.45,3.36924319,6.97142866,3.60218547,-44.1587363,-105.048274,-43.7869298,-104.357547,60.5706169,R003,P00003,S000,S212,10,R022,P08462,S001,S000,16
-2.9,-1.45,3.26924319,6.67142866,3.40218547,-42.4683864,-99.9772246,-42.09658,-99.2864971,57.1899171,R003,P00003,S000,S212,10,R022,P08462,S001,S000,16
-2.85,-1.45,3.16924319,6.37142866,3.20218547,-40.7780365,-94.906175,-40.4062301,-94.2154474,53.8092173,R003,P00003,S000,S212,10,R022,P08462,S001,S000,16
-2.8,-1.45,3.06924319,6.07142866,3.00218547,-39.0876866,-89.8351253,-38.7158802,-89.1443978,50.4285176,R003,P00003,S000,S212,10,R022,P08462,S001,S000,16
-2.75,-1.45,2.96924319,5.77142866,2.80218547,-37.3973368,-84.7640756,-37.0255303,-84.0733481,47.0478178,R003,P00003,S000,S212,10,R023,P08477,S001,S000,6
-2.7,-1.45,2.86924319,5.47142866,2.60218547,-35.7069869,-79.693026,-35.3351804,-79.0022984,43.667118,R003,P00003,S000,S212,10,R025,P08508,S001,S000,4
-2.65,-1.45,2.76924319,5.17142866,2.40218547,-34.016637,-74.6219763,-33.6448305,-73.9312488,40.2864183,R003,P00003,S000,S212,10,R025,P08508,S001,S000,4
-2.6,-1.45,2.66924319,4.87142866,2.20218547,-32.3262871,-69.5509267,-31.9544806,-68.8601991,36.9057185,R003,P00003,S000,S212,10,R025,P08508,S001,S000,4
-2.55,-1.45,2.56924319,4.57142866,2.00218547,-30.6359372,-64.479877,-30.2641308,-63.7891495,33.5250187,R003,P00003,S000,S212,10,R029,P24279,S001,S000,2
-2.5,-1.45,2.46924319,4.27142866,1.80218547,-28.9455873,-59.4088274,-28.5737809,-58.7180998,30.1443189,R003,P00003,S000,S212,10,R029,P24279,S001,S000,2
-2.45,-1.45,2.36924319,3.97142866,1.60218547,-27.2552374,-54.3377777,-26.883431,-53.6470502,26.7636192,R003,P00003,S000,S212,10,R029,P24279,S001,S000,2
-2.4,-1.45,2.26924319,3.67142866,1.40218547,-25.5648876,-49.266728,-25.1930811,-48.5760005,23.3829194,R003,P00003,S000,S212,10,R029,P24279,S001,S000,2
-2.35,-1.45,2.16924319,3.38240866,1.21316547,-23.8745377,-44.3812788,-23.5027312,-43.6905513,20.18782,R003,P00003,S000,S212,10,R060,P68634,S212,S211,4
-2.3,-1.45,2.06924319,3.08240866,1.01316547,-22.1841878,-39.3102291,-21.8123813,-38.6195016,16.8071203,R003,P00003,S000,S212,10,R060,P68634,S212,S211,4
-2.25,-1.45,1.96924319,2.78240866,0.813165469,-20.4938379,-34.2391795,-20.1220314,-33.5484519,13.4264205,R003,P00003,S000,S212,10,R060,P68634,S212,S211,4
-2.2,-1.45,1.86924319,2.48949894,0.62025575,-18.803488,-29.2879804,-18.4316816,-28.5972528,10.1655713,R003,P00003,S000,S212,10,R060,P68634,S212,S110,4
-2.15,-1.45,1.76924319,2.23949894,0.47025575,-17.1131381,-25.0621057,-16.7413317,-24.3713781,7.63004645,R003,P00003,S000,S212,10,R060,P68634,S212,S110,4
-2.1,-1.45,1.66924319,1.98949894,0.32025575,-15.4227882,-20.8362309,-15.0509818,-20.1455034,5.09452162,R003,P00003,S000,S212,10,R060,P68634,S212,S110,4
-2.05,-1.45,1.56924319,1.8142905,0.245047312,-13.7324384,-17.8745953,-13.3606319,-17.1838678,3.82323587,R003,P00003,S000,S212,10,R060,P68634,S212,S432,4
-2,-1.45,1.46924319,1.7142905,0.245047312,-12.0420885,-16.1842454,-11.670282,-15.4935179,3.82323587,R003,P00003,S000,S212,10,R060,P68634,S212,S432,4
-1.95,-1.45,1.36924319,1.6142905,0.245047312,-10.3517386,-14.4938955,-9.97993213,-13.803168,3.82323587,R003,P00003,S000,S212,10,R060,P68634,S212,S432,4
-1.9,-1.45,1.24456469,1.5142905,0.269725812,-8.2442357,-12.8035457,-7.87242924,-12.1128181,4.24038887,R005,P00009,S000,S312,1,R058,P68630,S212,S432,7
-1.85,-1.45,1.09456469,1.4142905,0.319725812,-5.70871087,-11.1131958,-5.33690441,-10.4224682,5.08556381,R005,P00009,S000,S312,1,R058,P68630,S212,S432,7
-1.8,-1.45,0.944564687,1.3142905,0.369725812,-3.17318604,-9.42284589,-2.80137959,-8.73211834,5.93073876,R005,P00009,S000,S312,1,R058,P68630,S212,S432,7
-1.75,-1.45,0.874869719,1.2142905,0.33942078,-1.99509723,-7.732496,-1.62329077,-7.04176846,5.41847768,R005,P00009,S000,S101,1,R058,P68630,S212,S432,7
-1.7,-1.45,0.824869719,1.1142905,0.28942078,-1.14992229,-6.04214611,-0.77811583,-5.35141857,4.57330274,R005,P00009,S000,S101,1,R058,P68630,S212,S432,7
-1.65,-1.45,0.744194969,1.01895525,0.27476028,0.213763256,-4.43064682,0.585569715,-3.73991928,4.32548899,R016,P00064,S000,S211,1,R058,P68630,S322,S432,7
-1.6,-1.45,0.6688815,0.968955249,0.300073749,1.48682439,-3.58547188,1.85863085,-2.89474434,4.75337519,R016,P00064,S111,S211,1,R058,P68630,S322,S432,14
-1.55,-1.45,0.6188815,0.918955249,0.300073749,2.33199934,-2.74029694,2.7038058,-2.04956939,4.75337519,R016,P00064,S111,S211,1,R058,P68630,S322,S432,14
-1.5,-1.45,0.5688815,0.868955249,0.300073749,3.17717428,-1.89512199,3.54898074,-1.20439445,4.75337519,R016,P00064,S111,S211,1,R058,P68630,S322,S432,16
-1.45,-1.45,0.5188815,0.818955249,0.300073749,4.02234922,-1.04994705,4.39415568,-0.359219508,4.75337519,R016,P00064,S111,S211,1,R058,P68630,S322,S432,18
-1.4,-1.45,0.4688815,0.768955249,0.300073749,4.86752417,-0.204772109,5.23933062,0.485955435,4.75337519,R016,P00064,S111,S211,1,R058,P68630,S322,S432,18
-1.35,-1.45,0.4188815,0.718955249,0.300073749,5.71269911,0.640402835,6.08450557,1.33113038,4.75337519,R016,P00064,S111,S211,1,R058,P68630,S322,S432,18
-1.3,-1.45,0.3688815,0.668955249,0.300073749,6.55787405,1.48557778,6.92968051,2.17630532,4.75337519,R016,P00064,S111,S211,1,R058,P68630,S322,S432,18
-1.25,-1.45,0.3188815,0.618955249,0.300073749,7.40304899,2.33075272,7.77485545,3.02148026,4.75337519,R016,P00064,S111,S211,1,R058,P68630,S322,S432,18
-1.2,-1.45,0.2688815,0.568955249,0.300073749,8.24822394,3.17592766,8.6200304,3.86665521,4.75337519,R016,P00064,S111,S211,1,R058,P68630,S322,S432,18
-1.15,-1.45,0.2188815,0.518955249,0.300073749,9.09339888,4.02110261,9.46520534,4.71183015,4.75337519,R016,P00064,S111,S211,1,R013,P04640,S322,S432,36
-1.1,-1.45,0.1688815,0.468955249,0.300073749,9.93857382,4.86627755,10.3103803,5.55700509,4.75337519,R016,P00064,S111,S211,1,R013,P04640,S322,S432,36
-1.05,-1.45,0.1188815,0.418955249,0.300073749,10.7837488,5.71145249,11.1555552,6.40218004,4.75337519,R016,P00064,S111,S211,1,R013,P04640,S322,S432,36
-1,-1.45,0.10778,0.368955249,0.261175249,10.971403,6.55662744,11.3432094,7.24735498,4.09585444,R014,P00058,S000,S001,3,R013,P04640,S322,S432,36
-0.95,-1.45,0.09365525,0.318955249,0.225299999,11.2101607,7.40180238,11.5819671,8.09252992,3.48943719,R022,P00213,S000,S110,3,R013,P04640,S322,S432,36
-0.9,-1.45,0.04365525,0.268955249,0.225299999,12.0553356,8.24697732,12.4271421,8.93770487,3.48943719,R022,P00213,S000,S110,3,R013,P04640,S322,S432,36
-0.85,-1.45,0,0.218955249,0.218955249,12.7932621,9.09215226,13.1650685,9.78287981,3.38218872,R024,P00219,S000,S000,1,R013,P04640,S322,S432,36
-0.8,-1.45,0,0.168955249,0.168955249,12.7932621,9.93732721,13.1650685,10.6280548,2.53701377,R024,P00219,S000,S000,1,R013,P04640,S322,S432,36
-0.75,-1.45,0,0.118955249,0.118955249,12.7932621,10.7825022,13.1650685,11.4732297,1.69183883,R024,P00219,S000,S000,1,R013,P04640,S322,S432,36
-0.7,-1.45,0,0.068955249,0.068955249,12.7932621,11.6276771,13.1650685,12.3184046,0.846663888,R024,P00219,S000,S000,1,R013,P04640,S322,S432,36
-0.65,-1.45,0,0.018955249,0.018955249,12.7932621,12.472852,13.1650685,13.1635796,0.00148894451,R024,P00219,S000,S000,1,R013,P04640,S322,S432,36
-0.6,-1.45,0,0,0,12.7932621,12.7932621,13.1650685,13.4839896,-0.318921085,R023,P00216,S000,S000,6,R013,P04640,S000,S000,36
-0.55,-1.45,0,0,0,12.7932621,12.7932621,13.1650685,13.4839896,-0.318921085,R023,P00216,S000,S000,6,R013,P04640,S000,S000,36
-0.5,-1.45,0,0,0,12.7932621,12.7932621,13.1650685,13.4839896,-0.318921085,R023,P00216,S000,S000,6,R012,P04429,S000,S000,48
-0.45,-1.45,0,0,0,12.7932621,12.7932621,13.1650685,13.4839896,-0.318921085,R023,P00216,S000,S000,6,R012,P04429,S000,S000,104
-0.4,-1.45,0,0,0,12.7932621,12.7932621,13.1650685,13.4839896,-0.318921085,R023,P00216,S000,S000,6,R012,P04429,S000,S000,182
-0.35,-1.45,0,0,0,12.7932621,12.7932621,13.1650685,13.4839896,-0.318921085,R023,P00216,S000,S000,6,R012,P04429,S000,S000,182
-0.3,-1.45,0,0,0,12.7932621,12.7932621,13.1650685,13.4839896,-0.318921085,R023,P00216,S000,S000,6,R010,P03778,S000,S000,520
-0.25,-1.45,0,0,0,12.7932621,12.7932621,13.1650685,13.4839896,-0.318921085,R023,P00216,S000,S000,6,R010,P03778,S000,S000,520
-0.2,-1.45,0,0,0,12.7932621,12.7932621,13.1650685,13.4839896,-0.318921085,R023,P00216,S000,S000,7,R010,P03778,S000,S000,520
-0.15,-1.45,0,0,0,12.7932621,12.7932621,13.1650685,13.4839896,-0.318921085,R023,P00216,S000,S000,14,R010,P03778,S000,S000,520
-0.1,-1.45,0,0,0,12.7932621,12.7932621,13.1650685,13.4839896,-0.318921085,R023,P00216,S000,S000,14,R010,P03778,S000,S000,560
-0.05,-1.45,0,0,0,12.7932621,12.7932621,13.1650685,13.4839896,-0.318921085,R023,P00216,S000,S000,14,R010,P03778,S000,S000,700
0,-1.45,0,0,0,12.7932621,12.7932621,13.1650685,13.4839896,-0.318921085,R023,P00216,S000,S000,14,R010,P03778,S000,S000,700
-4,-1.4,5.88825844,13.3514487,7.46319022,-86.7389077,-212.892935,-86.3671013,-212.202208,125.835106,R009,P00047,S212,S211,3,R069,P70307,S222,S221,2
-3.95,-1.4,5.73825844,13.0514487,7.31319022,-84.2033829,-207.821885,-83.8315764,-207.131158,123.299581,R009,P00047,S212,S211,3,R069,P70307,S222,S221,2
-3.9,-1.4,5.58825844,12.7514487,7.16319022,-81.6678581,-202.750836,-81.2960516,-202.060108,120.764057,R009,P00047,S212,S211,3,R069,P70307,S222,S221,2
-3.85,-1.4,5.43825844,12.4514487,7.01319022,-79.1323332,-197.679786,-78.7605268,-196.989059,118.228532,R009,P00047,S212,S211,3,R069,P70307,S222,S221,2
-3.8,-1.4,5.28825844,12.1514487,6.86319022,-76.5968084,-192.608736,-76.225002,-191.918009,115.693007,R009,P00047,S212,S211,3,R069,P70307,S222,S221,2
-3.75,-1.4,5.13825844,11.8514487,6.71319022,-74.0612836,-187.537687,-73.6894771,-186.846959,113.157482,R009,P00047,S212,S211,3,R069,P70307,S222,S221,2
-3.7,-1.4,4.98825844,11.5514487,6.56319022,-71.5257588,-182.466637,-71.1539523,-181.77591,110.621957,R009,P00047,S000,S212,3,R069,P70307,S222,S221,2
-3.65,-1.4,4.86924319,11.2713652,6.402122,-69.5139846,-177.732247,-69.1421781,-177.041519,107.899341,R009,P00047,S000,S212,3,R069,P70307,S222,S110,2
-3.6,-1.4,4.76924319,11.0213652,6.252122,-67.8236347,-173.506372,-67.4518283,-172.815644,105.363816,R009,P00047,S000,S212,3,R067,P70103,S222,S110,20
-3.55,-1.4,4.66924319,10.7713652,6.102122,-66.1332848,-169.280497,-65.7614784,-168.58977,102.828291,R009,P00047,S000,S212,3,R067,P70103,S222,S110,20
-3.5,-1.4,4.56924319,10.5213652,5.952122,-64.4429349,-165.054622,-64.0711285,-164.363895,100.292766,R009,P00047,S000,S212,3,R066,P70100,S222,S110,21
-3.45,-1.4,4.46924319,10.2464287,5.77718547,-62.7525851,-160.407233,-62.3807786,-159.716506,97.3357269,R009,P00047,S000,S212,3,R022,P08462,S001,S000,40
-3.4,-1.4,4.36924319,9.94642866,5.57718547,-61.0622352,-155.336183,-60.6904287,-154.645456,93.9550271,R009,P00047,S000,S212,3,R022,P08462,S001,S000,40
-3.35,-1.4,4.26924319,9.64642866,5.37718547,-59.3718853,-150.265134,-59.0000788,-149.574406,90.5743274,R009,P00047,S000,S212,3,R022,P08462,S001,S000,16
-3.3,-1.4,4.16924319,9.34642866,5.17718547,-57.6815354,-145.194084,-57.3097289,-144.503357,87.1936276,R009,P00047,S000,S212,3,R022,P08462,S001,S000,16
-3.25,-1.4,4.06924319,9.04642866,4.97718547,-55.9911855,-140.123034,-55.6193791,-139.432307,83.8129278,R009,P00047,S000,S212,3,R022,P08462,S001,S000,16
-3.2,-1.4,3.96924319,8.74642866,4.77718547,-54.3008356,-135.051985,-53.9290292,-134.361257,80.432228,R009,P00047,S000,S212,3,R022,P08462,S001,S000,16
-3.15,-1.4,3.86924319,8.44642866,4.57718547,-52.6104857,-129.980935,-52.2386793,-129.290208,77.0515283,R009,P00047,S000,S212,3,R022,P08462,S001,S000,16
-3.1,-1.4,3.76924319,8.14642866,4.37718547,-50.9201359,-124.909885,-50.5483294,-124.219158,73.6708285,R009,P00047,S000,S212,3,R022,P08462,S001,S000,16
-3.05,-1.4,3.66924319,7.84642866,4.17718547,-49.229786,-119.838836,-48.8579795,-119.148108,70.2901287,R009,P00047,S000,S212,3,R022,P08462,S001,S000,16
-3,-1.4,3.56924319,7.54642866,3.97718547,-47.5394361,-114.767786,-47.1676296,-114.077059,66.909429,R003,P00003,S000,S212,6,R022,P08462,S001,S000,16
-2.95,-1.4,3.46924319,7.24642866,3.77718547,-45.8490862,-109.696736,-45.4772797,-109.006009,63.5287292,R003,P00003,S000,S212,8,R022,P08462,S001,S000,16
-2.9,-1.4,3.36924319,6.94642866,3.57718547,-44.1587363,-104.625687,-43.7869298,-103.934959,60.1480294,R003,P00003,S000,S212,10,R022,P08462,S001,S000,16
-2.85,-1.4,3.26924319,6.64642866,3.37718547,-42.4683864,-99.5546371,-42.09658,-98.8639096,56.7673296,R003,P00003,S000,S212,10,R022,P08462,S001,S000,16
-2.8,-1.4,3.16924319,6.34642866,3.17718547,-40.7780365,-94.4835875,-40.4062301,-93.7928599,53.3866299,R003,P00003,S000,S212,10,R022,P08462,S001,S000,16
-2.75,-1.4,3.06924319,6.04642866,2.97718547,-39.0876866,-89.4125378,-38.7158802,-88.7218103,50.0059301,R003,P00003,S000,S212,10,R022,P08462,S001,S000,16
-2.7,-1.4,2.96924319,5.74642866,2.77718547,-37.3973368,-84.3414882,-37.0255303,-83.6507606,46.6252303,R003,P00003,S000,S212,10,R023,P08477,S001,S000,6
-2.65,-1.4,2.86924319,5.44642866,2.57718547,-35.7069869,-79.2704385,-35.3351804,-78.579711,43.2445306,R003,P00003,S000,S212,10,R023,P08477,S001,S000,6
-2.6,-1.4,2.76924319,5.14642866,2.37718547,-34.016637,-74.1993889,-33.6448305,-73.5086613,39.8638308,R003,P00003,S000,S212,10,R025,P08508,S001,S000,4
-2.55,-1.4,2.66924319,4.84642866,2.17718547,-32.3262871,-69.1283392,-31.9544806,-68.4376117,36.483131,R003,P00003,S000,S212,10,R025,P08508,S001,S000,4
-2.5,-1.4,2.56924319,4.54642866,1.97718547,-30.6359372,-64.0572895,-30.2641308,-63.366562,33.1024312,R003,P00003,S000,S212,10,R029,P24279,S001,S000,2
-2.45,-1.4,2.46924319,4.24642866,1.77718547,-28.9455873,-58.9862399,-28.5737809,-58.2955123,29.7217315,R003,P00003,S000,S212,10,R029,P24279,S001,S000,2
-2.4,-1.4,2.36924319,3.94642866,1.57718547,-27.2552374,-53.9151902,-26.883431,-53.2244627,26.3410317,R003,P00003,S000,S212,10,R029,P24279,S001,S000,2
-2.35,-1.4,2.26924319,3.64642866,1.37718547,-25.5648876,-48.8441406,-25.1930811,-48.153413,22.9603319,R003,P00003,S000,S212,10,R029,P24279,S001,S000,2
-2.3,-1.4,2.16924319,3.35740866,1.18816547,-23.8745377,-43.9586913,-23.5027312,-43.2679638,19.7652326,R003,P00003,S000,S212,10,R060,P68634,S212,S211,4
-2.25,-1.4,2.06924319,3.05740866,0.988165469,-22.1841878,-38.8876417,-21.8123813,-38.1969141,16.3845328,R003,P00003,S000,S212,10,R060,P68634,S212,S211,4
-2.2,-1.4,1.96924319,2.75740866,0.788165469,-20.4938379,-33.816592,-20.1220314,-33.1258645,13.003833,R003,P00003,S000,S212,10,R060,P68634,S212,S211,4
-2.15,-1.4,1.86924319,2.48949894,0.62025575,-18.803488,-29.2879804,-18.4316816,-28.5972528,10.1655713,R003,P00003,S000,S212,10,R060,P68634,S212,S110,4
-2.1,-1.4,1.76924319,2.23949894,0.47025575,-17.1131381,-25.0621057,-16.7413317,-24.3713781,7.63004645,R003,P00003,S000,S212,10,R060,P68634,S212,S110,4
-2.05,-1.4,1.66924319,1.98949894,0.32025575,-15.4227882,-20.8362309,-15.0509818,-20.1455034,5.09452162,R003,P00003,S000,S212,10,R060,P68634,S212,S110,4
-2,-1.4,1.56924319,1.8142905,0.245047312,-13.7324384,-17.8745953,-13.3606319,-17.1838678,3.82323587,R003,P00003,S000,S212,10,R060,P68634,S212,S432,4
-1.95,-1.4,1.46924319,1.7142905,0.245047312,-12.0420885,-16.1842454,-11.670282,-15.4935179,3.82323587,R003,P00003,S000,S212,10,R060,P68634,S212,S432,4
-1.9,-1.4,1.34456469,1.6142905,0.269725812,-9.93458559,-14.4938955,-9.56277913,-13.803168,4.24038887,R005,P00009,S000,S312,1,R058,P68630,S212,S432,7
-1.85,-1.4,1.19456469,1.5142905,0.319725812,-7.39906076,-12.8035457,-7.0272543,-12.1128181,5.08556381,R005,P00009,S000,S312,1,R058,P68630,S212,S432,7
-1.8,-1.4,1.04456469,1.41228022,0.367715532,-4.86353593,-11.079215,-4.49172947,-10.3884875,5.89675799,R005,P00009,S000,S312,1,R064,P70050,S000,S321,4
-1.75,-1.4,0.899869719,1.29059675,0.390727031,-2.4176847,-9.02233863,-2.04587824,-8.33161108,6.28573284,R005,P00009,S000,S101,1,R063,P70046,S111,S321,7
-1.7,-1.4,0.849869719,1.19059675,0.340727031,-1.57250976,-7.33198874,-1.2007033,-6.6412612,5.44055789,R005,P00009,S000,S101,1,R063,P70046,S111,S321,7
-1.65,-1.4,0.799869719,1.09059675,0.290727031,-0.727334817,-5.64163885,-0.355528358,-4.95091131,4.59538295,R005,P00009,S000,S101,1,R063,P70046,S111,S321,7
-1.6,-1.4,0.719194969,1.01895525,0.29976028,0.636350728,-4.43064682,1.00815719,-3.73991928,4.74807647,R016,P00064,S000,S211,1,R058,P68630,S322,S432,14
-1.55,-1.4,0.619194969,0.968955249,0.34976028,2.32670061,-3.58547188,2.69850707,-2.89474434,5.59325141,R016,P00064,S000,S211,1,R058,P68630,S322,S432,14
-1.5,-1.4,0.5688815,0.918955249,0.350073749,3.17717428,-2.74029694,3.54898074,-2.04956939,5.59855013,R016,P00064,S111,S211,1,R058,P68630,S322,S432,14
-1.45,-1.4,0.5188815,0.868955249,0.350073749,4.02234922,-1.89512199,4.39415568,-1.20439445,5.59855013,R016,P00064,S111,S211,1,R058,P68630,S322,S432,18
-1.4,-1.4,0.4688815,0.818955249,0.350073749,4.86752417,-1.04994705,5.23933062,-0.359219508,5.59855013,R016,P00064,S111,S211,1,R058,P68630,S322,S432,18
-1.35,-1.4,0.4188815,0.768955249,0.350073749,5.71269911,-0.204772109,6.08450557,0.485955435,5.59855013,R016,P00064,S111,S211,1,R058,P68630,S322,S432,18
-1.3,-1.4,0.3688815,0.718955249,0.350073749,6.55787405,0.640402835,6.92968051,1.33113038,5.59855013,R016,P00064,S111,S211,1,R058,P68630,S322,S432,18
-1.25,-1.4,0.3188815,0.668955249,0.350073749,7.40304899,1.48557778,7.77485545,2.17630532,5.59855013,R016,P00064,S111,S211,1,R058,P68630,S322,S432,18
-1.2,-1.4,0.2688815,0.618955249,0.350073749,8.24822394,2.33075272,8.6200304,3.02148026,5.59855013,R016,P00064,S111,S211,1,R058,P68630,S322,S432,18
-1.15,-1.4,0.2188815,0.568955249,0.350073749,9.09339888,3.17592766,9.46520534,3.86665521,5.59855013,R016,P00064,S111,S211,1,R058,P68630,S322,S432,18
-1.1,-1.4,0.1688815,0.518955249,0.350073749,9.93857382,4.02110261,10.3103803,4.71183015,5.59855013,R016,P00064,S111,S211,1,R013,P04640,S322,S432,36
-1.05,-1.4,0.13278,0.468955249,0.336175249,10.5488155,4.86627755,10.9206219,5.55700509,5.36361685,R016,P00064,S000,S001,1,R013,P04640,S322,S432,36
-1,-1.4,0.13278,0.418955249,0.286175249,10.5488155,5.71145249,10.9206219,6.40218004,4.51844191,R014,P00058,S000,S001,3,R013,P04640,S322,S432,36
-0.95,-1.4,0.13278,0.368955249,0.236175249,10.5488155,6.55662744,10.9206219,7.24735498,3.67326697,R002,P00002,S000,S001,14,R013,P04640,S322,S432,36
-0.9,-1.4,0.09365525,0.318955249,0.225299999,11.2101607,7.40180238,11.5819671,8.09252992,3.48943719,R022,P00213,S000,S110,3,R013,P04640,S322,S432,36
-0.85,-1.4,0.04365525,0.268955249,0.225299999,12.0553356,8.24697732,12.4271421,8.93770487,3.48943719,R024,P00219,S000,S110,1,R013,P04640,S322,S432,36
-0.8,-1.4,0,0.218955249,0.218955249,12.7932621,9.09215226,13.1650685,9.78287981,3.38218872,R024,P00219,S000,S000,1,R013,P04640,S322,S432,36
-0.75,-1.4,0,0.168955249,0.168955249,12.7932621,9.93732721,13.1650685,10.6280548,2.53701377,R024,P00219,S000,S000,1,R013,P04640,S322,S432,36
-0.7,-1.4,0,0.118955249,0.118955249,12.7932621,10.7825022,13.1650685,11.4732297,1.69183883,R024,P00219,S000,S000,1,R013,P04640,S322,S432,36
-0.65,-1.4,0,0.068955249,0.068955249,12.7932621,11.6276771,13.1650685,12.3184046,0.846663888,R024,P00219,S000,S000,1,R013,P04640,S322,S432,36
-0.6,-1.4,0,0.018955249,0.018955249,12.7932621,12.472852,13.1650685,13.1635796,0.00148894451,R023,P00216,S000,S000,6,R013,P04640,S322,S432,36
-0.55,-1.4,0,0,0,12.7932621,12.7932621,13.1650685,13.4839896,-0.318921085,R023,P00216,S000,S000,6,R013,P04640,S000,S000,36
-0.5,-1.4,0,0,0,12.7932621,12.7932621,13.1650685,13.4839896,-0.318921085,R023,P00216,S000,S000,6,R013,P04640,S000,S000,36
-0.45,-1.4,0,0,0,12.7932621,12.7932621,13.1650685,13.4839896,-0.318921085,R023,P00216,S000,S000,6,R012,P04429,S000,S000,72
-0.4,-1.4,0,0,0,12.7932621,12.7932621,13.1650685,13.4839896,-0.318921085,R023,P00216,S000,S000,6,R012,P04429,S000,S000,104
-0.35,-1.4,0,0,0,12.7932621,12.7932621,13.1650685,13.4839896,-0.318921085,R023,P00216,S000,S000,6,R012,P04429,S000,S000,182
-0.3,-1.4,0,0,0,12.7932621,12.7932621,13.1650685,13.4839896,-0.318921085,R023,P00216,S000,S000,6,R010,P03778,S000,S000,520
-0.25,-1.4,0,0,0,12.7932621,12.7932621,13.1650685,13.4839896,-0.318921085,R023,P00216,S000,S000,6,R010,P03778,S000,S000,520
-0.2,-1.4,0,0,0,12.7932621,12.7932621,13.1650685,13.4839896,-0.318921085,R023,P00216,S000,S000,7,R010,P03778,S000,S000,520
-0.15,-1.4,0,0,0,12.7932621,12.7932621,13.1650685,13.4839896,-0.318921085,R023,P00216,S000,S000,14,R010,P03778,S000,S000,520
-0.1,-1.4,0,0,0,12.7932621,12.7932621,13.1650685,13.4839896,-0.318921085,R023,P00216,S000,S000,14,R010,P03778,S000,S000,560
-0.05,-1.4,0,0,0,12.7932621,12.7932621,13.1650685,13.4839896,-0.318921085,R023,P00216,S000,S000,14,R010,P03778,S000,S000,700
0,-1.4,0,0,0,12.7932621,12.7932621,13.1650685,13.4839896,-0.318921085,R023,P00216,S000,S000,14,R010,P03778,S000,S000,700
-4,-1.35,6.03825844,13.6264487,7.58819022,-89.2744326,-217.541397,-88.9026261,-216.85067,127.948044,R009,P00047,S212,S211,3,R069,P70307,S222,S221,2
-3.95,-1.35,5.88825844,13.3264487,7.43819022,-86.7389077,-212.470348,-86.3671013,-211.77962,125.412519,R009,P00047,S212,S211,3,R069,P70307,S222,S221,2
-3.9,-1.35,5.73825844,13.0264487,7.28819022,-84.2033829,-207.399298,-83.8315764,-206.70857,122.876994,R009,P00047,S212,S211,3,R069,P70307,S222,S221,2
-3.85,-1.35,5.58825844,12.7264487,7.13819022,-81.6678581,-202.328248,-81.2960516,-201.637521,120.341469,R009,P00047,S212,S211,3,R069,P70307,S222,S221,2
-3.8,-1.35,5.43825844,12.4264487,6.98819022,-79.1323332,-197.257199,-78.7605268,-196.566471,117.805944,R009,P00047,S212,S211,3,R069,P70307,S222,S221,2
-3.75,-1.35,5.28825844,12.1264487,6.83819022,-76.5968084,-192.186149,-76.225002,-191.495421,115.270419,R009,P00047,S212,S211,3,R069,P70307,S222,S221,2
-3.7,-1.35,5.13825844,11.8264487,6.68819022,-74.0612836,-187.115099,-73.6894771,-186.424372,112.734895,R009,P00047,S000,S212,3,R069,P70307,S222,S221,2
-3.65,-1.35,4.98825844,11.5264487,6.53819022,-71.5257588,-182.04405,-71.1539523,-181.353322,110.19937,R009,P00047,S000,S212,3,R069,P70307,S222,S221,2
-3.6,-1.35,4.86924319,11.2264487,6.35720547,-69.5139846,-176.973,-69.1421781,-176.282272,107.140094,R009,P00047,S000,S212,3,R069,P70307,S222,S221,2
-3.55,-1.35,4.76924319,10.9713652,6.202122,-67.8236347,-172.661197,-67.4518283,-171.970469,104.518641,R009,P00047,S000,S212,3,R067,P70103,S222,S110,20
-3.5,-1.35,4.66924319,10.7213652,6.052122,-66.1332848,-168.435322,-65.7614784,-167.744595,101.983116,R009,P00047,S000,S212,3,R067,P70103,S222,S110,20
-3.45,-1.35,4.56924319,10.4713652,5.902122,-64.4429349,-164.209447,-64.0711285,-163.51872,99.4475914,R009,P00047,S000,S212,3,R066,P70100,S222,S110,21
-3.4,-1.35,4.46924319,10.2213652,5.752122,-62.7525851,-159.983573,-62.3807786,-159.292845,96.9120666,R009,P00047,S000,S212,3,R066,P70100,S222,S110,21
-3.35,-1.35,4.36924319,9.92142866,5.55218547,-61.0622352,-154.913596,-60.6904287,-154.222868,93.5324397,R009,P00047,S000,S212,3,R022,P08462,S001,S000,40
-3.3,-1.35,4.26924319,9.62142866,5.35218547,-59.3718853,-149.842546,-59.0000788,-149.151819,90.1517399,R009,P00047,S000,S212,3,R022,P08462,S001,S000,40
-3.25,-1.35,4.16924319,9.32142866,5.15218547,-57.6815354,-144.771497,-57.3097289,-144.080769,86.7710401,R009,P00047,S000,S212,3,R022,P08462,S001,S000,16
-3.2,-1.35,4.06924319,9.02142866,4.95218547,-55.9911855,-139.700447,-55.6193791,-139.009719,83.3903403,R009,P00047,S000,S212,3,R022,P08462,S001,S000,16
-3.15,-1.35,3.96924319,8.72142866,4.75218547,-54.3008356,-134.629397,-53.9290292,-133.93867,80.0096406,R009,P00047,S000,S212,3,R022,P08462,S001,S000,16
-3.1,-1.35,3.86924319,8.42142866,4.55218547,-52.6104857,-129.558348,-52.2386793,-128.86762,76.6289408,R009,P00047,S000,S212,3,R022,P08462,S001,S000,16
-3.05,-1.35,3.76924319,8.12142866,4.35218547,-50.9201359,-124.487298,-50.5483294,-123.79657,73.248241,R009,P00047,S000,S212,3,R022,P08462,S001,S000,16
-3,-1.35,3.66924319,7.82142866,4.15218547,-49.229786,-119.416248,-48.8579795,-118.725521,69.8675413,R003,P00003,S000,S212,6,R022,P08462,S001,S000,16
-2.95,-1.35,3.56924319,7.52142866,3.95218547,-47.5394361,-114.345199,-47.1676296,-113.654471,66.4868415,R003,P00003,S000,S212,8,R022,P08462,S001,S000,16
-2.9,-1.35,3.46924319,7.22142866,3.75218547,-45.8490862,-109.274149,-45.4772797,-108.583421,63.1061417,R003,P00003,S000,S212,10,R022,P08462,S001,S000,16
-2.85,-1.35,3.36924319,6.92142866,3.55218547,-44.1587363,-104.203099,-43.7869298,-103.512372,59.7254419,R003,P00003,S000,S212,10,R022,P08462,S001,S000,16
-2.8,-1.35,3.26924319,6.62142866,3.35218547,-42.4683864,-99.1320497,-42.09658,-98.4413221,56.3447422,R003,P00003,S000,S212,10,R022,P08462,S001,S000,16
-2.75,-1.35,3.16924319,6.32142866,3.15218547,-40.7780365,-94.061,-40.4062301,-93.3702725,52.9640424,R003,P00003,S000,S212,10,R022,P08462,S001,S000,16
-2.7,-1.35,3.06924319,6.02142866,2.95218547,-39.0876866,-88.9899504,-38.7158802,-88.2992228,49.5833426,R003,P00003,S000,S212,10,R022,P08462,S001,S000,16
-2.65,-1.35,2.96924319,5.72142866,2.75218547,-37.3973368,-83.9189007,-37.0255303,-83.2281732,46.2026429,R003,P00003,S000,S212,10,R023,P08477,S001,S000,6
-2.6,-1.35,2.86924319,5.42142866,2.55218547,-35.7069869,-78.847851,-35.3351804,-78.1571235,42.8219431,R003,P00003,S000,S212,10,R023,P08477,S001,S000,6
-2.55,-1.35,2.76924319,5.12142866,2.35218547,-34.016637,-73.7768014,-33.6448305,-73.0860738,39.4412433,R003,P00003,S000,S212,10,R025,P08508,S001,S000,4
-2.5,-1.35,2.66924319,4.82142866,2.15218547,-32.3262871,-68.7057517,-31.9544806,-68.0150242,36.0605435,R003,P00003,S000,S212,10,R025,P08508,S001,S000,4
-2.45,-1.35,2.56924319,4.52142866,1.95218547,-30.6359372,-63.6347021,-30.2641308,-62.9439745,32.6798438,R003,P00003,S000,S212,10,R029,P24279,S001,S000,2
-2.4,-1.35,2.46924319,4.22142866,1.75218547,-28.9455873,-58.5636524,-28.5737809,-57.8729249,29.299144,R003,P00003,S000,S212,10,R029,P24279,S001,S000,2
-2.35,-1.35,2.36924319,3.92142866,1.55218547,-27.2552374,-53.4926028,-26.883431,-52.8018752,25.9184442,R003,P00003,S000,S212,10,R029,P24279,S001,S000,2
-2.3,-1.35,2.26924319,3.62142866,1.35218547,-25.5648876,-48.4215531,-25.1930811,-47.7308256,22.5377444,R003,P00003,S000,S212,10,R029,P24279,S001,S000,2
-2.25,-1.35,2.16924319,3.33240866,1.16316547,-23.8745377,-43.5361039,-23.5027312,-42.8453763,19.3426451,R003,P00003,S000,S212,10,R060,P68634,S212,S211,4
-2.2,-1.35,2.06924319,3.03240866,0.963165469,-22.1841878,-38.4650542,-21.8123813,-37.7743267,15.9619453,R003,P00003,S000,S212,10,R060,P68634,S212,S211,4
-2.15,-1.35,1.96924319,2.73949894,0.77025575,-20.4938379,-33.5138551,-20.1220314,-32.8231275,12.7010961,R003,P00003,S000,S212,10,R060,P68634,S212,S110,4
-2.1,-1.35,1.86924319,2.48949894,0.62025575,-18.803488,-29.2879804,-18.4316816,-28.5972528,10.1655713,R003,P00003,S000,S212,10,R060,P68634,S212,S110,4
-2.05,-1.35,1.76924319,2.23949894,0.47025575,-17.1131381,-25.0621057,-16.7413317,-24.3713781,7.63004645,R003,P00003,S000,S212,10,R060,P68634,S212,S110,4
-2,-1.35,1.66924319,1.98949894,0.32025575,-15.4227882,-20.8362309,-15.0509818,-20.1455034,5.09452162,R003,P00003,S000,S212,10,R060,P68634,S212,S110,4
-1.95,-1.35,1.56924319,1.8142905,0.245047312,-13.7324384,-17.8745953,-13.3606319,-17.1838678,3.82323587,R003,P00003,S000,S212,10,R060,P68634,S212,S432,4
-1.9,-1.35,1.44456469,1.7142905,0.269725812,-11.6249355,-16.1842454,-11.253129,-15.4935179,4.24038887,R005,P00009,S000,S312,1,R060,P68634,S212,S432,4
-1.85,-1.35,1.29456469,1.6142905,0.319725812,-9.08941064,-14.4938955,-8.71760419,-13.803168,5.08556381,R005,P00009,S000,S312,1,R058,P68630,S212,S432,7
-1.8,-1.35,1.14456469,1.5142905,0.369725812,-6.55388582,-12.8035457,-6.18207936,-12.1128181,5.93073876,R005,P00009,S000,S312,1,R058,P68630,S212,S432,7
-1.75,-1.35,0.994564687,1.38728022,0.392715532,-4.01836099,-10.6566275,-3.64655453,-9.96589999,6.31934546,R005,P00009,S000,S312,1,R064,P70050,S000,S321,4
-1.7,-1.35,0.874869719,1.24059675,0.365727031,-1.99509723,-8.17716368,-1.62329077,-7.48643614,5.86314537,R005,P00009,S000,S101,1,R063,P70046,S111,S321,7
-1.65,-1.35,0.824869719,1.14059675,0.315727031,-1.14992229,-6.4868138,-0.77811583,-5.79608625,5.01797042,R005,P00009,S000,S101,1,R063,P70046,S111,S321,7
-1.6,-1.35,0.774869719,1.06895525,0.29408553,-0.304747345,-5.27582177,0.0670591131,-4.58509422,4.65215334,R005,P00009,S000,S101,1,R063,P70046,S322,S432,7
-1.55,-1.35,0.694194969,1.01895525,0.32476028,1.0589382,-4.43064682,1.43074466,-3.73991928,5.17066394,R016,P00064,S000,S211,1,R058,P68630,S322,S432,14
-1.5,-1.35,0.594194969,0.968955249,0.37476028,2.74928809,-3.58547188,3.12109454,-2.89474434,6.01583888,R016,P00064,S000,S211,1,R058,P68630,S322,S432,14
-1.45,-1.35,0.5188815,0.918955249,0.400073749,4.02234922,-2.74029694,4.39415568,-2.04956939,6.44372508,R016,P00064,S111,S211,1,R058,P68630,S322,S432,16
-1.4,-1.35,0.4688815,0.868955249,0.400073749,4.86752417,-1.89512199,5.23933062,-1.20439445,6.44372508,R016,P00064,S111,S211,1,R058,P68630,S322,S432,18
-1.35,-1.35,0.4188815,0.818955249,0.400073749,5.71269911,-1.04994705,6.08450557,-0.359219508,6.44372508,R016,P00064,S111,S211,1,R058,P68630,S322,S432,18
-1.3,-1.35,0.3688815,0.768955249,0.400073749,6.55787405,-0.204772109,6.92968051,0.485955435,6.44372508,R016,P00064,S111,S211,1,R058,P68630,S322,S432,18
-1.25,-1.35,0.3188815,0.718955249,0.400073749,7.40304899,0.640402835,7.77485545,1.33113038,6.44372508,R016,P00064,S111,S211,1,R058,P68630,S322,S432,18
-1.2,-1.35,0.2688815,0.668955249,0.400073749,8.24822394,1.48557778,8.6200304,2.17630532,6.44372508,R016,P00064,S111,S211,1,R058,P68630,S322,S432,18
-1.15,-1.35,0.2188815,0.618955249,0.400073749,9.09339888,2.33075272,9.46520534,3.02148026,6.44372508,R016,P00064,S111,S211,1,R058,P68630,S322,S432,18
-1.1,-1.35,0.1688815,0.568955249,0.400073749,9.93857382,3.17592766,10.3103803,3.86665521,6.44372508,R016,P00064,S111,S211,1,R013,P04640,S322,S432,36
-1.05,-1.35,0.15778,0.518955249,0.361175249,10.126228,4.02110261,10.4980345,4.71183015,5.78620432,R016,P00064,S000,S001,1,R013,P04640,S322,S432,36
-1,-1.35,0.15778,0.468955249,0.311175249,10.126228,4.86627755,10.4980345,5.55700509,4.94102938,R014,P00058,S000,S001,3,R013,P04640,S322,S432,36
-0.95,-1.35,0.15778,0.418955249,0.261175249,10.126228,5.71145249,10.4980345,6.40218004,4.09585444,R002,P00002,S000,S001,14,R013,P04640,S322,S432,36
-0.9,-1.35,0.14365525,0.368955249,0.225299999,10.3649857,6.55662744,10.7367922,7.24735498,3.48943719,R022,P00213,S000,S110,3,R013,P04640,S322,S432,36
-0.85,-1.35,0.09365525,0.318955249,0.225299999,11.2101607,7.40180238,11.5819671,8.09252992,3.48943719,R022,P00213,S000,S110,3,R013,P04640,S322,S432,36
-0.8,-1.35,0.04365525,0.268955249,0.225299999,12.0553356,8.24697732,12.4271421,8.93770487,3.48943719,R024,P00219,S000,S110,1,R013,P04640,S322,S432,36
-0.75,-1.35,0,0.218955249,0.218955249,12.7932621,9.09215226,13.1650685,9.78287981,3.38218872,R024,P00219,S000,S000,1,R013,P04640,S322,S432,36
-0.7,-1.35,0,0.168955249,0.168955249,12.7932621,9.93732721,13.1650685,10.6280548,2.53701377,R024,P00219,S000,S000,1,R013,P04640,S322,S432,36
-0.65,-1.35,0,0.118955249,0.118955249,12.7932621,10.7825022,13.1650685,11.4732297,1.69183883,R024,P00219,S000,S000,1,R013,P04640,S322,S432,36
-0.6,-1.35,0,0.068955249,0.068955249,12.7932621,11.6276771,13.1650685,12.3184046,0.846663888,R023,P00216,S000,S000,6,R013,P04640,S322,S432,36
-0.55,-1.35,0,0.018955249,0.018955249,12.7932621,12.472852,13.1650685,13.1635796,0.00148894451,R023,P00216,S000,S000,6,R013,P04640,S322,S432,36
-0.5,-1.35,0,0,0,12.7932621,12.7932621,13.1650685,13.4839896,-0.318921085,R023,P00216,S000,S000,6,R013,P04640,S000,S000,36
-0.45,-1.35,0,0,0,12.7932621,12.7932621,13.1650685,13.4839896,-0.318921085,R023,P00216,S000,S000,6,R013,P04640,S000,S000,60
-0.4,-1.35,0,0,0,12.7932621,12.7932621,13.1650685,13.4839896,-0.318921085,R023,P00216,S000,S000,6,R012,P04429,S000,S000,72
-0.35,-1.35,0,0,0,12.7932621,12.7932621,13.1650685,13.4839896,-0.318921085,R023,P00216,S000,S000,6,R012,P04429,S000,S000,104
-0.3,-1.35,0,0,0,12.7932621,12.7932621,13.1650685,13.4839896,-0.318921085,R023,P00216,S000,S000,6,R010,P03778,S000,S000,520
-0.25,-1.35,0,0,0,12.7932621,12.7932621,13.1650685,13.4839896,-0.318921085,R023,P00216,S000,S000,6,R010,P03778,S000,S000,520
-0.2,-1.35,0,0,0,12.7932621,12.7932621,13.1650685,13.4839896,-0.318921085,R023,P00216,S000,S000,7,R010,P03778,S000,S000,520
-0.15,-1.35,0,0,0,12.7932621,12.7932621,13.1650685,13.4839896,-0.318921085,R023,P00216,S000,S000,14,R010,P03778,S000,S000,520
-0.1,-1.35,0,0,0,12.7932621,12.7932621,13.1650685,13.4839896,-0.318921085,R023,P00216,S000,S000,14,R010,P03778,S000,S000,560
-0.05,-1.35,0,0,0,12.7932621,12.7932621,13.1650685,13.4839896,-0.318921085,R023,P00216,S000,S000,14,R010,P03778,S000,S000,700
0,-1.35,0,0,0,12.7932621,12.7932621,13.1650685,13.4839896,-0.318921085,R023,P00216,S000,S000,14,R010,P03778,S000,S000,700
-4,-1.3,6.18825844,13.9014487,7.71319022,-91.8099574,-222.189859,-91.4381509,-221.499132,130.060981,R009,P00047,S212,S211,3,R068,P70305,S222,S221,4
-3.95,-1.3,6.03825844,13.6014487,7.56319022,-89.2744326,-217.11881,-88.9026261,-216.428082,127.525456,R009,P00047,S212,S211,3,R068,P70305,S222,S221,4
-3.9,-1.3,5.88825844,13.3014487,7.41319022,-86.7389077,-212.04776,-86.3671013,-211.357033,124.989931,R009,P00047,S212,S211,3,R068,P70305,S222,S221,4
-3.85,-1.3,5.73825844,13.0014487,7.26319022,-84.2033829,-206.97671,-83.8315764,-206.285983,122.454407,R009,P00047,S212,S211,3,R068,P70305,S222,S221,4
-3.8,-1.3,5.58825844,12.7014487,7.11319022,-81.6678581,-201.905661,-81.2960516,-201.214933,119.918882,R009,P00047,S212,S211,3,R068,P70305,S222,S221,4
-3.75,-1.3,5.43825844,12.4014487,6.96319022,-79.1323332,-196.834611,-78.7605268,-196.143884,117.383357,R009,P00047,S212,S211,3,R068,P70305,S222,S221,4
-3.7,-1.3,5.28825844,12.1014487,6.81319022,-76.5968084,-191.763562,-76.225002,-191.072834,114.847832,R009,P00047,S212,S211,3,R068,P70305,S222,S221,4
-3.65,-1.3,5.13825844,11.8014487,6.66319022,-74.0612836,-186.692512,-73.6894771,-186.001784,112.312307,R009,P00047,S000,S212,3,R068,P70305,S222,S221,4
-3.6,-1.3,4.98825844,11.5014487,6.51319022,-71.5257588,-181.621462,-71.1539523,-180.930735,109.776782,R009,P00047,S000,S212,3,R068,P70305,S222,S221,4
-3.55,-1.3,4.86924319,11.2014487,6.33220547,-69.5139846,-176.550413,-69.1421781,-175.859685,106.717507,R009,P00047,S000,S212,3,R068,P70305,S222,S221,4
-3.5,-1.3,4.76924319,10.9213652,6.152122,-67.8236347,-171.816022,-67.4518283,-171.125294,103.673466,R009,P00047,S000,S212,3,R068,P70305,S222,S110,4
-3.45,-1.3,4.66924319,10.6713652,6.002122,-66.1332848,-167.590147,-65.7614784,-166.89942,101.137941,R009,P00047,S000,S212,3,R067,P70103,S222,S110,20
-3.4,-1.3,4.56924319,10.4213652,5.852122,-64.4429349,-163.364273,-64.0711285,-162.673545,98.6024165,R009,P00047,S000,S212,3,R066,P70100,S222,S110,21
-3.35,-1.3,4.46924319,10.1713652,5.702122,-62.7525851,-159.138398,-62.3807786,-158.44767,96.0668917,R009,P00047,S000,S212,3,R066,P70100,S222,S110,21
-3.3,-1.3,4.36924319,9.89642866,5.52718547,-61.0622352,-154.491008,-60.6904287,-153.800281,93.1098522,R009,P00047,S000,S212,3,R021,P07811,S001,S000,80
-3.25,-1.3,4.26924319,9.59642866,5.32718547,-59.3718853,-149.419959,-59.0000788,-148.729231,89.7291524,R009,P00047,S000,S212,3,R022,P08462,S001,S000,40
-3.2,-1.3,4.16924319,9.29642866,5.12718547,-57.6815354,-144.348909,-57.3097289,-143.658182,86.3484526,R009,P00047,S000,S212,3,R022,P08462,S001,S000,16
-3.15,-1.3,4.06924319,8.99642866,4.92718547,-55.9911855,-139.277859,-55.6193791,-138.587132,82.9677529,R009,P00047,S000,S212,3,R022,P08462,S001,S000,16
-3.1,-1.3,3.96924319,8.69642866,4.72718547,-54.3008356,-134.20681,-53.9290292,-133.516082,79.5870531,R009,P00047,S000,S212,3,R022,P08462,S001,S000,16
-3.05,-1.3,3.86924319,8.39642866,4.52718547,-52.6104857,-129.13576,-52.2386793,-128.445033,76.2063533,R009,P00047,S000,S212,3,R022,P08462,S001,S000,16
-3,-1.3,3.76924319,8.09642866,4.32718547,-50.9201359,-124.06471,-50.5483294,-123.373983,72.8256536,R009,P00047,S000,S212,3,R022,P08462,S001,S000,16
-2.95,-1.3,3.66924319,7.79642866,4.12718547,-49.229786,-118.993661,-48.8579795,-118.302933,69.4449538,R003,P00003,S000,S212,8,R022,P08462,S001,S000,16
-2.9,-1.3,3.56924319,7.49642866,3.92718547,-47.5394361,-113.922611,-47.1676296,-113.231884,66.064254,R003,P00003,S000,S212,8,R022,P08462,S001,S000,16
-2.85,-1.3,3.46924319,7.19642866,3.72718547,-45.8490862,-108.851562,-45.4772797,-108.160834,62.6835542,R003,P00003,S000,S212,10,R022,P08462,S001,S000,16
-2.8,-1.3,3.36924319,6.89642866,3.52718547,-44.1587363,-103.780512,-43.7869298,-103.089784,59.3028545,R003,P00003,S000,S212,10,R022,P08462,S001,S000,16
-2.75,-1.3,3.26924319,6.59642866,3.32718547,-42.4683864,-98.7094622,-42.09658,-98.0187347,55.9221547,R003,P00003,S000,S212,10,R022,P08462,S001,S000,16
-2.7,-1.3,3.16924319,6.29642866,3.12718547,-40.7780365,-93.6384125,-40.4062301,-92.947685,52.5414549,R003,P00003,S000,S212,10,R022,P08462,S001,S000,16
-2.65,-1.3,3.06924319,5.99642866,2.92718547,-39.0876866,-88.5673629,-38.7158802,-87.8766353,49.1607552,R003,P00003,S000,S212,10,R022,P08462,S001,S000,16
-2.6,-1.3,2.96924319,5.69642866,2.72718547,-37.3973368,-83.4963132,-37.0255303,-82.8055857,45.7800554,R003,P00003,S000,S212,10,R023,P08477,S001,S000,6
-2.55,-1.3,2.86924319,5.39642866,2.52718547,-35.7069869,-78.4252636,-35.3351804,-77.734536,42.3993556,R003,P00003,S000,S212,11,R023,P08477,S001,S000,6
-2.5,-1.3,2.76924319,5.09642866,2.32718547,-34.016637,-73.3542139,-33.6448305,-72.6634864,39.0186558,R003,P00003,S000,S212,11,R025,P08508,S001,S000,4
-2.45,-1.3,2.66924319,4.79642866,2.12718547,-32.3262871,-68.2831643,-31.9544806,-67.5924367,35.6379561,R003,P00003,S000,S212,10,R025,P08508,S001,S000,4
-2.4,-1.3,2.56924319,4.49642866,1.92718547,-30.6359372,-63.2121146,-30.2641308,-62.5213871,32.2572563,R003,P00003,S000,S212,10,R025,P08508,S001,S000,4
-2.35,-1.3,2.46924319,4.19642866,1.72718547,-28.9455873,-58.1410649,-28.5737809,-57.4503374,28.8765565,R003,P00003,S000,S212,10,R029,P24279,S001,S000,2
-2.3,-1.3,2.36924319,3.89642866,1.52718547,-27.2552374,-53.0700153,-26.883431,-52.3792877,25.4958568,R003,P00003,S000,S212,10,R029,P24279,S001,S000,2
-2.25,-1.3,2.26924319,3.59642866,1.32718547,-25.5648876,-47.9989656,-25.1930811,-47.3082381,22.115157,R003,P00003,S000,S212,10,R029,P24279,S001,S000,1
-2.2,-1.3,2.16924319,3.30740866,1.13816547,-23.8745377,-43.1135164,-23.5027312,-42.4227888,18.9200576,R003,P00003,S000,S212,10,R060,P68634,S212,S211,4
-2.15,-1.3,2.06924319,3.00740866,0.938165469,-22.1841878,-38.0424667,-21.8123813,-37.3517392,15.5393579,R003,P00003,S000,S212,10,R060,P68634,S212,S211,4
-2.1,-1.3,1.96924319,2.73949894,0.77025575,-20.4938379,-33.5138551,-20.1220314,-32.8231275,12.7010961,R003,P00003,S000,S212,10,R060,P68634,S212,S110,4
-2.05,-1.3,1.86924319,2.48949894,0.62025575,-18.803488,-29.2879804,-18.4316816,-28.5972528,10.1655713,R003,P00003,S000,S212,10,R060,P68634,S212,S110,4
-2,-1.3,1.76924319,2.23949894,0.47025575,-17.1131381,-25.0621057,-16.7413317,-24.3713781,7.63004645,R003,P00003,S000,S212,10,R060,P68634,S212,S110,4
-1.95,-1.3,1.66924319,1.98949894,0.32025575,-15.4227882,-20.8362309,-15.0509818,-20.1455034,5.09452162,R003,P00003,S000,S212,10,R060,P68634,S212,S110,4
-1.9,-1.3,1.54456469,1.8142905,0.269725812,-13.3152854,-17.8745953,-12.9434789,-17.1838678,4.24038887,R005,P00009,S000,S312,1,R060,P68634,S212,S432,4
-1.85,-1.3,1.39456469,1.7142905,0.319725812,-10.7797605,-16.1842454,-10.4079541,-15.4935179,5.08556381,R005,P00009,S000,S312,1,R058,P68630,S212,S432,7
-1.8,-1.3,1.24456469,1.6142905,0.369725812,-8.2442357,-14.4938955,-7.87242924,-13.803168,5.93073876,R005,P00009,S000,S312,1,R058,P68630,S212,S432,7
-1.75,-1.3,1.09456469,1.51228022,0.417715532,-5.70871087,-12.7695649,-5.33690441,-12.0788373,6.74193293,R005,P00009,S000,S312,1,R064,P70050,S000,S321,4
-1.7,-1.3,0.944564687,1.36228022,0.417715532,-3.17318604,-10.2340401,-2.80137959,-9.54331252,6.74193293,R005,P00009,S000,S312,1,R063,P70046,S000,S321,7
-1.65,-1.3,0.849869719,1.21228022,0.3624105,-1.57250976,-7.69851523,-1.2007033,-7.00778769,5.80708439,R005,P00009,S000,S101,1,R063,P70046,S000,S321,7
-1.6,-1.3,0.799869719,1.11895525,0.31908553,-0.727334817,-6.12099671,-0.355528358,-5.43026917,5.07474081,R005,P00009,S000,S101,1,R063,P70046,S322,S432,7
-1.55,-1.3,0.749869719,1.06895525,0.31908553,0.117840126,-5.27582177,0.489646585,-4.58509422,5.07474081,R005,P00009,S000,S101,1,R063,P70046,S322,S432,7
-1.5,-1.3,0.669194969,1.01895525,0.34976028,1.48152567,-4.43064682,1.85333213,-3.73991928,5.59325141,R016,P00064,S000,S211,1,R058,P68630,S322,S432,14
-1.45,-1.3,0.569194969,0.968955249,0.39976028,3.17187556,-3.58547188,3.54368202,-2.89474434,6.43842635,R016,P00064,S000,S211,1,R058,P68630,S322,S432,16
-1.4,-1.3,0.469194969,0.918955249,0.44976028,4.86222544,-2.74029694,5.2340319,-2.04956939,7.2836013,R016,P00064,S000,S211,1,R058,P68630,S322,S432,16
-1.35,-1.3,0.4188815,0.868955249,0.450073749,5.71269911,-1.89512199,6.08450557,-1.20439445,7.28890002,R016,P00064,S111,S211,1,R058,P68630,S322,S432,18
-1.3,-1.3,0.3688815,0.818955249,0.450073749,6.55787405,-1.04994705,6.92968051,-0.359219508,7.28890002,R016,P00064,S111,S211,1,R058,P68630,S322,S432,18
-1.25,-1.3,0.3188815,0.768955249,0.450073749,7.40304899,-0.204772109,7.77485545,0.485955435,7.28890002,R016,P00064,S111,S211,1,R058,P68630,S322,S432,18
-1.2,-1.3,0.2688815,0.718955249,0.450073749,8.24822394,0.640402835,8.6200304,1.33113038,7.28890002,R016,P00064,S111,S211,1,R058,P68630,S322,S432,18
-1.15,-1.3,0.2188815,0.668955249,0.450073749,9.09339888,1.48557778,9.46520534,2.17630532,7.28890002,R016,P00064,S111,S211,1,R058,P68630,S322,S432,18
-1.1,-1.3,0.18278,0.618955249,0.436175249,9.70364055,2.33075272,10.075447,3.02148026,7.05396674,R016,P00064,S000,S001,1,R058,P68630,S322,S432,18
-1.05,-1.3,0.18278,0.568955249,0.386175249,9.70364055,3.17592766,10.075447,3.86665521,6.2087918,R016,P00064,S000,S001,1,R013,P04640,S322,S432,36
-1,-1.3,0.18278,0.518955249,0.336175249,9.70364055,4.02110261,10.075447,4.71183015,5.36361685,R014,P00058,S000,S001,3,R013,P04640,S322,S432,36
-0.95,-1.3,0.18278,0.468955249,0.286175249,9.70364055,4.86627755,10.075447,5.55700509,4.51844191,R005,P00009,S000,S001,12,R013,P04640,S322,S432,36
-0.9,-1.3,0.18278,0.418955249,0.236175249,9.70364055,5.71145249,10.075447,6.40218004,3.67326697,R005,P00009,S000,S001,12,R013,P04640,S322,S432,36
-0.85,-1.3,0.14365525,0.368955249,0.225299999,10.3649857,6.55662744,10.7367922,7.24735498,3.48943719,R022,P00213,S000,S110,3,R013,P04640,S322,S432,36
-0.8,-1.3,0.09365525,0.318955249,0.225299999,11.2101607,7.40180238,11.5819671,8.09252992,3.48943719,R024,P00219,S000,S110,1,R013,P04640,S322,S432,36
-0.75,-1.3,0.04365525,0.268955249,0.225299999,12.0553356,8.24697732,12.4271421,8.93770487,3.48943719,R024,P00219,S000,S110,1,R013,P04640,S322,S432,36
-0.7,-1.3,0,0.218955249,0.218955249,12.7932621,9.09215226,13.1650685,9.78287981,3.38218872,R024,P00219,S000,S000,1,R013,P04640,S322,S432,36
-0.65,-1.3,0,0.168955249,0.168955249,12.7932621,9.93732721,13.1650685,10.6280548,2.53701377,R024,P00219,S000,S000,1,R013,P04640,S322,S432,36
-0.6,-1.3,0,0.118955249,0.118955249,12.7932621,10.7825022,13.1650685,11.4732297,1.69183883,R023,P00216,S000,S000,6,R013,P04640,S322,S432,36
-0.55,-1.3,0,0.068955249,0.068955249,12.7932621,11.6276771,13.1650685,12.3184046,0.846663888,R023,P00216,S000,S000,6,R013,P04640,S322,S432,36
-0.5,-1.3,0,0.018955249,0.018955249,12.7932621,12.472852,13.1650685,13.1635796,0.00148894451,R023,P00216,S000,S000,6,R013,P04640,S322,S432,36
-0.45,-1.3,0,0,0,12.7932621,12.7932621,13.1650685,13.4839896,-0.318921085,R023,P00216,S000,S000,6,R013,P04640,S000,S000,60
-0.4,-1.3,0,0,0,12.7932621,12.7932621,13.1650685,13.4839896,-0.318921085,R023,P00216,S000,S000,6,R013,P04640,S000,S000,60
-0.35,-1.3,0,0,0,12.7932621,12.7932621,13.1650685,13.4839896,-0.318921085,R023,P00216,S000,S000,6,R012,P04429,S000,S000,72
-0.3,-1.3,0,0,0,12.7932621,12.7932621,13.1650685,13.4839896,-0.318921085,R023,P00216,S000,S000,6,R010,P03778,S000,S000,312
-0.25,-1.3,0,0,0,12.7932621,12.7932621,13.1650685,13.4839896,-0.318921085,R023,P00216,S000,S000,6,R010,P03778,S000,S000,520
-0.2,-1.3,0,0,0,12.7932621,12.7932621,13.1650685,13.4839896,-0.318921085,R023,P00216,S000,S000,7,R010,P03778,S000,S000,520
-0.15,-1.3,0,0,0,12.7932621,12.7932621,13.1650685,13.4839896,-0.318921085,R023,P00216,S000,S000,14,R010,P03778,S000,S000,520
-0.1,-1.3,0,0,0,12.7932621,12.7932621,13.1650685,13.4839896,-0.318921085,R023,P00216,S000,S000,14,R010,P03778,S000,S000,560
-0.05,-1.3,0,0,0,12.7932621,12.7932621,13.1650685,13.4839896,-0.318921085,R023,P00216,S000,S000,14,R010,P03778,S000,S000,700
0,-1.3,0,0,0,12.7932621,12.7932621,13.1650685,13.4839896,-0.318921085,R023,P00216,S000,S000,14,R010,P03778,S000,S000,700
-4,-1.25,6.33825844,14.1764487,7.83819022,-94.3454822,-226.838322,-93.9736758,-226.147594,132.173918,R009,P00047,S212,S211,3,R068,P70305,S222,S221,4
-3.95,-1.25,6.18825844,13.8764487,7.68819022,-91.8099574,-221.767272,-91.4381509,-221.076544,129.638394,R009,P00047,S212,S211,3,R068,P70305,S222,S221,4
-3.9,-1.25,6.03825844,13.5764487,7.53819022,-89.2744326,-216.696222,-88.9026261,-216.005495,127.102869,R009,P00047,S212,S211,3,R068,P70305,S222,S221,4
-3.85,-1.25,5.88825844,13.2764487,7.38819022,-86.7389077,-211.625173,-86.3671013,-210.934445,124.567344,R009,P00047,S212,S211,3,R068,P70305,S222,S221,4
-3.8,-1.25,5.73825844,12.9764487,7.23819022,-84.2033829,-206.554123,-83.8315764,-205.863395,122.031819,R009,P00047,S212,S211,3,R068,P70305,S222,S221,4
-3.75,-1.25,5.58825844,12.6764487,7.08819022,-81.6678581,-201.483073,-81.2960516,-200.792346,119.496294,R009,P00047,S212,S211,3,R068,P70305,S222,S221,4
-3.7,-1.25,5.43825844,12.3764487,6.93819022,-79.1323332,-196.412024,-78.7605268,-195.721296,116.960769,R009,P00047,S212,S211,3,R068,P70305,S222,S221,4
-3.65,-1.25,5.28825844,12.0764487,6.78819022,-76.5968084,-191.340974,-76.225002,-190.650247,114.425245,R009,P00047,S000,S212,3,R068,P70305,S222,S221,4
-3.6,-1.25,5.13825844,11.7764487,6.63819022,-74.0612836,-186.269924,-73.6894771,-185.579197,111.88972,R009,P00047,S000,S212,3,R068,P70305,S222,S221,4
-3.55,-1.25,4.98825844,11.4764487,6.48819022,-71.5257588,-181.198875,-71.1539523,-180.508147,109.354195,R009,P00047,S000,S212,3,R068,P70305,S222,S221,4
-3.5,-1.25,4.86924319,11.1764487,6.30720547,-69.5139846,-176.127825,-69.1421781,-175.437098,106.294919,R009,P00047,S000,S212,3,R068,P70305,S222,S221,4
-3.45,-1.25,4.76924319,10.8764487,6.10720547,-67.8236347,-171.056775,-67.4518283,-170.366048,102.91422,R009,P00047,S000,S212,3,R068,P70305,S222,S221,4
-3.4,-1.25,4.66924319,10.6213652,5.952122,-66.1332848,-166.744972,-65.7614784,-166.054245,100.292766,R009,P00047,S000,S212,3,R067,P70103,S222,S110,20
-3.35,-1.25,4.56924319,10.3713652,5.802122,-64.4429349,-162.519098,-64.0711285,-161.82837,97.7572415,R009,P00047,S000,S212,3,R066,P70100,S222,S110,21
-3.3,-1.25,4.46924319,10.1213652,5.652122,-62.7525851,-158.293223,-62.3807786,-157.602495,95.2217167,R009,P00047,S000,S212,3,R066,P70100,S222,S110,21
-3.25,-1.25,4.36924319,9.87136519,5.502122,-61.0622352,-154.067348,-60.6904287,-153.376621,92.6861919,R009,P00047,S000,S212,3,R066,P70100,S222,S110,21
-3.2,-1.25,4.26924319,9.57142866,5.30218547,-59.3718853,-148.997371,-59.0000788,-148.306644,89.3065649,R009,P00047,S000,S212,3,R018,P06764,S001,S000,100
-3.15,-1.25,4.16924319,9.27142866,5.10218547,-57.6815354,-143.926322,-57.3097289,-143.235594,85.9258652,R009,P00047,S000,S212,3,R018,P06764,S001,S000,60
-3.1,-1.25,4.06924319,8.97142866,4.90218547,-55.9911855,-138.855272,-55.6193791,-138.164544,82.5451654,R009,P00047,S000,S212,3,R018,P06764,S001,S000,24
-3.05,-1.25,3.96924319,8.67142866,4.70218547,-54.3008356,-133.784222,-53.9290292,-133.093495,79.1644656,R009,P00047,S000,S212,3,R018,P06764,S001,S000,24
-3,-1.25,3.86924319,8.37142866,4.50218547,-52.6104857,-128.713173,-52.2386793,-128.022445,75.7837659,R009,P00047,S000,S212,3,R018,P06764,S001,S000,24
-2.95,-1.25,3.76924319,8.07142866,4.30218547,-50.9201359,-123.642123,-50.5483294,-122.951395,72.4030661,R003,P00003,S000,S212,8,R018,P06764,S001,S000,24
-2.9,-1.25,3.66924319,7.77142866,4.10218547,-49.229786,-118.571073,-48.8579795,-117.880346,69.0223663,R003,P00003,S000,S212,8,R018,P06764,S001,S000,24
-2.85,-1.25,3.56924319,7.47142866,3.90218547,-47.5394361,-113.500024,-47.1676296,-112.809296,65.6416665,R003,P00003,S000,S212,10,R018,P06764,S001,S000,24
-2.8,-1.25,3.46924319,7.17142866,3.70218547,-45.8490862,-108.428974,-45.4772797,-107.738247,62.2609668,R003,P00003,S000,S212,10,R018,P06764,S001,S000,24
-2.75,-1.25,3.36924319,6.87142866,3.50218547,-44.1587363,-103.357924,-43.7869298,-102.667197,58.880267,R003,P00003,S000,S212,10,R018,P06764,S001,S000,24
-2.7,-1.25,3.26924319,6.57142866,3.30218547,-42.4683864,-98.2868747,-42.09658,-97.5961472,55.4995672,R003,P00003,S000,S212,10,R018,P06764,S001,S000,24
-2.65,-1.25,3.16924319,6.27142866,3.10218547,-40.7780365,-93.2158251,-40.4062301,-92.5250975,52.1188675,R003,P00003,S000,S212,10,R018,P06764,S001,S000,24
-2.6,-1.25,3.06924319,5.97142866,2.90218547,-39.0876866,-88.1447754,-38.7158802,-87.4540479,48.7381677,R003,P00003,S000,S212,10,R020,P06974,S001,S000,17
-2.55,-1.25,2.96924319,5.67142866,2.70218547,-37.3973368,-83.0737258,-37.0255303,-82.3829982,45.3574679,R003,P00003,S000,S212,10,R023,P08477,S001,S000,6
-2.5,-1.25,2.86924319,5.37142866,2.50218547,-35.7069869,-78.0026761,-35.3351804,-77.3119486,41.9767681,R003,P00003,S000,S212,11,R023,P08477,S001,S000,6
-2.45,-1.25,2.76924319,5.07142866,2.30218547,-34.016637,-72.9316264,-33.6448305,-72.2408989,38.5960684,R003,P00003,S000,S212,11,R025,P08508,S001,S000,4
-2.4,-1.25,2.66924319,4.77142866,2.10218547,-32.3262871,-67.8605768,-31.9544806,-67.1698492,35.2153686,R003,P00003,S000,S212,11,R025,P08508,S001,S000,4
-2.35,-1.25,2.56924319,4.47142866,1.90218547,-30.6359372,-62.7895271,-30.2641308,-62.0987996,31.8346688,R003,P00003,S000,S212,10,R025,P08508,S001,S000,4
-2.3,-1.25,2.46924319,4.17142866,1.70218547,-28.9455873,-57.7184775,-28.5737809,-57.0277499,28.4539691,R003,P00003,S000,S212,10,R029,P24279,S001,S000,2
-2.25,-1.25,2.36924319,3.87142866,1.50218547,-27.2552374,-52.6474278,-26.883431,-51.9567003,25.0732693,R003,P00003,S000,S212,10,R029,P24279,S001,S000,2
-2.2,-1.25,2.26924319,3.57142866,1.30218547,-25.5648876,-47.5763782,-25.1930811,-46.8856506,21.6925695,R003,P00003,S000,S212,10,R029,P24279,S001,S000,1
-2.15,-1.25,2.16924319,3.28240866,1.11316547,-23.8745377,-42.6909289,-23.5027312,-42.0002014,18.4974702,R003,P00003,S000,S212,10,R060,P68634,S212,S211,4
-2.1,-1.25,2.06924319,2.98949894,0.92025575,-22.1841878,-37.7397298,-21.8123813,-37.0490023,15.2366209,R003,P00003,S000,S212,10,R060,P68634,S212,S110,4
-2.05,-1.25,1.96924319,2.73949894,0.77025575,-20.4938379,-33.5138551,-20.1220314,-32.8231275,12.7010961,R003,P00003,S000,S212,10,R060,P68634,S212,S110,4
-2,-1.25,1.86924319,2.48949894,0.62025575,-18.803488,-29.2879804,-18.4316816,-28.5972528,10.1655713,R003,P00003,S000,S212,10,R060,P68634,S212,S110,4
-1.95,-1.25,1.76924319,2.23949894,0.47025575,-17.1131381,-25.0621057,-16.7413317,-24.3713781,7.63004645,R003,P00003,S000,S212,10,R060,P68634,S212,S110,4
-1.9,-1.25,1.64456469,1.98949894,0.34493425,-15.0056352,-20.8362309,-14.6338288,-20.1455034,5.51167462,R005,P00009,S000,S312,1,R060,P68634,S212,S110,4
-1.85,-1.25,1.49456469,1.8142905,0.319725812,-12.4701104,-17.8745953,-12.098304,-17.1838678,5.08556381,R005,P00009,S000,S312,1,R060,P68634,S212,S432,4
-1.8,-1.25,1.34456469,1.7142905,0.369725812,-9.93458559,-16.1842454,-9.56277913,-15.4935179,5.93073876,R005,P00009,S000,S312,1,R058,P68630,S212,S432,7
-1.75,-1.25,1.19456469,1.6142905,0.419725812,-7.39906076,-14.4938955,-7.0272543,-13.803168,6.7759137,R005,P00009,S000,S312,1,R058,P68630,S212,S432,7
-1.7,-1.25,1.04456469,1.48728022,0.442715532,-4.86353593,-12.3469774,-4.49172947,-11.6562499,7.16452041,R005,P00009,S000,S312,1,R064,P70050,S000,S321,4
-1.65,-1.25,0.894564687,1.33728022,0.442715532,-2.3280111,-9.81145259,-1.95620464,-9.12072505,7.16452041,R005,P00009,S000,S312,1,R063,P70046,S000,S321,7
-1.6,-1.25,0.824869719,1.18728022,0.3624105,-1.14992229,-7.27592776,-0.77811583,-6.58520022,5.80708439,R005,P00009,S000,S101,1,R063,P70046,S000,S321,7
-1.55,-1.25,0.774869719,1.11895525,0.34408553,-0.304747345,-6.12099671,0.0670591131,-5.43026917,5.49732828,R005,P00009,S000,S101,1,R063,P70046,S322,S432,7
-1.5,-1.25,0.724869719,1.06895525,0.34408553,0.540427598,-5.27582177,0.912234056,-4.58509422,5.49732828,R005,P00009,S000,S101,1,R063,P70046,S322,S432,7
-1.45,-1.25,0.644194969,1.01895525,0.37476028,1.90411314,-4.43064682,2.2759196,-3.73991928,6.01583888,R016,P00064,S000,S211,1,R058,P68630,S322,S432,16
-1.4,-1.25,0.544194969,0.968955249,0.42476028,3.59446303,-3.58547188,3.96626949,-2.89474434,6.86101382,R016,P00064,S000,S211,1,R058,P68630,S322,S432,16
-1.35,-1.25,0.444194969,0.918955249,0.47476028,5.28481291,-2.74029694,5.65661937,-2.04956939,7.70618877,R016,P00064,S000,S211,1,R058,P68630,S322,S432,16
-1.3,-1.25,0.3688815,0.868955249,0.500073749,6.55787405,-1.89512199,6.92968051,-1.20439445,8.13407496,R016,P00064,S111,S211,1,R058,P68630,S322,S432,18
-1.25,-1.25,0.3188815,0.818955249,0.500073749,7.40304899,-1.04994705,7.77485545,-0.359219508,8.13407496,R016,P00064,S111,S211,1,R058,P68630,S322,S432,18
-1.2,-1.25,0.2688815,0.768955249,0.500073749,8.24822394,-0.204772109,8.6200304,0.485955435,8.13407496,R016,P00064,S111,S211,1,R058,P68630,S322,S432,18
-1.15,-1.25,0.2188815,0.718955249,0.500073749,9.09339888,0.640402835,9.46520534,1.33113038,8.13407496,R016,P00064,S111,S211,1,R058,P68630,S322,S432,18
-1.1,-1.25,0.20778,0.668955249,0.461175249,9.28105307,1.48557778,9.65285953,2.17630532,7.47655421,R016,P00064,S000,S001,1,R058,P68630,S322,S432,18
-1.05,-1.25,0.20778,0.618955249,0.411175249,9.28105307,2.33075272,9.65285953,3.02148026,6.63137927,R016,P00064,S000,S001,1,R013,P04640,S322,S432,36
-1,-1.25,0.20778,0.568955249,0.361175249,9.28105307,3.17592766,9.65285953,3.86665521,5.78620432,R014,P00058,S000,S001,3,R013,P04640,S322,S432,36
-0.95,-1.25,0.20778,0.518955249,0.311175249,9.28105307,4.02110261,9.65285953,4.71183015,4.94102938,R005,P00009,S000,S001,12,R013,P04640,S322,S432,36
-0.9,-1.25,0.20778,0.468955249,0.261175249,9.28105307,4.86627755,9.65285953,5.55700509,4.09585444,R005,P00009,S000,S001,12,R013,P04640,S322,S432,36
-0.85,-1.25,0.19365525,0.418955249,0.225299999,9.51981077,5.71145249,9.89161723,6.40218004,3.48943719,R022,P00213,S000,S110,3,R013,P04640,S322,S432,36
-0.8,-1.25,0.14365525,0.368955249,0.225299999,10.3649857,6.55662744,10.7367922,7.24735498,3.48943719,R022,P00213,S000,S110,3,R013,P04640,S322,S432,36
-0.75,-1.25,0.09365525,0.318955249,0.225299999,11.2101607,7.40180238,11.5819671,8.09252992,3.48943719,R024,P00219,S000,S110,1,R013,P04640,S322,S432,36
-0.7,-1.25,0.04365525,0.268955249,0.225299999,12.0553356,8.24697732,12.4271421,8.93770487,3.48943719,R024,P00219,S000,S110,1,R013,P04640,S322,S432,36
-0.65,-1.25,0,0.218955249,0.218955249,12.7932621,9.09215226,13.1650685,9.78287981,3.38218872,R024,P00219,S000,S000,1,R013,P04640,S322,S432,36
-0.6,-1.25,0,0.168955249,0.168955249,12.7932621,9.93732721,13.1650685,10.6280548,2.53701377,R023,P00216,S000,S000,6,R013,P04640,S322,S432,36
-0.55,-1.25,0,0.118955249,0.118955249,12.7932621,10.7825022,13.1650685,11.4732297,1.69183883,R023,P00216,S000,S000,6,R013,P04640,S322,S432,36
-0.5,-1.25,0,0.068955249,0.068955249,12.7932621,11.6276771,13.1650685,12.3184046,0.846663888,R023,P00216,S000,S000,6,R013,P04640,S322,S432,36
-0.45,-1.25,0,0.018955249,0.018955249,12.7932621,12.472852,13.1650685,13.1635796,0.00148894451,R023,P00216,S000,S000,6,R013,P04640,S322,S432,60
-0.4,-1.25,0,0,0,12.7932621,12.7932621,13.1650685,13.4839896,-0.318921085,R023,P00216,S000,S000,6,R013,P04640,S000,S000,60
-0.35,-1.25,0,0,0,12.7932621,12.7932621,13.1650685,13.4839896,-0.318921085,R023,P00216,S000,S000,6,R013,P04640,S000,S000,60
-0.3,-1.25,0,0,0,12.7932621,12.7932621,13.1650685,13.4839896,-0.318921085,R023,P00216,S000,S000,6,R010,P03778,S000,S000,216
-0.25,-1.25,0,0,0,12.7932621,12.7932621,13.1650685,13.4839896,-0.318921085,R023,P00216,S000,S000,6,R010,P03778,S000,S000,312
-0.2,-1.25,0,0,0,12.7932621,12.7932621,13.1650685,13.4839896,-0.318921085,R023,P00216,S000,S000,7,R010,P03778,S000,S000,520
-0.15,-1.25,0,0,0,12.7932621,12.7932621,13.1650685,13.4839896,-0.318921085,R023,P00216,S000,S000,14,R010,P03778,S000,S000,520
-0.1,-1.25,0,0,0,12.7932621,12.7932621,13.1650685,13.4839896,-0.318921085,R023,P00216,S000,S000,14,R010,P03778,S000,S000,560
-0.05,-1.25,0,0,0,12.7932621,12.7932621,13.1650685,13.4839896,-0.318921085,R023,P00216,S000,S000,14,R010,P03778,S000,S000,700
0,-1.25,0,0,0,12.7932621,12.7932621,13.1650685,13.4839896,-0.318921085,R023,P00216,S000,S000,14,R010,P03778,S000,S000,700
-4,-1.2,6.48825844,14.4514487,7.96319022,-96.881007,-231.486784,-96.5092006,-230.796056,134.286856,R009,P00047,S212,S211,3,R068,P70305,S222,S221,4
-3.95,-1.2,6.33825844,14.1514487,7.81319022,-94.3454822,-226.415734,-93.9736758,-225.725007,131.751331,R009,P00047,S212,S211,3,R068,P70305,S222,S221,4
-3.9,-1.2,6.18825844,13.8514487,7.66319022,-91.8099574,-221.344685,-91.4381509,-220.653957,129.215806,R009,P00047,S212,S211,3,R068,P70305,S222,S221,4
-3.85,-1.2,6.03825844,13.5514487,7.51319022,-89.2744326,-216.273635,-88.9026261,-215.582907,126.680281,R009,P00047,S212,S211,3,R068,P70305,S222,S221,4
-3.8,-1.2,5.88825844,13.2514487,7.36319022,-86.7389077,-211.202585,-86.3671013,-210.511858,124.144756,R009,P00047,S212,S211,3,R068,P70305,S222,S221,4
-3.75,-1.2,5.73825844,12.9514487,7.21319022,-84.2033829,-206.131536,-83.8315764,-205.440808,121.609232,R009,P00047,S212,S211,3,R068,P70305,S222,S221,4
-3.7,-1.2,5.58825844,12.6514487,7.06319022,-81.6678581,-201.060486,-81.2960516,-200.369758,119.073707,R009,P00047,S212,S211,3,R068,P70305,S222,S221,4
-3.65,-1.2,5.43825844,12.3514487,6.91319022,-79.1323332,-195.989436,-78.7605268,-195.298709,116.538182,R009,P00047,S212,S211,3,R068,P70305,S222,S221,4
-3.6,-1.2,5.28825844,12.0514487,6.76319022,-76.5968084,-190.918387,-76.225002,-190.227659,114.002657,R009,P00047,S000,S212,3,R068,P70305,S222,S221,4
-3.55,-1.2,5.13825844,11.7514487,6.61319022,-74.0612836,-185.847337,-73.6894771,-185.156609,111.467132,R009,P00047,S000,S212,3,R068,P70305,S222,S221,4
-3.5,-1.2,4.98825844,11.4514487,6.46319022,-71.5257588,-180.776287,-71.1539523,-180.08556,108.931607,R009,P00047,S000,S212,3,R068,P70305,S222,S221,4
-3.45,-1.2,4.86924319,11.1514487,6.28220547,-69.5139846,-175.705238,-69.1421781,-175.01451,105.872332,R009,P00047,S000,S212,3,R068,P70305,S222,S221,4
-3.4,-1.2,4.76924319,10.8514487,6.08220547,-67.8236347,-170.634188,-67.4518283,-169.94346,102.491632,R009,P00047,S000,S212,3,R068,P70305,S222,S221,4
-3.35,-1.2,4.66924319,10.5713652,5.902122,-66.1332848,-165.899797,-65.7614784,-165.20907,99.4475914,R009,P00047,S000,S212,3,R068,P70305,S222,S110,4
-3.3,-1.2,4.56924319,10.3213652,5.752122,-64.4429349,-161.673923,-64.0711285,-160.983195,96.9120666,R009,P00047,S000,S212,3,R066,P70100,S222,S110,21
-3.25,-1.2,4.46924319,10.0713652,5.602122,-62.7525851,-157.448048,-62.3807786,-156.75732,94.3765418,R009,P00047,S000,S212,3,R066,P70100,S222,S110,21
-3.2,-1.2,4.36924319,9.82136519,5.452122,-61.0622352,-153.222173,-60.6904287,-152.531446,91.8410169,R009,P00047,S000,S212,3,R066,P70100,S222,S110,21
-3.15,-1.2,4.26924319,9.54642866,5.27718547,-59.3718853,-148.574784,-59.0000788,-147.884056,88.8839775,R009,P00047,S000,S212,3,R018,P06764,S001,S000,100
-3.1,-1.2,4.16924319,9.24642866,5.07718547,-57.6815354,-143.503734,-57.3097289,-142.813007,85.5032777,R009,P00047,S000,S212,3,R018,P06764,S001,S000,100
-3.05,-1.2,4.06924319,8.94642866,4.87718547,-55.9911855,-138.432685,-55.6193791,-137.741957,82.1225779,R009,P00047,S000,S212,3,R018,P06764,S001,S000,24
-3,-1.2,3.96924319,8.64642866,4.67718547,-54.3008356,-133.361635,-53.9290292,-132.670907,78.7418782,R009,P00047,S000,S212,3,R018,P06764,S001,S000,24
-2.95,-1.2,3.86924319,8.34642866,4.47718547,-52.6104857,-128.290585,-52.2386793,-127.599858,75.3611784,R007,P00015,S000,S212,5,R018,P06764,S001,S000,24
-2.9,-1.2,3.76924319,8.04642866,4.27718547,-50.9201359,-123.219536,-50.5483294,-122.528808,71.9804786,R003,P00003,S000,S212,8,R018,P06764,S001,S000,24
-2.85,-1.2,3.66924319,7.74642866,4.07718547,-49.229786,-118.148486,-48.8579795,-117.457758,68.5997788,R003,P00003,S000,S212,8,R018,P06764,S001,S000,24
-2.8,-1.2,3.56924319,7.44642866,3.87718547,-47.5394361,-113.077436,-47.1676296,-112.386709,65.2190791,R003,P00003,S000,S212,10,R018,P06764,S001,S000,24
-2.75,-1.2,3.46924319,7.14642866,3.67718547,-45.8490862,-108.006387,-45.4772797,-107.315659,61.8383793,R003,P00003,S000,S212,10,R018,P06764,S001,S000,24
-2.7,-1.2,3.36924319,6.84642866,3.47718547,-44.1587363,-102.935337,-43.7869298,-102.244609,58.4576795,R003,P00003,S000,S212,10,R018,P06764,S001,S000,24
-2.65,-1.2,3.26924319,6.54642866,3.27718547,-42.4683864,-97.8642873,-42.09658,-97.1735597,55.0769798,R003,P00003,S000,S212,10,R018,P06764,S001,S000,24
-2.6,-1.2,3.16924319,6.24642866,3.07718547,-40.7780365,-92.7932376,-40.4062301,-92.1025101,51.69628,R003,P00003,S000,S212,10,R018,P06764,S001,S000,24
-2.55,-1.2,3.06924319,5.94642866,2.87718547,-39.0876866,-87.7221879,-38.7158802,-87.0314604,48.3155802,R003,P00003,S000,S212,10,R018,P06764,S001,S000,24
-2.5,-1.2,2.96924319,5.64642866,2.67718547,-37.3973368,-82.6511383,-37.0255303,-81.9604107,44.9348804,R003,P00003,S000,S212,11,R023,P08477,S001,S000,6
-2.45,-1.2,2.86924319,5.34642866,2.47718547,-35.7069869,-77.5800886,-35.3351804,-76.8893611,41.5541807,R003,P00003,S000,S212,11,R023,P08477,S001,S000,6
-2.4,-1.2,2.76924319,5.04642866,2.27718547,-34.016637,-72.509039,-33.6448305,-71.8183114,38.1734809,R003,P00003,S000,S212,11,R023,P08477,S001,S000,6
-2.35,-1.2,2.66924319,4.74642866,2.07718547,-32.3262871,-67.4379893,-31.9544806,-66.7472618,34.7927811,R003,P00003,S000,S212,11,R025,P08508,S001,S000,4
-2.3,-1.2,2.56924319,4.44642866,1.87718547,-30.6359372,-62.3669397,-30.2641308,-61.6762121,31.4120814,R003,P00003,S000,S212,11,R025,P08508,S001,S000,4
-2.25,-1.2,2.46924319,4.14642866,1.67718547,-28.9455873,-57.29589,-28.5737809,-56.6051625,28.0313816,R003,P00003,S000,S212,10,R029,P24279,S001,S000,2
-2.2,-1.2,2.36924319,3.84642866,1.47718547,-27.2552374,-52.2248403,-26.883431,-51.5341128,24.6506818,R003,P00003,S000,S212,10,R029,P24279,S001,S000,1
-2.15,-1.2,2.26924319,3.54642866,1.27718547,-25.5648876,-47.1537907,-25.1930811,-46.4630631,21.269982,R003,P00003,S000,S212,10,R029,P24279,S001,S000,1
-2.1,-1.2,2.16924319,3.25740866,1.08816547,-23.8745377,-42.2683414,-23.5027312,-41.5776139,18.0748827,R003,P00003,S000,S212,10,R060,P68634,S212,S211,4
-2.05,-1.2,2.06924319,2.98949894,0.92025575,-22.1841878,-37.7397298,-21.8123813,-37.0490023,15.2366209,R003,P00003,S000,S212,10,R060,P68634,S212,S110,4
-2,-1.2,1.96924319,2.73949894,0.77025575,-20.4938379,-33.5138551,-20.1220314,-32.8231275,12.7010961,R003,P00003,S000,S212,10,R060,P68634,S212,S110,4
-1.95,-1.2,1.86924319,2.48949894,0.62025575,-18.803488,-29.2879804,-18.4316816,-28.5972528,10.1655713,R003,P00003,S000,S212,10,R060,P68634,S212,S110,4
-1.9,-1.2,1.74456469,2.23949894,0.49493425,-16.6959851,-25.0621057,-16.3241787,-24.3713781,8.04719945,R005,P00009,S000,S312,1,R060,P68634,S212,S110,4
-1.85,-1.2,1.59456469,1.98949894,0.39493425,-14.1604603,-20.8362309,-13.7886538,-20.1455034,6.35684956,R005,P00009,S000,S312,1,R060,P68634,S212,S110,4
-1.8,-1.2,1.44456469,1.8142905,0.369725812,-11.6249355,-17.8745953,-11.253129,-17.1838678,5.93073876,R005,P00009,S000,S312,1,R060,P68634,S212,S432,4
-1.75,-1.2,1.29456469,1.7142905,0.419725812,-9.08941064,-16.1842454,-8.71760419,-15.4935179,6.7759137,R005,P00009,S000,S312,1,R058,P68630,S212,S432,7
-1.7,-1.2,1.14456469,1.61228022,0.467715532,-6.55388582,-14.4599148,-6.18207936,-13.7691872,7.58710788,R005,P00009,S000,S312,1,R064,P70050,S000,S321,4
-1.65,-1.2,0.994564687,1.46228022,0.467715532,-4.01836099,-11.9243899,-3.64655453,-11.2336624,7.58710788,R005,P00009,S000,S312,1,R063,P70046,S000,S321,7
-1.6,-1.2,0.849869719,1.31228022,0.4624105,-1.57250976,-9.38886512,-1.2007033,-8.69813758,7.49743427,R005,P00009,S000,S101,1,R063,P70046,S000,S321,7
-1.55,-1.2,0.799869719,1.16895525,0.36908553,-0.727334817,-6.96617165,-0.355528358,-6.27544411,5.91991575,R005,P00009,S000,S101,1,R063,P70046,S322,S432,7
-1.5,-1.2,0.749869719,1.11895525,0.36908553,0.117840126,-6.12099671,0.489646585,-5.43026917,5.91991575,R005,P00009,S000,S101,1,R063,P70046,S322,S432,7
-1.45,-1.2,0.699869719,1.06895525,0.36908553,0.963015069,-5.27582177,1.33482153,-4.58509422,5.91991575,R005,P00009,S000,S101,1,R063,P70046,S322,S432,7
-1.4,-1.2,0.619194969,1.01895525,0.39976028,2.32670061,-4.43064682,2.69850707,-3.73991928,6.43842635,R016,P00064,S000,S211,1,R058,P68630,S322,S432,16
-1.35,-1.2,0.519194969,0.968955249,0.44976028,4.0170505,-3.58547188,4.38885696,-2.89474434,7.2836013,R016,P00064,S000,S211,1,R058,P68630,S322,S432,16
-1.3,-1.2,0.419194969,0.918955249,0.49976028,5.70740039,-2.74029694,6.07920684,-2.04956939,8.12877624,R016,P00064,S000,S211,1,R058,P68630,S322,S432,16
-1.25,-1.2,0.319194969,0.868955249,0.54976028,7.39775027,-1.89512199,7.76955673,-1.20439445,8.97395118,R016,P00064,S000,S211,1,R058,P68630,S322,S432,18
-1.2,-1.2,0.2688815,0.818955249,0.550073749,8.24822394,-1.04994705,8.6200304,-0.359219508,8.9792499,R016,P00064,S111,S211,1,R058,P68630,S322,S432,18
-1.15,-1.2,0.23278,0.768955249,0.536175249,8.8584656,-0.204772109,9.23027206,0.485955435,8.74431663,R016,P00064,S000,S001,1,R058,P68630,S322,S432,18
-1.1,-1.2,0.23278,0.718955249,0.486175249,8.8584656,0.640402835,9.23027206,1.33113038,7.89914168,R016,P00064,S000,S001,1,R058,P68630,S322,S432,18
-1.05,-1.2,0.23278,0.668955249,0.436175249,8.8584656,1.48557778,9.23027206,2.17630532,7.05396674,R016,P00064,S000,S001,1,R058,P68630,S322,S432,18
-1,-1.2,0.23278,0.618955249,0.386175249,8.8584656,2.33075272,9.23027206,3.02148026,6.2087918,R014,P00058,S000,S001,3,R013,P04640,S322,S432,36
-0.95,-1.2,0.23278,0.568955249,0.336175249,8.8584656,3.17592766,9.23027206,3.86665521,5.36361685,R005,P00009,S000,S001,12,R013,P04640,S322,S432,36
-0.9,-1.2,0.23278,0.518955249,0.286175249,8.8584656,4.02110261,9.23027206,4.71183015,4.51844191,R005,P00009,S000,S001,12,R013,P04640,S322,S432,36
-0.85,-1.2,0.23278,0.468955249,0.236175249,8.8584656,4.86627755,9.23027206,5.55700509,3.67326697,R005,P00009,S000,S001,18,R013,P04640,S322,S432,36
-0.8,-1.2,0.19365525,0.418955249,0.225299999,9.51981077,5.71145249,9.89161723,6.40218004,3.48943719,R022,P00213,S000,S110,3,R013,P04640,S322,S432,36
-0.75,-1.2,0.14365525,0.368955249,0.225299999,10.3649857,6.55662744,10.7367922,7.24735498,3.48943719,R024,P00219,S000,S110,1,R013,P04640,S322,S432,36
-0.7,-1.2,0.09365525,0.318955249,0.225299999,11.2101607,7.40180238,11.5819671,8.09252992,3.48943719,R024,P00219,S000,S110,1,R013,P04640,S322,S432,36
-0.65,-1.2,0.04365525,0.268955249,0.225299999,12.0553356,8.24697732,12.4271421,8.93770487,3.48943719,R024,P00219,S000,S110,1,R013,P04640,S322,S432,36
-0.6,-1.2,0,0.218955249,0.218955249,12.7932621,9.09215226,13.1650685,9.78287981,3.38218872,R023,P00216,S000,S000,6,R013,P04640,S322,S432,36
-0.55,-1.2,0,0.168955249,0.168955249,12.7932621,9.93732721,13.1650685,10.6280548,2.53701377,R023,P00216,S000,S000,6,R013,P04640,S322,S432,36
-0.5,-1.2,0,0.118955249,0.118955249,12.7932621,10.7825022,13.1650685,11.4732297,1.69183883,R023,P00216,S000,S000,6,R013,P04640,S322,S432,36
-0.45,-1.2,0,0.068955249,0.068955249,12.7932621,11.6276771,13.1650685,12.3184046,0.846663888,R023,P00216,S000,S000,6,R013,P04640,S322,S432,60
-0.4,-1.2,0,0.018955249,0.018955249,12.7932621,12.472852,13.1650685,13.1635796,0.00148894451,R023,P00216,S000,S000,6,R013,P04640,S322,S432,60
-0.35,-1.2,0,0,0,12.7932621,12.7932621,13.1650685,13.4839896,-0.318921085,R023,P00216,S000,S000,6,R013,P04640,S000,S000,60
-0.3,-1.2,0,0,0,12.7932621,12.7932621,13.1650685,13.4839896,-0.318921085,R023,P00216,S000,S000,6,R011,P03989,S000,S000,180
-0.25,-1.2,0,0,0,12.7932621,12.7932621,13.1650685,13.4839896,-0.318921085,R023,P00216,S000,S000,6,R010,P03778,S000,S000,216
-0.2,-1.2,0,0,0,12.7932621,12.7932621,13.1650685,13.4839896,-0.318921085,R023,P00216,S000,S000,7,R010,P03778,S000,S000,312
-0.15,-1.2,0,0,0,12.7932621,12.7932621,13.1650685,13.4839896,-0.318921085,R023,P00216,S000,S000,14,R010,P03778,S000,S000,520
-0.1,-1.2,0,0,0,12.7932621,12.7932621,13.1650685,13.4839896,-0.318921085,R023,P00216,S000,S000,14,R010,P03778,S000,S000,560
-0.05,-1.2,0,0,0,12.7932621,12.7932621,13.1650685,13.4839896,-0.318921085,R023,P00216,S000,S000,14,R010,P03778,S000,S000,700
0,-1.2,0,0,0,12.7932621,12.7932621,13.1650685,13.4839896,-0.318921085,R023,P00216,S000,S000,14,R010,P03778,S000,S000,700
-4,-1.15,6.63825844,14.7264487,8.08819022,-99.4165319,-236.135246,-99.0447254,-235.444518,136.399793,R009,P00047,S212,S211,3,R068,P70305,S222,S221,4
-3.95,-1.15,6.48825844,14.4264487,7.93819022,-96.881007,-231.064196,-96.5092006,-230.373469,133.864268,R009,P00047,S212,S211,3,R068,P70305,S222,S221,4
-3.9,-1.15,6.33825844,14.1264487,7.78819022,-94.3454822,-225.993147,-93.9736758,-225.302419,131.328743,R009,P00047,S212,S211,3,R068,P70305,S222,S221,4
-3.85,-1.15,6.18825844,13.8264487,7.63819022,-91.8099574,-220.922097,-91.4381509,-220.23137,128.793219,R009,P00047,S212,S211,3,R068,P70305,S222,S221,4
-3.8,-1.15,6.03825844,13.5264487,7.48819022,-89.2744326,-215.851047,-88.9026261,-215.16032,126.257694,R009,P00047,S212,S211,3,R068,P70305,S222,S221,4
-3.75,-1.15,5.88825844,13.2264487,7.33819022,-86.7389077,-210.779998,-86.3671013,-210.08927,123.722169,R009,P00047,S212,S211,3,R068,P70305,S222,S221,4
-3.7,-1.15,5.73825844,12.9264487,7.18819022,-84.2033829,-205.708948,-83.8315764,-205.018221,121.186644,R009,P00047,S212,S211,3,R068,P70305,S222,S221,4
-3.65,-1.15,5.58825844,12.6264487,7.03819022,-81.6678581,-200.637898,-81.2960516,-199.947171,118.651119,R009,P00047,S212,S211,3,R068,P70305,S222,S221,4
-3.6,-1.15,5.43825844,12.3264487,6.88819022,-79.1323332,-195.566849,-78.7605268,-194.876121,116.115594,R009,P00047,S000,S212,3,R068,P70305,S222,S221,4
-3.55,-1.15,5.28825844,12.0264487,6.73819022,-76.5968084,-190.495799,-76.225002,-189.805072,113.58007,R009,P00047,S000,S212,3,R068,P70305,S222,S221,4
-3.5,-1.15,5.13825844,11.7264487,6.58819022,-74.0612836,-185.424749,-73.6894771,-184.734022,111.044545,R009,P00047,S000,S212,3,R068,P70305,S222,S221,4
-3.45,-1.15,4.98825844,11.4264487,6.43819022,-71.5257588,-180.3537,-71.1539523,-179.662972,108.50902,R009,P00047,S000,S212,3,R068,P70305,S222,S221,4
-3.4,-1.15,4.86924319,11.1264487,6.25720547,-69.5139846,-175.28265,-69.1421781,-174.591923,105.449744,R009,P00047,S000,S212,3,R068,P70305,S222,S221,4
-3.35,-1.15,4.76924319,10.8264487,6.05720547,-67.8236347,-170.2116,-67.4518283,-169.520873,102.069045,R009,P00047,S000,S212,3,R068,P70305,S222,S221,4
-3.3,-1.15,4.66924319,10.5264487,5.85720547,-66.1332848,-165.140551,-65.7614784,-164.449823,98.6883449,R009,P00047,S000,S212,3,R068,P70305,S222,S221,4
-3.25,-1.15,4.56924319,10.2713652,5.702122,-64.4429349,-160.828748,-64.0711285,-160.13802,96.0668917,R009,P00047,S000,S212,3,R066,P70100,S222,S110,21
-3.2,-1.15,4.46924319,10.0213652,5.552122,-62.7525851,-156.602873,-62.3807786,-155.912145,93.5313668,R009,P00047,S000,S212,3,R066,P70100,S222,S110,21
-3.15,-1.15,4.36924319,9.77136519,5.402122,-61.0622352,-152.376998,-60.6904287,-151.686271,90.995842,R009,P00047,S000,S212,3,R066,P70100,S222,S110,21
-3.1,-1.15,4.26924319,9.52136519,5.252122,-59.3718853,-148.151124,-59.0000788,-147.460396,88.4603172,R009,P00047,S000,S212,3,R066,P70100,S222,S110,21
-3.05,-1.15,4.16924319,9.22142866,5.05218547,-57.6815354,-143.081147,-57.3097289,-142.390419,85.0806902,R009,P00047,S000,S212,3,R018,P06764,S001,S000,100
-3,-1.15,4.06924319,8.92142866,4.85218547,-55.9911855,-138.010097,-55.6193791,-137.31937,81.6999905,R009,P00047,S000,S212,3,R018,P06764,S001,S000,100
-2.95,-1.15,3.96924319,8.62142866,4.65218547,-54.3008356,-132.939047,-53.9290292,-132.24832,78.3192907,R007,P00015,S000,S212,5,R018,P06764,S001,S000,24
-2.9,-1.15,3.86924319,8.32142866,4.45218547,-52.6104857,-127.867998,-52.2386793,-127.17727,74.9385909,R003,P00003,S000,S212,8,R018,P06764,S001,S000,24
-2.85,-1.15,3.76924319,8.02142866,4.25218547,-50.9201359,-122.796948,-50.5483294,-122.106221,71.5578911,R003,P00003,S000,S212,8,R018,P06764,S001,S000,24
-2.8,-1.15,3.66924319,7.72142866,4.05218547,-49.229786,-117.725898,-48.8579795,-117.035171,68.1771914,R003,P00003,S000,S212,10,R018,P06764,S001,S000,24
-2.75,-1.15,3.56924319,7.42142866,3.85218547,-47.5394361,-112.654849,-47.1676296,-111.964121,64.7964916,R003,P00003,S000,S212,10,R018,P06764,S001,S000,24
-2.7,-1.15,3.46924319,7.12142866,3.65218547,-45.8490862,-107.583799,-45.4772797,-106.893072,61.4157918,R003,P00003,S000,S212,10,R018,P06764,S001,S000,24
-2.65,-1.15,3.36924319,6.82142866,3.45218547,-44.1587363,-102.512749,-43.7869298,-101.822022,58.0350921,R003,P00003,S000,S212,10,R018,P06764,S001,S000,24
-2.6,-1.15,3.26924319,6.52142866,3.25218547,-42.4683864,-97.4416998,-42.09658,-96.7509722,54.6543923,R003,P00003,S000,S212,10,R018,P06764,S001,S000,24
-2.55,-1.15,3.16924319,6.22142866,3.05218547,-40.7780365,-92.3706501,-40.4062301,-91.6799226,51.2736925,R003,P00003,S000,S212,10,R018,P06764,S001,S000,24
-2.5,-1.15,3.06924319,5.92142866,2.85218547,-39.0876866,-87.2996005,-38.7158802,-86.6088729,47.8929927,R003,P00003,S000,S212,10,R018,P06764,S001,S000,24
-2.45,-1.15,2.96924319,5.62142866,2.65218547,-37.3973368,-82.2285508,-37.0255303,-81.5378233,44.512293,R003,P00003,S000,S212,11,R019,P06779,S001,S000,9
-2.4,-1.15,2.86924319,5.32142866,2.45218547,-35.7069869,-77.1575012,-35.3351804,-76.4667736,41.1315932,R003,P00003,S000,S212,11,R023,P08477,S001,S000,6
-2.35,-1.15,2.76924319,5.02142866,2.25218547,-34.016637,-72.0864515,-33.6448305,-71.395724,37.7508934,R003,P00003,S000,S212,11,R023,P08477,S001,S000,6
-2.3,-1.15,2.66924319,4.72142866,2.05218547,-32.3262871,-67.0154018,-31.9544806,-66.3246743,34.3701937,R003,P00003,S000,S212,11,R025,P08508,S001,S000,4
-2.25,-1.15,2.56924319,4.42142866,1.85218547,-30.6359372,-61.9443522,-30.2641308,-61.2536246,30.9894939,R003,P00003,S000,S212,11,R025,P08508,S001,S000,4
-2.2,-1.15,2.46924319,4.12142866,1.65218547,-28.9455873,-56.8733025,-28.5737809,-56.182575,27.6087941,R003,P00003,S000,S212,11,R029,P24279,S001,S000,2
-2.15,-1.15,2.36924319,3.82142866,1.45218547,-27.2552374,-51.8022529,-26.883431,-51.1115253,24.2280943,R003,P00003,S000,S212,10,R029,P24279,S001,S000,1
-2.1,-1.15,2.26924319,3.52142866,1.25218547,-25.5648876,-46.7312032,-25.1930811,-46.0404757,20.8473946,R003,P00003,S000,S212,10,R029,P24279,S001,S000,1
-2.05,-1.15,2.16924319,3.23949894,1.07025575,-23.8745377,-41.9656045,-23.5027312,-41.274877,17.7721458,R003,P00003,S000,S212,10,R060,P68634,S212,S110,4
-2,-1.15,2.06924319,2.98949894,0.92025575,-22.1841878,-37.7397298,-21.8123813,-37.0490023,15.2366209,R003,P00003,S000,S212,10,R060,P68634,S212,S110,4
-1.95,-1.15,1.96924319,2.73949894,0.77025575,-20.4938379,-33.5138551,-20.1220314,-32.8231275,12.7010961,R003,P00003,S000,S212,10,R060,P68634,S212,S110,4
-1.9,-1.15,1.84456469,2.48949894,0.64493425,-18.386335,-29.2879804,-18.0145286,-28.5972528,10.5827243,R005,P00009,S000,S312,1,R060,P68634,S212,S110,4
-1.85,-1.15,1.69456469,2.23949894,0.54493425,-15.8508102,-25.0621057,-15.4790037,-24.3713781,8.89237439,R005,P00009,S000,S312,1,R060,P68634,S212,S110,4
-1.8,-1.15,1.54456469,1.98949894,0.44493425,-13.3152854,-20.8362309,-12.9434789,-20.1455034,7.2020245,R005,P00009,S000,S312,1,R060,P68634,S212,S110,4
-1.75,-1.15,1.39456469,1.8142905,0.419725812,-10.7797605,-17.8745953,-10.4079541,-17.1838678,6.7759137,R005,P00009,S000,S312,1,R060,P68634,S212,S432,4
-1.7,-1.15,1.24456469,1.7142905,0.469725812,-8.2442357,-16.1842454,-7.87242924,-15.4935179,7.62108864,R005,P00009,S000,S312,1,R058,P68630,S212,S432,7
-1.65,-1.15,1.09456469,1.58728022,0.492715532,-5.70871087,-14.0373273,-5.33690441,-13.3465998,8.00969535,R005,P00009,S000,S312,1,R064,P70050,S000,S321,4
-1.6,-1.15,0.944564687,1.43728022,0.492715532,-3.17318604,-11.5018025,-2.80137959,-10.8110749,8.00969535,R005,P00009,S000,S312,1,R063,P70046,S000,S321,7
-1.55,-1.15,0.824869719,1.28728022,0.4624105,-1.14992229,-8.96627765,-0.77811583,-8.2755501,7.49743427,R005,P00009,S000,S101,1,R063,P70046,S000,S321,7
-1.5,-1.15,0.774869719,1.16895525,0.39408553,-0.304747345,-6.96617165,0.0670591131,-6.27544411,6.34250322,R005,P00009,S000,S101,1,R063,P70046,S322,S432,7
-1.45,-1.15,0.724869719,1.11895525,0.39408553,0.540427598,-6.12099671,0.912234056,-5.43026917,6.34250322,R005,P00009,S000,S101,1,R063,P70046,S322,S432,7
-1.4,-1.15,0.674869719,1.06895525,0.39408553,1.38560254,-5.27582177,1.757409,-4.58509422,6.34250322,R005,P00009,S000,S101,1,R063,P70046,S322,S432,8
-1.35,-1.15,0.594194969,1.01895525,0.42476028,2.74928809,-4.43064682,3.12109454,-3.73991928,6.86101382,R016,P00064,S000,S211,1,R058,P68630,S322,S432,16
-1.3,-1.15,0.494194969,0.968955249,0.47476028,4.43963797,-3.58547188,4.81144443,-2.89474434,7.70618877,R016,P00064,S000,S211,1,R058,P68630,S322,S432,16
-1.25,-1.15,0.394194969,0.918955249,0.52476028,6.12998786,-2.74029694,6.50179432,-2.04956939,8.55136371,R016,P00064,S000,S211,1,R058,P68630,S322,S432,16
-1.2,-1.15,0.294194969,0.868955249,0.57476028,7.82033774,-1.89512199,8.1921442,-1.20439445,9.39653865,R016,P00064,S000,S211,1,R058,P68630,S322,S432,18
-1.15,-1.15,0.25778,0.818955249,0.561175249,8.43587813,-1.04994705,8.80768459,-0.359219508,9.1669041,R016,P00064,S000,S001,1,R058,P68630,S322,S432,18
-1.1,-1.15,0.25778,0.768955249,0.511175249,8.43587813,-0.204772109,8.80768459,0.485955435,8.32172915,R016,P00064,S000,S001,1,R058,P68630,S322,S432,18
-1.05,-1.15,0.25778,0.718955249,0.461175249,8.43587813,0.640402835,8.80768459,1.33113038,7.47655421,R016,P00064,S000,S001,1,R058,P68630,S322,S432,18
-1,-1.15,0.25778,0.668955249,0.411175249,8.43587813,1.48557778,8.80768459,2.17630532,6.63137927,R014,P00058,S000,S001,3,R013,P04640,S322,S432,36
-0.95,-1.15,0.25778,0.618955249,0.361175249,8.43587813,2.33075272,8.80768459,3.02148026,5.78620432,R005,P00009,S000,S001,10,R013,P04640,S322,S432,36
-0.9,-1.15,0.25778,0.568955249,0.311175249,8.43587813,3.17592766,8.80768459,3.86665521,4.94102938,R005,P00009,S000,S001,12,R013,P04640,S322,S432,36
-0.85,-1.15,0.25778,0.518955249,0.261175249,8.43587813,4.02110261,8.80768459,4.71183015,4.09585444,R005,P00009,S000,S001,32,R013,P04640,S322,S432,36
-0.8,-1.15,0.24365525,0.468955249,0.225299999,8.67463583,4.86627755,9.04644228,5.55700509,3.48943719,R022,P00213,S000,S110,7,R013,P04640,S322,S432,36
-0.75,-1.15,0.19365525,0.418955249,0.225299999,9.51981077,5.71145249,9.89161723,6.40218004,3.48943719,R022,P00213,S000,S110,8,R013,P04640,S322,S432,36
-0.7,-1.15,0.14365525,0.368955249,0.225299999,10.3649857,6.55662744,10.7367922,7.24735498,3.48943719,R023,P00216,S000,S110,6,R013,P04640,S322,S432,36
-0.65,-1.15,0.09365525,0.318955249,0.225299999,11.2101607,7.40180238,11.5819671,8.09252992,3.48943719,R023,P00216,S000,S110,6,R013,P04640,S322,S432,36
-0.6,-1.15,0.04365525,0.268955249,0.225299999,12.0553356,8.24697732,12.4271421,8.93770487,3.48943719,R023,P00216,S000,S110,6,R013,P04640,S322,S432,36
-0.55,-1.15,0,0.218955249,0.218955249,12.7932621,9.09215226,13.1650685,9.78287981,3.38218872,R023,P00216,S000,S000,6,R013,P04640,S322,S432,36
-0.5,-1.15,0,0.168955249,0.168955249,12.7932621,9.93732721,13.1650685,10.6280548,2.53701377,R023,P00216,S000,S000,6,R013,P04640,S322,S432,36
-0.45,-1.15,0,0.118955249,0.118955249,12.7932621,10.7825022,13.1650685,11.4732297,1.69183883,R023,P00216,S000,S000,6,R013,P04640,S322,S432,60
-0.4,-1.15,0,0.068955249,0.068955249,12.7932621,11.6276771,13.1650685,12.3184046,0.846663888,R023,P00216,S000,S000,6,R013,P04640,S322,S432,60
-0.35,-1.15,0,0.018955249,0.018955249,12.7932621,12.472852,13.1650685,13.1635796,0.00148894451,R023,P00216,S000,S000,6,R013,P04640,S322,S432,60
-0.3,-1.15,0,0,0,12.7932621,12.7932621,13.1650685,13.4839896,-0.318921085,R023,P00216,S000,S000,6,R011,P03989,S000,S000,180
-0.25,-1.15,0,0,0,12.7932621,12.7932621,13.1650685,13.4839896,-0.318921085,R023,P00216,S000,S000,6,R011,P03989,S000,S000,180
-0.2,-1.15,0,0,0,12.7932621,12.7932621,13.1650685,13.4839896,-0.318921085,R023,P00216,S000,S000,7,R010,P03778,S000,S000,216
-0.15,-1.15,0,0,0,12.7932621,12.7932621,13.1650685,13.4839896,-0.318921085,R023,P00216,S000,S000,14,R010,P03778,S000,S000,312
-0.1,-1.15,0,0,0,12.7932621,12.7932621,13.1650685,13.4839896,-0.318921085,R023,P00216,S000,S000,14,R010,P03778,S000,S000,560
-0.05,-1.15,0,0,0,12.7932621,12.7932621,13.1650685,13.4839896,-0.318921085,R023,P00216,S000,S000,14,R010,P03778,S000,S000,700
0,-1.15,0,0,0,12.7932621,12.7932621,13.1650685,13.4839896,-0.318921085,R023,P00216,S000,S000,14,R010,P03778,S000,S000,700
-4,-1.1,6.78825844,15.0014487,8.21319022,-101.952057,-240.783708,-101.58025,-240.092981,138.51273,R009,P00047,S212,S211,3,R068,P70305,S222,S221,4
-3.95,-1.1,6.63825844,14.7014487,8.06319022,-99.4165319,-235.712659,-99.0447254,-235.021931,135.977206,R009,P00047,S212,S211,3,R068,P70305,S222,S221,4
-3.9,-1.1,6.48825844,14.4014487,7.91319022,-96.881007,-230.641609,-96.5092006,-229.950881,133.441681,R009,P00047,S212,S211,3,R068,P70305,S222,S221,4
-3.85,-1.1,6.33825844,14.1014487,7.76319022,-94.3454822,-225.570559,-93.9736758,-224.879832,130.906156,R009,P00047,S212,S211,3,R068,P70305,S222,S221,4
-3.8,-1.1,6.18825844,13.8014487,7.61319022,-91.8099574,-220.49951,-91.4381509,-219.808782,128.370631,R009,P00047,S212,S211,3,R068,P70305,S222,S221,4
-3.75,-1.1,6.03825844,13.5014487,7.46319022,-89.2744326,-215.42846,-88.9026261,-214.737732,125.835106,R009,P00047,S212,S211,3,R068,P70305,S222,S221,4
-3.7,-1.1,5.88825844,13.2014487,7.31319022,-86.7389077,-210.35741,-86.3671013,-209.666683,123.299581,R009,P00047,S212,S211,3,R068,P70305,S222,S221,4
-3.65,-1.1,5.73825844,12.9014487,7.16319022,-84.2033829,-205.286361,-83.8315764,-204.595633,120.764057,R009,P00047,S212,S211,3,R068,P70305,S222,S221,4
-3.6,-1.1,5.58825844,12.6014487,7.01319022,-81.6678581,-200.215311,-81.2960516,-199.524583,118.228532,R009,P00047,S212,S211,3,R068,P70305,S222,S221,4
-3.55,-1.1,5.43825844,12.3014487,6.86319022,-79.1323332,-195.144261,-78.7605268,-194.453534,115.693007,R009,P00047,S000,S212,3,R068,P70305,S222,S221,4
-3.5,-1.1,5.28825844,12.0014487,6.71319022,-76.5968084,-190.073212,-76.225002,-189.382484,113.157482,R009,P00047,S000,S212,3,R068,P70305,S222,S221,4
-3.45,-1.1,5.13825844,11.7014487,6.56319022,-74.0612836,-185.002162,-73.6894771,-184.311434,110.621957,R009,P00047,S000,S212,3,R068,P70305,S222,S221,4
-3.4,-1.1,4.98825844,11.4014487,6.41319022,-71.5257588,-179.931112,-71.1539523,-179.240385,108.086432,R009,P00047,S000,S212,3,R068,P70305,S222,S221,4
-3.35,-1.1,4.86924319,11.1014487,6.23220547,-69.5139846,-174.860063,-69.1421781,-174.169335,105.027157,R009,P00047,S000,S212,3,R068,P70305,S222,S221,4
-3.3,-1.1,4.76924319,10.8014487,6.03220547,-67.8236347,-169.789013,-67.4518283,-169.098285,101.646457,R009,P00047,S000,S212,3,R068,P70305,S222,S221,4
-3.25,-1.1,4.66924319,10.5014487,5.83220547,-66.1332848,-164.717963,-65.7614784,-164.027236,98.2657574,R009,P00047,S000,S212,3,R068,P70305,S222,S221,4
-3.2,-1.1,4.56924319,10.2213652,5.652122,-64.4429349,-159.983573,-64.0711285,-159.292845,95.2217167,R009,P00047,S000,S212,3,R068,P70305,S222,S110,4
-3.15,-1.1,4.46924319,9.97136519,5.502122,-62.7525851,-155.757698,-62.3807786,-155.06697,92.6861919,R009,P00047,S000,S212,3,R066,P70100,S222,S110,21
-3.1,-1.1,4.36924319,9.72136519,5.352122,-61.0622352,-151.531823,-60.6904287,-150.841096,90.1506671,R009,P00047,S000,S212,3,R066,P70100,S222,S110,21
-3.05,-1.1,4.26924319,9.47136519,5.202122,-59.3718853,-147.305949,-59.0000788,-146.615221,87.6151422,R009,P00047,S000,S212,3,R066,P70100,S222,S110,21
-3,-1.1,4.16924319,9.19642866,5.02718547,-57.6815354,-142.658559,-57.3097289,-141.967832,84.6581028,R009,P00047,S000,S212,3,R018,P06764,S001,S000,100
-2.95,-1.1,4.06924319,8.89642866,4.82718547,-55.9911855,-137.58751,-55.6193791,-136.896782,81.277403,R007,P00015,S000,S212,5,R018,P06764,S001,S000,100
-2.9,-1.1,3.96924319,8.59642866,4.62718547,-54.3008356,-132.51646,-53.9290292,-131.825732,77.8967032,R007,P00015,S000,S212,5,R018,P06764,S001,S000,40
-2.85,-1.1,3.86924319,8.29642866,4.42718547,-52.6104857,-127.44541,-52.2386793,-126.754683,74.5160034,R003,P00003,S000,S212,8,R018,P06764,S001,S000,24
-2.8,-1.1,3.76924319,7.99642866,4.22718547,-50.9201359,-122.374361,-50.5483294,-121.683633,71.1353037,R003,P00003,S000,S212,8,R018,P06764,S001,S000,24
-2.75,-1.1,3.66924319,7.69642866,4.02718547,-49.229786,-117.303311,-48.8579795,-116.612583,67.7546039,R003,P00003,S000,S212,10,R018,P06764,S001,S000,24
-2.7,-1.1,3.56924319,7.39642866,3.82718547,-47.5394361,-112.232261,-47.1676296,-111.541534,64.3739041,R003,P00003,S000,S212,10,R018,P06764,S001,S000,24
-2.65,-1.1,3.46924319,7.09642866,3.62718547,-45.8490862,-107.161212,-45.4772797,-106.470484,60.9932044,R003,P00003,S000,S212,10,R018,P06764,S001,S000,24
-2.6,-1.1,3.36924319,6.79642866,3.42718547,-44.1587363,-102.090162,-43.7869298,-101.399434,57.6125046,R003,P00003,S000,S212,10,R018,P06764,S001,S000,24
-2.55,-1.1,3.26924319,6.49642866,3.22718547,-42.4683864,-97.0191123,-42.09658,-96.3283848,54.2318048,R003,P00003,S000,S212,10,R018,P06764,S001,S000,24
-2.5,-1.1,3.16924319,6.19642866,3.02718547,-40.7780365,-91.9480627,-40.4062301,-91.2573351,50.851105,R003,P00003,S000,S212,10,R018,P06764,S001,S000,24
-2.45,-1.1,3.06924319,5.89642866,2.82718547,-39.0876866,-86.877013,-38.7158802,-86.1862855,47.4704053,R003,P00003,S000,S212,11,R018,P06764,S001,S000,24
-2.4,-1.1,2.96924319,5.59642866,2.62718547,-37.3973368,-81.8059633,-37.0255303,-81.1152358,44.0897055,R003,P00003,S000,S212,11,R019,P06779,S001,S000,9
-2.35,-1.1,2.86924319,5.29642866,2.42718547,-35.7069869,-76.7349137,-35.3351804,-76.0441861,40.7090057,R003,P00003,S000,S212,11,R019,P06779,S001,S000,9
-2.3,-1.1,2.76924319,4.99642866,2.22718547,-34.016637,-71.663864,-33.6448305,-70.9731365,37.328306,R003,P00003,S000,S212,11,R023,P08477,S001,S000,6
-2.25,-1.1,2.66924319,4.69642866,2.02718547,-32.3262871,-66.5928144,-31.9544806,-65.9020868,33.9476062,R003,P00003,S000,S212,11,R025,P08508,S001,S000,4
-2.2,-1.1,2.56924319,4.39642866,1.82718547,-30.6359372,-61.5217647,-30.2641308,-60.8310372,30.5669064,R003,P00003,S000,S212,11,R025,P08508,S001,S000,4
-2.15,-1.1,2.46924319,4.09642866,1.62718547,-28.9455873,-56.4507151,-28.5737809,-55.7599875,27.1862066,R003,P00003,S000,S212,11,R025,P08508,S001,S000,2
-2.1,-1.1,2.36924319,3.79642866,1.42718547,-27.2552374,-51.3796654,-26.883431,-50.6889379,23.8055069,R003,P00003,S000,S212,11,R029,P24279,S001,S000,1
-2.05,-1.1,2.26924319,3.50740866,1.23816547,-25.5648876,-46.4942162,-25.1930811,-45.8034886,20.6104075,R003,P00003,S000,S212,10,R060,P68634,S212,S211,4
-2,-1.1,2.16924319,3.23949894,1.07025575,-23.8745377,-41.9656045,-23.5027312,-41.274877,17.7721458,R003,P00003,S000,S212,10,R060,P68634,S212,S110,4
-1.95,-1.1,2.06924319,2.98949894,0.92025575,-22.1841878,-37.7397298,-21.8123813,-37.0490023,15.2366209,R003,P00003,S000,S212,10,R060,P68634,S212,S110,4
-1.9,-1.1,1.94456469,2.73949894,0.79493425,-20.0766849,-33.5138551,-19.7048784,-32.8231275,13.1182491,R005,P00009,S000,S312,1,R060,P68634,S212,S110,4
-1.85,-1.1,1.79456469,2.48949894,0.69493425,-17.5411601,-29.2879804,-17.1693536,-28.5972528,11.4278992,R005,P00009,S000,S312,1,R060,P68634,S212,S110,4
-1.8,-1.1,1.64456469,2.23949894,0.59493425,-15.0056352,-25.0621057,-14.6338288,-24.3713781,9.73754933,R005,P00009,S000,S312,1,R060,P68634,S212,S110,4
-1.75,-1.1,1.49456469,1.98949894,0.49493425,-12.4701104,-20.8362309,-12.098304,-20.1455034,8.04719945,R005,P00009,S000,S312,1,R060,P68634,S212,S110,4
-1.7,-1.1,1.34456469,1.8142905,0.469725812,-9.93458559,-17.8745953,-9.56277913,-17.1838678,7.62108864,R005,P00009,S000,S312,1,R058,P68630,S212,S432,7
-1.65,-1.1,1.19456469,1.71228022,0.517715532,-7.39906076,-16.1502647,-7.0272543,-15.4595371,8.43228282,R005,P00009,S000,S312,1,R064,P70050,S000,S321,4
-1.6,-1.1,1.04456469,1.56228022,0.517715532,-4.86353593,-13.6147398,-4.49172947,-12.9240123,8.43228282,R005,P00009,S000,S312,1,R063,P70046,S000,S321,7
-1.55,-1.1,0.894564687,1.41228022,0.517715532,-2.3280111,-11.079215,-1.95620464,-10.3884875,8.43228282,R005,P00009,S000,S312,1,R063,P70046,S000,S321,7
-1.5,-1.1,0.799869719,1.26228022,0.4624105,-0.727334817,-8.54369018,-0.355528358,-7.85296263,7.49743427,R005,P00009,S000,S101,1,R063,P70046,S000,S321,7
-1.45,-1.1,0.749869719,1.16895525,0.41908553,0.117840126,-6.96617165,0.489646585,-6.27544411,6.76509069,R005,P00009,S000,S101,1,R063,P70046,S322,S432,7
-1.4,-1.1,0.699869719,1.11895525,0.41908553,0.963015069,-6.12099671,1.33482153,-5.43026917,6.76509069,R005,P00009,S000,S101,1,R063,P70046,S322,S432,7
-1.35,-1.1,0.649869719,1.06895525,0.41908553,1.80819001,-5.27582177,2.17999647,-4.58509422,6.76509069,R005,P00009,S000,S101,1,R063,P70046,S322,S432,8
-1.3,-1.1,0.569194969,1.01895525,0.44976028,3.17187556,-4.43064682,3.54368202,-3.73991928,7.2836013,R016,P00064,S000,S211,1,R058,P68630,S322,S432,16
-1.25,-1.1,0.469194969,0.968955249,0.49976028,4.86222544,-3.58547188,5.2340319,-2.89474434,8.12877624,R016,P00064,S000,S211,1,R058,P68630,S322,S432,16
-1.2,-1.1,0.369194969,0.918955249,0.54976028,6.55257533,-2.74029694,6.92438179,-2.04956939,8.97395118,R016,P00064,S000,S211,1,R058,P68630,S322,S432,16
-1.15,-1.1,0.28278,0.868955249,0.586175249,8.01329066,-1.89512199,8.38509712,-1.20439445,9.58949157,R016,P00064,S000,S001,1,R058,P68630,S322,S432,18
-1.1,-1.1,0.28278,0.818955249,0.536175249,8.01329066,-1.04994705,8.38509712,-0.359219508,8.74431663,R016,P00064,S000,S001,1,R058,P68630,S322,S432,18
-1.05,-1.1,0.28278,0.768955249,0.486175249,8.01329066,-0.204772109,8.38509712,0.485955435,7.89914168,R016,P00064,S000,S001,1,R058,P68630,S322,S432,18
-1,-1.1,0.28278,0.718955249,0.436175249,8.01329066,0.640402835,8.38509712,1.33113038,7.05396674,R014,P00058,S000,S001,3,R058,P68630,S322,S432,18
-0.95,-1.1,0.28278,0.668955249,0.386175249,8.01329066,1.48557778,8.38509712,2.17630532,6.2087918,R005,P00009,S000,S001,10,R013,P04640,S322,S432,36
-0.9,-1.1,0.28278,0.618955249,0.336175249,8.01329066,2.33075272,8.38509712,3.02148026,5.36361685,R005,P00009,S000,S001,12,R013,P04640,S322,S432,36
-0.85,-1.1,0.28278,0.568955249,0.286175249,8.01329066,3.17592766,8.38509712,3.86665521,4.51844191,R005,P00009,S000,S001,32,R013,P04640,S322,S432,36
-0.8,-1.1,0.28278,0.518955249,0.236175249,8.01329066,4.02110261,8.38509712,4.71183015,3.67326697,R005,P00009,S000,S001,32,R013,P04640,S322,S432,36
-0.75,-1.1,0.24365525,0.468955249,0.225299999,8.67463583,4.86627755,9.04644228,5.55700509,3.48943719,R022,P00213,S000,S110,7,R013,P04640,S322,S432,36
-0.7,-1.1,0.19365525,0.418955249,0.225299999,9.51981077,5.71145249,9.89161723,6.40218004,3.48943719,R023,P00216,S000,S110,6,R013,P04640,S322,S432,36
-0.65,-1.1,0.14365525,0.368955249,0.225299999,10.3649857,6.55662744,10.7367922,7.24735498,3.48943719,R023,P00216,S000,S110,6,R013,P04640,S322,S432,36
-0.6,-1.1,0.09365525,0.318955249,0.225299999,11.2101607,7.40180238,11.5819671,8.09252992,3.48943719,R023,P00216,S000,S110,6,R013,P04640,S322,S432,36
-0.55,-1.1,0.04365525,0.268955249,0.225299999,12.0553356,8.24697732,12.4271421,8.93770487,3.48943719,R023,P00216,S000,S110,6,R013,P04640,S322,S432,36
-0.5,-1.1,0,0.218955249,0.218955249,12.7932621,9.09215226,13.1650685,9.78287981,3.38218872,R023,P00216,S000,S000,6,R013,P04640,S322,S432,36
-0.45,-1.1,0,0.168955249,0.168955249,12.7932621,9.93732721,13.1650685,10.6280548,2.53701377,R023,P00216,S000,S000,6,R013,P04640,S322,S432,60
-0.4,-1.1,0,0.118955249,0.118955249,12.7932621,10.7825022,13.1650685,11.4732297,1.69183883,R023,P00216,S000,S000,6,R013,P04640,S322,S432,60
-0.35,-1.1,0,0.068955249,0.068955249,12.7932621,11.6276771,13.1650685,12.3184046,0.846663888,R023,P00216,S000,S000,6,R013,P04640,S322,S432,60
-0.3,-1.1,0,0.018955249,0.018955249,12.7932621,12.472852,13.1650685,13.1635796,0.00148894451,R023,P00216,S000,S000,6,R011,P03989,S322,S432,180
-0.25,-1.1,0,0,0,12.7932621,12.7932621,13.1650685,13.4839896,-0.318921085,R023,P00216,S000,S000,6,R011,P03989,S000,S000,180
-0.2,-1.1,0,0,0,12.7932621,12.7932621,13.1650685,13.4839896,-0.318921085,R023,P00216,S000,S000,7,R011,P03989,S000,S000,180
-0.15,-1.1,0,0,0,12.7932621,12.7932621,13.1650685,13.4839896,-0.318921085,R023,P00216,S000,S000,14,R010,P03778,S000,S000,216
-0.1,-1.1,0,0,0,12.7932621,12.7932621,13.1650685,13.4839896,-0.318921085,R023,P00216,S000,S000,14,R010,P03778,S000,S000,336
-0.05,-1.1,0,0,0,12.7932621,12.7932621,13.1650685,13.4839896,-0.318921085,R023,P00216,S000,S000,14,R010,P03778,S000,S000,700
0,-1.1,0,0,0,12.7932621,12.7932621,13.1650685,13.4839896,-0.318921085,R023,P00216,S000,S000,14,R010,P03778,S000,S000,700
-4,-1.05,6.93825844,15.2764487,8.33819022,-104.487582,-245.43217,-104.115775,-244.741443,140.625668,R009,P00047,S212,S211,3,R068,P70305,S222,S221,4
-3.95,-1.05,6.78825844,14.9764487,8.18819022,-101.952057,-240.361121,-101.58025,-239.670393,138.090143,R009,P00047,S212,S211,3,R068,P70305,S222,S221,4
-3.9,-1.05,6.63825844,14.6764487,8.03819022,-99.4165319,-235.290071,-99.0447254,-234.599344,135.554618,R009,P00047,S212,S211,3,R068,P70305,S222,S221,4
-3.85,-1.05,6.48825844,14.3764487,7.88819022,-96.881007,-230.219021,-96.5092006,-229.528294,133.019093,R009,P00047,S212,S211,3,R068,P70305,S222,S221,4
-3.8,-1.05,6.33825844,14.0764487,7.73819022,-94.3454822,-225.147972,-93.9736758,-224.457244,130.483568,R009,P00047,S212,S211,3,R068,P70305,S222,S221,4
-3.75,-1.05,6.18825844,13.7764487,7.58819022,-91.8099574,-220.076922,-91.4381509,-219.386195,127.948044,R009,P00047,S212,S211,3,R068,P70305,S222,S221,4
-3.7,-1.05,6.03825844,13.4764487,7.43819022,-89.2744326,-215.005872,-88.9026261,-214.315145,125.412519,R009,P00047,S212,S211,3,R068,P70305,S222,S221,4
-3.65,-1.05,5.88825844,13.1764487,7.28819022,-86.7389077,-209.934823,-86.3671013,-209.244095,122.876994,R009,P00047,S212,S211,3,R068,P70305,S222,S221,4
-3.6,-1.05,5.73825844,12.8764487,7.13819022,-84.2033829,-204.863773,-83.8315764,-204.173046,120.341469,R009,P00047,S212,S211,3,R068,P70305,S222,S221,4
-3.55,-1.05,5.58825844,12.5764487,6.98819022,-81.6678581,-199.792723,-81.2960516,-199.101996,117.805944,R009,P00047,S000,S212,3,R068,P70305,S222,S221,4
-3.5,-1.05,5.43825844,12.2764487,6.83819022,-79.1323332,-194.721674,-78.7605268,-194.030946,115.270419,R009,P00047,S000,S212,3,R068,P70305,S222,S221,4
-3.45,-1.05,5.28825844,11.9764487,6.68819022,-76.5968084,-189.650624,-76.225002,-188.959897,112.734895,R009,P00047,S000,S212,3,R068,P70305,S222,S221,4
-3.4,-1.05,5.13825844,11.6764487,6.53819022,-74.0612836,-184.579575,-73.6894771,-183.888847,110.19937,R009,P00047,S000,S212,3,R068,P70305,S222,S221,4
-3.35,-1.05,4.98825844,11.3764487,6.38819022,-71.5257588,-179.508525,-71.1539523,-178.817797,107.663845,R009,P00047,S000,S212,3,R068,P70305,S222,S221,4
-3.3,-1.05,4.86924319,11.0764487,6.20720547,-69.5139846,-174.437475,-69.1421781,-173.746748,104.60457,R009,P00047,S000,S212,3,R068,P70305,S222,S221,4
-3.25,-1.05,4.76924319,10.7764487,6.00720547,-67.8236347,-169.366426,-67.4518283,-168.675698,101.22387,R009,P00047,S000,S212,3,R068,P70305,S222,S221,4
-3.2,-1.05,4.66924319,10.4764487,5.80720547,-66.1332848,-164.295376,-65.7614784,-163.604648,97.84317,R009,P00047,S000,S212,3,R068,P70305,S222,S221,4
-3.15,-1.05,4.56924319,10.1764487,5.60720547,-64.4429349,-159.224326,-64.0711285,-158.533599,94.4624702,R009,P00047,S000,S212,3,R068,P70305,S222,S221,4
-3.1,-1.05,4.46924319,9.92136519,5.452122,-62.7525851,-154.912523,-62.3807786,-154.221796,91.8410169,R009,P00047,S000,S212,3,R066,P70100,S222,S110,21
-3.05,-1.05,4.36924319,9.67136519,5.302122,-61.0622352,-150.686648,-60.6904287,-149.995921,89.3054921,R009,P00047,S000,S212,3,R066,P70100,S222,S110,21
-3,-1.05,4.26924319,9.42136519,5.152122,-59.3718853,-146.460774,-59.0000788,-145.770046,86.7699673,R009,P00047,S000,S212,3,R066,P70100,S222,S110,21
-2.95,-1.05,4.16924319,9.17136519,5.002122,-57.6815354,-142.234899,-57.3097289,-141.544171,84.2344425,R007,P00015,S000,S212,5,R066,P70100,S222,S110,21
-2.9,-1.05,4.06924319,8.87142866,4.80218547,-55.9911855,-137.164922,-55.6193791,-136.474195,80.8548155,R007,P00015,S000,S212,5,R018,P06764,S001,S000,100
-2.85,-1.05,3.96924319,8.57142866,4.60218547,-54.3008356,-132.093872,-53.9290292,-131.403145,77.4741157,R003,P00003,S000,S212,8,R018,P06764,S001,S000,100
-2.8,-1.05,3.86924319,8.27142866,4.40218547,-52.6104857,-127.022823,-52.2386793,-126.332095,74.093416,R003,P00003,S000,S212,8,R018,P06764,S001,S000,40
-2.75,-1.05,3.76924319,7.97142866,4.20218547,-50.9201359,-121.951773,-50.5483294,-121.261046,70.7127162,R003,P00003,S000,S212,10,R018,P06764,S001,S000,24
-2.7,-1.05,3.66924319,7.67142866,4.00218547,-49.229786,-116.880723,-48.8579795,-116.189996,67.3320164,R003,P00003,S000,S212,10,R018,P06764,S001,S000,24
-2.65,-1.05,3.56924319,7.37142866,3.80218547,-47.5394361,-111.809674,-47.1676296,-111.118946,63.9513167,R003,P00003,S000,S212,10,R018,P06764,S001,S000,24
-2.6,-1.05,3.46924319,7.07142866,3.60218547,-45.8490862,-106.738624,-45.4772797,-106.047897,60.5706169,R003,P00003,S000,S212,10,R018,P06764,S001,S000,24
-2.55,-1.05,3.36924319,6.77142866,3.40218547,-44.1587363,-101.667575,-43.7869298,-100.976847,57.1899171,R003,P00003,S000,S212,10,R018,P06764,S001,S000,24
-2.5,-1.05,3.26924319,6.47142866,3.20218547,-42.4683864,-96.5965248,-42.09658,-95.9057973,53.8092173,R003,P00003,S000,S212,10,R018,P06764,S001,S000,24
-2.45,-1.05,3.16924319,6.17142866,3.00218547,-40.7780365,-91.5254752,-40.4062301,-90.8347476,50.4285176,R003,P00003,S000,S212,10,R018,P06764,S001,S000,24
-2.4,-1.05,3.06924319,5.87142866,2.80218547,-39.0876866,-86.4544255,-38.7158802,-85.763698,47.0478178,R003,P00003,S000,S212,11,R018,P06764,S001,S000,24
-2.35,-1.05,2.96924319,5.57142866,2.60218547,-37.3973368,-81.3833759,-37.0255303,-80.6926483,43.667118,R003,P00003,S000,S212,11,R019,P06779,S001,S000,9
-2.3,-1.05,2.86924319,5.27142866,2.40218547,-35.7069869,-76.3123262,-35.3351804,-75.6215987,40.2864183,R003,P00003,S000,S212,11,R019,P06779,S001,S000,9
-2.25,-1.05,2.76924319,4.97142866,2.20218547,-34.016637,-71.2412766,-33.6448305,-70.550549,36.9057185,R003,P00003,S000,S212,11,R019,P06779,S001,S000,9
-2.2,-1.05,2.66924319,4.67142866,2.00218547,-32.3262871,-66.1702269,-31.9544806,-65.4794994,33.5250187,R003,P00003,S000,S212,11,R025,P08508,S001,S000,4
-2.15,-1.05,2.56924319,4.37142866,1.80218547,-30.6359372,-61.0991772,-30.2641308,-60.4084497,30.1443189,R003,P00003,S000,S212,11,R025,P08508,S001,S000,4
-2.1,-1.05,2.46924319,4.07142866,1.60218547,-28.9455873,-56.0281276,-28.5737809,-55.3374,26.7636192,R003,P00003,S000,S212,11,R025,P08508,S001,S000,2
-2.05,-1.05,2.36924319,3.78240866,1.41316547,-27.2552374,-51.1426783,-26.883431,-50.4519508,23.5685198,R003,P00003,S000,S212,15,R060,P68634,S212,S211,4
-2,-1.05,2.26924319,3.48949894,1.22025575,-25.5648876,-46.1914792,-25.1930811,-45.5007517,20.3076706,R003,P00003,S000,S212,15,R060,P68634,S212,S110,4
-1.95,-1.05,2.16924319,3.23949894,1.07025575,-23.8745377,-41.9656045,-23.5027312,-41.274877,17.7721458,R003,P00003,S000,S212,10,R060,P68634,S212,S110,4
-1.9,-1.05,2.04456469,2.98949894,0.94493425,-21.7670348,-37.7397298,-21.3952283,-37.0490023,15.6537739,R005,P00009,S000,S312,1,R060,P68634,S212,S110,4
-1.85,-1.05,1.89456469,2.73949894,0.84493425,-19.23151,-33.5138551,-18.8597035,-32.8231275,13.963424,R005,P00009,S000,S312,1,R060,P68634,S212,S110,4
-1.8,-1.05,1.74456469,2.48949894,0.74493425,-16.6959851,-29.2879804,-16.3241787,-28.5972528,12.2730742,R005,P00009,S000,S312,1,R060,P68634,S212,S110,4
-1.75,-1.05,1.59456469,2.23949894,0.64493425,-14.1604603,-25.0621057,-13.7886538,-24.3713781,10.5827243,R005,P00009,S000,S312,1,R060,P68634,S212,S110,4
-1.7,-1.05,1.44456469,1.98949894,0.54493425,-11.6249355,-20.8362309,-11.253129,-20.1455034,8.89237439,R005,P00009,S000,S312,1,R060,P68634,S212,S110,4
-1.65,-1.05,1.29456469,1.8142905,0.519725812,-9.08941064,-17.8745953,-8.71760419,-17.1838678,8.46626359,R005,P00009,S000,S312,1,R058,P68630,S212,S432,7
-1.6,-1.05,1.14456469,1.68728022,0.542715532,-6.55388582,-15.7276772,-6.18207936,-15.0369496,8.85487029,R005,P00009,S000,S312,1,R064,P70050,S000,S321,4
-1.55,-1.05,0.994564687,1.53728022,0.542715532,-4.01836099,-13.1921524,-3.64655453,-12.5014248,8.85487029,R005,P00009,S000,S312,1,R063,P70046,S000,S321,7
-1.5,-1.05,0.844564687,1.38728022,0.542715532,-1.48283616,-10.6566275,-1.1110297,-9.96589999,8.85487029,R005,P00009,S000,S312,1,R063,P70046,S000,S321,7
-1.45,-1.05,0.774869719,1.23728022,0.4624105,-0.304747345,-8.12110271,0.0670591131,-7.43037516,7.49743427,R005,P00009,S000,S101,1,R063,P70046,S000,S321,7
-1.4,-1.05,0.724869719,1.16895525,0.44408553,0.540427598,-6.96617165,0.912234056,-6.27544411,7.18767817,R005,P00009,S000,S101,1,R063,P70046,S322,S432,7
-1.35,-1.05,0.674869719,1.11895525,0.44408553,1.38560254,-6.12099671,1.757409,-5.43026917,7.18767817,R005,P00009,S000,S101,1,R063,P70046,S322,S432,7
-1.3,-1.05,0.624869719,1.06895525,0.44408553,2.23077748,-5.27582177,2.60258394,-4.58509422,7.18767817,R005,P00009,S000,S101,1,R063,P70046,S322,S432,8
-1.25,-1.05,0.544194969,1.01895525,0.47476028,3.59446303,-4.43064682,3.96626949,-3.73991928,7.70618877,R016,P00064,S000,S211,1,R058,P68630,S322,S432,16
-1.2,-1.05,0.444194969,0.968955249,0.52476028,5.28481291,-3.58547188,5.65661937,-2.89474434,8.55136371,R016,P00064,S000,S211,1,R058,P68630,S322,S432,16
-1.15,-1.05,0.344194969,0.918955249,0.57476028,6.9751628,-2.74029694,7.34696926,-2.04956939,9.39653865,R016,P00064,S000,S211,1,R058,P68630,S322,S432,16
-1.1,-1.05,0.30778,0.868955249,0.561175249,7.59070319,-1.89512199,7.96250965,-1.20439445,9.1669041,R016,P00064,S000,S001,1,R058,P68630,S322,S432,18
-1.05,-1.05,0.30778,0.818955249,0.511175249,7.59070319,-1.04994705,7.96250965,-0.359219508,8.32172915,R016,P00064,S000,S001,1,R058,P68630,S322,S432,18
-1,-1.05,0.30778,0.768955249,0.461175249,7.59070319,-0.204772109,7.96250965,0.485955435,7.47655421,R014,P00058,S000,S001,3,R058,P68630,S322,S432,18
-0.95,-1.05,0.30778,0.718955249,0.411175249,7.59070319,0.640402835,7.96250965,1.33113038,6.63137927,R005,P00009,S000,S001,10,R013,P04640,S322,S432,36
-0.9,-1.05,0.30778,0.668955249,0.361175249,7.59070319,1.48557778,7.96250965,2.17630532,5.78620432,R005,P00009,S000,S001,21,R013,P04640,S322,S432,36
-0.85,-1.05,0.30778,0.618955249,0.311175249,7.59070319,2.33075272,7.96250965,3.02148026,4.94102938,R005,P00009,S000,S001,32,R013,P04640,S322,S432,36
-0.8,-1.05,0.30778,0.568955249,0.261175249,7.59070319,3.17592766,7.96250965,3.86665521,4.09585444,R005,P00009,S000,S001,32,R013,P04640,S322,S432,36
-0.75,-1.05,0.29365525,0.518955249,0.225299999,7.82946088,4.02110261,8.20126734,4.71183015,3.48943719,R022,P00213,S000,S110,7,R013,P04640,S322,S432,36
-0.7,-1.05,0.24365525,0.468955249,0.225299999,8.67463583,4.86627755,9.04644228,5.55700509,3.48943719,R022,P00213,S000,S110,7,R013,P04640,S322,S432,36
-0.65,-1.05,0.19365525,0.418955249,0.225299999,9.51981077,5.71145249,9.89161723,6.40218004,3.48943719,R023,P00216,S000,S110,6,R013,P04640,S322,S432,36
-0.6,-1.05,0.14365525,0.368955249,0.225299999,10.3649857,6.55662744,10.7367922,7.24735498,3.48943719,R023,P00216,S000,S110,6,R013,P04640,S322,S432,36
-0.55,-1.05,0.09365525,0.318955249,0.225299999,11.2101607,7.40180238,11.5819671,8.09252992,3.48943719,R023,P00216,S000,S110,6,R013,P04640,S322,S432,36
-0.5,-1.05,0.04365525,0.268955249,0.225299999,12.0553356,8.24697732,12.4271421,8.93770487,3.48943719,R023,P00216,S000,S110,6,R013,P04640,S322,S432,36
-0.45,-1.05,0,0.218955249,0.218955249,12.7932621,9.09215226,13.1650685,9.78287981,3.38218872,R023,P00216,S000,S000,6,R013,P04640,S322,S432,60
-0.4,-1.05,0,0.168955249,0.168955249,12.7932621,9.93732721,13.1650685,10.6280548,2.53701377,R023,P00216,S000,S000,6,R013,P04640,S322,S432,60
-0.35,-1.05,0,0.118955249,0.118955249,12.7932621,10.7825022,13.1650685,11.4732297,1.69183883,R023,P00216,S000,S000,6,R013,P04640,S322,S432,60
-0.3,-1.05,0,0.068955249,0.068955249,12.7932621,11.6276771,13.1650685,12.3184046,0.846663888,R023,P00216,S000,S000,6,R011,P03989,S322,S432,180
-0.25,-1.05,0,0.018955249,0.018955249,12.7932621,12.472852,13.1650685,13.1635796,0.00148894451,R023,P00216,S000,S000,6,R011,P03989,S322,S432,180
-0.2,-1.05,0,0,0,12.7932621,12.7932621,13.1650685,13.4839896,-0.318921085,R023,P00216,S000,S000,7,R011,P03989,S000,S000,180
-0.15,-1.05,0,0,0,12.7932621,12.7932621,13.1650685,13.4839896,-0.318921085,R023,P00216,S000,S000,14,R011,P03989,S000,S000,180
-0.1,-1.05,0,0,0,12.7932621,12.7932621,13.1650685,13.4839896,-0.318921085,R023,P00216,S000,S000,14,R010,P03778,S000,S000,240
-0.05,-1.05,0,0,0,12.7932621,12.7932621,13.1650685,13.4839896,-0.318921085,R023,P00216,S000,S000,14,R010,P03778,S000,S000,420
0,-1.05,0,0,0,12.7932621,12.7932621,13.1650685,13.4839896,-0.318921085,R023,P00216,S000,S000,14,R010,P03778,S000,S000,700
-4,-1,7.08825844,15.5514487,8.46319022,-107.023106,-250.080633,-106.6513,-249.389905,142.738605,R009,P00047,S212,S211,3,R068,P70305,S222,S221,4
-3.95,-1,6.93825844,15.2514487,8.31319022,-104.487582,-245.009583,-104.115775,-244.318855,140.20308,R009,P00047,S212,S211,3,R068,P70305,S222,S221,4
-3.9,-1,6.78825844,14.9514487,8.16319022,-101.952057,-239.938533,-101.58025,-239.247806,137.667555,R009,P00047,S212,S211,3,R068,P70305,S222,S221,4
-3.85,-1,6.63825844,14.6514487,8.01319022,-99.4165319,-234.867484,-99.0447254,-234.176756,135.132031,R009,P00047,S212,S211,3,R068,P70305,S222,S221,4
-3.8,-1,6.48825844,14.3514487,7.86319022,-96.881007,-229.796434,-96.5092006,-229.105706,132.596506,R009,P00047,S212,S211,3,R068,P70305,S222,S221,4
-3.75,-1,6.33825844,14.0514487,7.71319022,-94.3454822,-224.725384,-93.9736758,-224.034657,130.060981,R009,P00047,S212,S211,3,R068,P70305,S222,S221,4
-3.7,-1,6.18825844,13.7514487,7.56319022,-91.8099574,-219.654335,-91.4381509,-218.963607,127.525456,R009,P00047,S212,S211,3,R068,P70305,S222,S221,4
-3.65,-1,6.03825844,13.4514487,7.41319022,-89.2744326,-214.583285,-88.9026261,-213.892557,124.989931,R009,P00047,S212,S211,3,R068,P70305,S222,S221,4
-3.6,-1,5.88825844,13.1514487,7.26319022,-86.7389077,-209.512235,-86.3671013,-208.821508,122.454407,R009,P00047,S212,S211,3,R068,P70305,S222,S221,4
-3.55,-1,5.73825844,12.8514487,7.11319022,-84.2033829,-204.441186,-83.8315764,-203.750458,119.918882,R009,P00047,S212,S211,3,R068,P70305,S222,S221,4
-3.5,-1,5.58825844,12.5514487,6.96319022,-81.6678581,-199.370136,-81.2960516,-198.679408,117.383357,R009,P00047,S000,S212,3,R068,P70305,S222,S221,4
-3.45,-1,5.43825844,12.2514487,6.81319022,-79.1323332,-194.299086,-78.7605268,-193.608359,114.847832,R009,P00047,S000,S212,3,R068,P70305,S222,S221,4
-3.4,-1,5.28825844,11.9514487,6.66319022,-76.5968084,-189.228037,-76.225002,-188.537309,112.312307,R009,P00047,S000,S212,3,R068,P70305,S222,S221,4
-3.35,-1,5.13825844,11.6514487,6.51319022,-74.0612836,-184.156987,-73.6894771,-183.466259,109.776782,R009,P00047,S000,S212,3,R068,P70305,S222,S221,4
-3.3,-1,4.98825844,11.3514487,6.36319022,-71.5257588,-179.085937,-71.1539523,-178.39521,107.241258,R009,P00047,S000,S212,3,R068,P70305,S222,S221,4
-3.25,-1,4.86924319,11.0514487,6.18220547,-69.5139846,-174.014888,-69.1421781,-173.32416,104.181982,R009,P00047,S000,S212,3,R068,P70305,S222,S221,4
-3.2,-1,4.76924319,10.7514487,5.98220547,-67.8236347,-168.943838,-67.4518283,-168.253111,100.801282,R009,P00047,S000,S212,3,R068,P70305,S222,S221,4
-3.15,-1,4.66924319,10.4514487,5.78220547,-66.1332848,-163.872788,-65.7614784,-163.182061,97.4205825,R009,P00047,S000,S212,3,R068,P70305,S222,S221,4
-3.1,-1,4.56924319,10.1514487,5.58220547,-64.4429349,-158.801739,-64.0711285,-158.111011,94.0398827,R009,P00047,S000,S212,3,R068,P70305,S222,S221,4
-3.05,-1,4.46924319,9.87136519,5.402122,-62.7525851,-154.067348,-62.3807786,-153.376621,90.995842,R009,P00047,S000,S212,3,R068,P70305,S222,S110,4
-3,-1,4.36924319,9.62136519,5.252122,-61.0622352,-149.841473,-60.6904287,-149.150746,88.4603172,R009,P00047,S000,S212,3,R066,P70100,S222,S110,21
-2.95,-1,4.26924319,9.37136519,5.102122,-59.3718853,-145.615599,-59.0000788,-144.924871,85.9247923,R007,P00015,S000,S212,5,R066,P70100,S222,S110,21
-2.9,-1,4.16924319,9.12136519,4.952122,-57.6815354,-141.389724,-57.3097289,-140.698996,83.3892675,R007,P00015,S000,S212,5,R065,P70094,S222,S110,27
-2.85,-1,4.06924319,8.84642866,4.77718547,-55.9911855,-136.742335,-55.6193791,-136.051607,80.432228,R007,P00015,S000,S212,5,R015,P06755,S001,S000,130
-2.8,-1,3.96924319,8.54642866,4.57718547,-54.3008356,-131.671285,-53.9290292,-130.980557,77.0515283,R003,P00003,S000,S212,8,R015,P06755,S001,S000,130
-2.75,-1,3.86924319,8.24642866,4.37718547,-52.6104857,-126.600235,-52.2386793,-125.909508,73.6708285,R003,P00003,S000,S212,8,R015,P06755,S001,S000,70
-2.7,-1,3.76924319,7.94642866,4.17718547,-50.9201359,-121.529186,-50.5483294,-120.838458,70.2901287,R003,P00003,S000,S212,10,R015,P06755,S001,S000,70
-2.65,-1,3.66924319,7.64642866,3.97718547,-49.229786,-116.458136,-48.8579795,-115.767408,66.909429,R003,P00003,S000,S212,10,R015,P06755,S001,S000,42
-2.6,-1,3.56924319,7.34642866,3.77718547,-47.5394361,-111.387086,-47.1676296,-110.696359,63.5287292,R003,P00003,S000,S212,10,R015,P06755,S001,S000,42
-2.55,-1,3.46924319,7.04642866,3.57718547,-45.8490862,-106.316037,-45.4772797,-105.625309,60.1480294,R003,P00003,S000,S212,10,R015,P06755,S001,S000,42
-2.5,-1,3.36924319,6.74642866,3.37718547,-44.1587363,-101.244987,-43.7869298,-100.554259,56.7673296,R003,P00003,S000,S212,10,R015,P06755,S001,S000,42
-2.45,-1,3.26924319,6.44642866,3.17718547,-42.4683864,-96.1739374,-42.09658,-95.4832098,53.3866299,R003,P00003,S000,S212,10,R015,P06755,S001,S000,42
-2.4,-1,3.16924319,6.14642866,2.97718547,-40.7780365,-91.1028877,-40.4062301,-90.4121602,50.0059301,R003,P00003,S000,S212,11,R015,P06755,S001,S000,42
-2.35,-1,3.06924319,5.84642866,2.77718547,-39.0876866,-86.0318381,-38.7158802,-85.3411105,46.6252303,R003,P00003,S000,S212,11,R015,P06755,S001,S000,42
-2.3,-1,2.96924319,5.54642866,2.57718547,-37.3973368,-80.9607884,-37.0255303,-80.2700609,43.2445306,R003,P00003,S000,S212,11,R017,P06758,S001,S000,15
-2.25,-1,2.86924319,5.24642866,2.37718547,-35.7069869,-75.8897387,-35.3351804,-75.1990112,39.8638308,R003,P00003,S000,S212,11,R017,P06758,S001,S000,15
-2.2,-1,2.76924319,4.94642866,2.17718547,-34.016637,-70.8186891,-33.6448305,-70.1279615,36.483131,R003,P00003,S000,S212,11,R017,P06758,S001,S000,15
-2.15,-1,2.66924319,4.64642866,1.97718547,-32.3262871,-65.7476394,-31.9544806,-65.0569119,33.1024312,R003,P00003,S000,S212,11,R017,P06758,S001,S000,15
-2.1,-1,2.56924319,4.34642866,1.77718547,-30.6359372,-60.6765898,-30.2641308,-59.9858622,29.7217315,R003,P00003,S000,S212,15,R025,P08508,S001,S000,2
-2.05,-1,2.46924319,4.05740866,1.58816547,-28.9455873,-55.7911405,-28.5737809,-55.100413,26.5266321,R003,P00003,S000,S212,15,R060,P68634,S212,S211,4
-2,-1,2.36924319,3.75740866,1.38816547,-27.2552374,-50.7200909,-26.883431,-50.0293633,23.1459323,R003,P00003,S000,S212,15,R060,P68634,S212,S211,4
-1.95,-1,2.26924319,3.48949894,1.22025575,-25.5648876,-46.1914792,-25.1930811,-45.5007517,20.3076706,R003,P00003,S000,S212,18,R060,P68634,S212,S110,4
-1.9,-1,2.14456469,3.23949894,1.09493425,-23.4573847,-41.9656045,-23.0855782,-41.274877,18.1892988,R005,P00009,S000,S312,2,R060,P68634,S212,S110,4
-1.85,-1,1.99456469,2.98949894,0.99493425,-20.9218598,-37.7397298,-20.5500534,-37.0490023,16.4989489,R005,P00009,S000,S312,1,R060,P68634,S212,S110,4
-1.8,-1,1.84456469,2.73949894,0.89493425,-18.386335,-33.5138551,-18.0145286,-32.8231275,14.808599,R005,P00009,S000,S312,1,R060,P68634,S212,S110,4
-1.75,-1,1.69456469,2.48949894,0.79493425,-15.8508102,-29.2879804,-15.4790037,-28.5972528,13.1182491,R005,P00009,S000,S312,1,R060,P68634,S212,S110,4
-1.7,-1,1.54456469,2.23949894,0.69493425,-13.3152854,-25.0621057,-12.9434789,-24.3713781,11.4278992,R005,P00009,S000,S312,1,R060,P68634,S212,S110,4
-1.65,-1,1.39456469,1.98949894,0.59493425,-10.7797605,-20.8362309,-10.4079541,-20.1455034,9.73754933,R005,P00009,S000,S312,1,R058,P68630,S212,S110,7
-1.6,-1,1.24456469,1.81228022,0.567715532,-8.2442357,-17.8406146,-7.87242924,-17.149887,9.27745776,R005,P00009,S000,S312,1,R045,P31938,S000,S321,16
-1.55,-1,1.09456469,1.66228022,0.567715532,-5.70871087,-15.3050897,-5.33690441,-14.6143622,9.27745776,R005,P00009,S000,S312,1,R063,P70046,S000,S321,7
-1.5,-1,0.944564687,1.51228022,0.567715532,-3.17318604,-12.7695649,-2.80137959,-12.0788373,9.27745776,R005,P00009,S000,S312,1,R063,P70046,S000,S321,7
-1.45,-1,0.799869719,1.36228022,0.5624105,-0.727334817,-10.2340401,-0.355528358,-9.54331252,9.18778416,R005,P00009,S000,S101,1,R063,P70046,S000,S321,7
-1.4,-1,0.749869719,1.21895525,0.46908553,0.117840126,-7.8113466,0.489646585,-7.12061905,7.61026564,R005,P00009,S000,S101,1,R063,P70046,S322,S432,7
-1.35,-1,0.699869719,1.16895525,0.46908553,0.963015069,-6.96617165,1.33482153,-6.27544411,7.61026564,R005,P00009,S000,S101,1,R063,P70046,S322,S432,7
-1.3,-1,0.649869719,1.11895525,0.46908553,1.80819001,-6.12099671,2.17999647,-5.43026917,7.61026564,R005,P00009,S000,S101,1,R063,P70046,S322,S432,7
-1.25,-1,0.599869719,1.06895525,0.46908553,2.65336496,-5.27582177,3.02517141,-4.58509422,7.61026564,R005,P00009,S000,S101,1,R063,P70046,S322,S432,8
-1.2,-1,0.519194969,1.01895525,0.49976028,4.0170505,-4.43064682,4.38885696,-3.73991928,8.12877624,R016,P00064,S000,S211,1,R058,P68630,S322,S432,16
-1.15,-1,0.419194969,0.968955249,0.54976028,5.70740039,-3.58547188,6.07920684,-2.89474434,8.97395118,R016,P00064,S000,S211,1,R058,P68630,S322,S432,16
-1.1,-1,0.33278,0.918955249,0.586175249,7.16811572,-2.74029694,7.53992217,-2.04956939,9.58949157,R016,P00064,S000,S001,1,R058,P68630,S322,S432,16
-1.05,-1,0.33278,0.868955249,0.536175249,7.16811572,-1.89512199,7.53992217,-1.20439445,8.74431663,R016,P00064,S000,S001,1,R058,P68630,S322,S432,18
-1,-1,0.33278,0.818955249,0.486175249,7.16811572,-1.04994705,7.53992217,-0.359219508,7.89914168,R016,P00064,S000,S001,1,R058,P68630,S322,S432,18
-0.95,-1,0.33278,0.768955249,0.436175249,7.16811572,-0.204772109,7.53992217,0.485955435,7.05396674,R005,P00009,S000,S001,10,R058,P68630,S322,S432,18
-0.9,-1,0.33278,0.718955249,0.386175249,7.16811572,0.640402835,7.53992217,1.33113038,6.2087918,R005,P00009,S000,S001,21,R013,P04640,S322,S432,36
-0.85,-1,0.33278,0.668955249,0.336175249,7.16811572,1.48557778,7.53992217,2.17630532,5.36361685,R005,P00009,S000,S001,32,R013,P04640,S322,S432,36
-0.8,-1,0.33278,0.618955249,0.286175249,7.16811572,2.33075272,7.53992217,3.02148026,4.51844191,R005,P00009,S000,S001,32,R013,P04640,S322,S432,36
-0.75,-1,0.33278,0.568955249,0.236175249,7.16811572,3.17592766,7.53992217,3.86665521,3.67326697,R005,P00009,S000,S001,32,R013,P04640,S322,S432,36
-0.7,-1,0.29365525,0.518955249,0.225299999,7.82946088,4.02110261,8.20126734,4.71183015,3.48943719,R022,P00213,S000,S110,7,R013,P04640,S322,S432,36
-0.65,-1,0.24365525,0.468955249,0.225299999,8.67463583,4.86627755,9.04644228,5.55700509,3.48943719,R023,P00216,S000,S110,5,R013,P04640,S322,S432,36
-0.6,-1,0.19365525,0.418955249,0.225299999,9.51981077,5.71145249,9.89161723,6.40218004,3.48943719,R023,P00216,S000,S110,6,R013,P04640,S322,S432,36
-0.55,-1,0.14365525,0.368955249,0.225299999,10.3649857,6.55662744,10.7367922,7.24735498,3.48943719,R023,P00216,S000,S110,6,R013,P04640,S322,S432,36
-0.5,-1,0.09365525,0.318955249,0.225299999,11.2101607,7.40180238,11.5819671,8.09252992,3.48943719,R023,P00216,S000,S110,6,R013,P04640,S322,S432,36
-0.45,-1,0.04365525,0.268955249,0.225299999,12.0553356,8.24697732,12.4271421,8.93770487,3.48943719,R023,P00216,S000,S110,6,R013,P04640,S322,S432,60
-0.4,-1,0,0.218955249,0.218955249,12.7932621,9.09215226,13.1650685,9.78287981,3.38218872,R023,P00216,S000,S000,6,R013,P04640,S322,S432,60
-0.35,-1,0,0.168955249,0.168955249,12.7932621,9.93732721,13.1650685,10.6280548,2.53701377,R023,P00216,S000,S000,6,R013,P04640,S322,S432,60
-0.3,-1,0,0.118955249,0.118955249,12.7932621,10.7825022,13.1650685,11.4732297,1.69183883,R023,P00216,S000,S000,6,R011,P03989,S322,S432,180
-0.25,-1,0,0.068955249,0.068955249,12.7932621,11.6276771,13.1650685,12.3184046,0.846663888,R023,P00216,S000,S000,6,R011,P03989,S322,S432,180
-0.2,-1,0,0.018955249,0.018955249,12.7932621,12.472852,13.1650685,13.1635796,0.00148894451,R023,P00216,S000,S000,7,R011,P03989,S322,S432,180
-0.15,-1,0,0,0,12.7932621,12.7932621,13.1650685,13.4839896,-0.318921085,R023,P00216,S000,S000,14,R011,P03989,S000,S000,180
-0.1,-1,0,0,0,12.7932621,12.7932621,13.1650685,13.4839896,-0.318921085,R023,P00216,S000,S000,14,R011,P03989,S000,S000,204
-0.05,-1,0,0,0,12.7932621,12.7932621,13.1650685,13.4839896,-0.318921085,R023,P00216,S000,S000,14,R010,P03778,S000,S000,300
0,-1,0,0,0,12.7932621,12.7932621,13.1650685,13.4839896,-0.318921085,R023,P00216,S000,S000,14,R010,P03778,S000,S000,420
-4,-0.95,7.23825844,15.8264487,8.58819022,-109.558631,-254.729095,-109.186825,-254.038367,144.851542,R009,P00047,S212,S211,3,R068,P70305,S222,S221,4
-3.95,-0.95,7.08825844,15.5264487,8.43819022,-107.023106,-249.658045,-106.6513,-248.967318,142.316018,R009,P00047,S212,S211,3,R068,P70305,S222,S221,4
-3.9,-0.95,6.93825844,15.2264487,8.28819022,-104.487582,-244.586995,-104.115775,-243.896268,139.780493,R009,P00047,S212,S211,3,R068,P70305,S222,S221,4
-3.85,-0.95,6.78825844,14.9264487,8.13819022,-101.952057,-239.515946,-101.58025,-238.825218,137.244968,R009,P00047,S212,S211,3,R068,P70305,S222,S221,4
-3.8,-0.95,6.63825844,14.6264487,7.98819022,-99.4165319,-234.444896,-99.0447254,-233.754169,134.709443,R009,P00047,S212,S211,3,R068,P70305,S222,S221,4
-3.75,-0.95,6.48825844,14.3264487,7.83819022,-96.881007,-229.373846,-96.5092006,-228.683119,132.173918,R009,P00047,S212,S211,3,R068,P70305,S222,S221,4
-3.7,-0.95,6.33825844,14.0264487,7.68819022,-94.3454822,-224.302797,-93.9736758,-223.612069,129.638394,R009,P00047,S212,S211,3,R068,P70305,S222,S221,4
-3.65,-0.95,6.18825844,13.7264487,7.53819022,-91.8099574,-219.231747,-91.4381509,-218.54102,127.102869,R009,P00047,S212,S211,3,R068,P70305,S222,S221,4
-3.6,-0.95,6.03825844,13.4264487,7.38819022,-89.2744326,-214.160698,-88.9026261,-213.46997,124.567344,R009,P00047,S212,S211,3,R068,P70305,S222,S221,4
-3.55,-0.95,5.88825844,13.1264487,7.23819022,-86.7389077,-209.089648,-86.3671013,-208.39892,122.031819,R009,P00047,S212,S211,3,R068,P70305,S222,S221,4
-3.5,-0.95,5.73825844,12.8264487,7.08819022,-84.2033829,-204.018598,-83.8315764,-203.327871,119.496294,R009,P00047,S000,S212,3,R068,P70305,S222,S221,4
-3.45,-0.95,5.58825844,12.5264487,6.93819022,-81.6678581,-198.947549,-81.2960516,-198.256821,116.960769,R009,P00047,S000,S212,3,R068,P70305,S222,S221,4
-3.4,-0.95,5.43825844,12.2264487,6.78819022,-79.1323332,-193.876499,-78.7605268,-193.185771,114.425245,R009,P00047,S000,S212,3,R068,P70305,S222,S221,4
-3.35,-0.95,5.28825844,11.9264487,6.63819022,-76.5968084,-188.805449,-76.225002,-188.114722,111.88972,R009,P00047,S000,S212,3,R068,P70305,S222,S221,4
-3.3,-0.95,5.13825844,11.6264487,6.48819022,-74.0612836,-183.7344,-73.6894771,-183.043672,109.354195,R009,P00047,S000,S212,3,R068,P70305,S222,S221,4
-3.25,-0.95,4.98825844,11.3264487,6.33819022,-71.5257588,-178.66335,-71.1539523,-177.972622,106.81867,R009,P00047,S000,S212,3,R068,P70305,S222,S221,4
-3.2,-0.95,4.86924319,11.0264487,6.15720547,-69.5139846,-173.5923,-69.1421781,-172.901573,103.759395,R009,P00047,S000,S212,3,R068,P70305,S222,S221,4
-3.15,-0.95,4.76924319,10.7264487,5.95720547,-67.8236347,-168.521251,-67.4518283,-167.830523,100.378695,R009,P00047,S000,S212,3,R068,P70305,S222,S221,4
-3.1,-0.95,4.66924319,10.4264487,5.75720547,-66.1332848,-163.450201,-65.7614784,-162.759473,96.997995,R009,P00047,S000,S212,3,R068,P70305,S222,S221,4
-3.05,-0.95,4.56924319,10.1264487,5.55720547,-64.4429349,-158.379151,-64.0711285,-157.688424,93.6172952,R009,P00047,S000,S212,3,R068,P70305,S222,S221,4
-3,-0.95,4.46924319,9.82644866,5.35720547,-62.7525851,-153.308102,-62.3807786,-152.617374,90.2365955,R009,P00047,S000,S212,3,R068,P70305,S222,S221,4
-2.95,-0.95,4.36924319,9.57136519,5.202122,-61.0622352,-148.996298,-60.6904287,-148.305571,87.6151422,R007,P00015,S000,S212,5,R066,P70100,S222,S110,21
-2.9,-0.95,4.26924319,9.32136519,5.052122,-59.3718853,-144.770424,-59.0000788,-144.079696,85.0796174,R007,P00015,S000,S212,5,R066,P70100,S222,S110,21
-2.85,-0.95,4.16924319,9.07136519,4.902122,-57.6815354,-140.544549,-57.3097289,-139.853822,82.5440926,R007,P00015,S000,S212,5,R065,P70094,S222,S110,28
-2.8,-0.95,4.06924319,8.82136519,4.752122,-55.9911855,-136.318674,-55.6193791,-135.627947,80.0085677,R003,P00003,S000,S212,8,R065,P70094,S222,S110,28
-2.75,-0.95,3.96924319,8.52142866,4.55218547,-54.3008356,-131.248698,-53.9290292,-130.55797,76.6289408,R003,P00003,S000,S212,8,R015,P06755,S001,S000,130
-2.7,-0.95,3.86924319,8.22142866,4.35218547,-52.6104857,-126.177648,-52.2386793,-125.48692,73.248241,R003,P00003,S000,S212,10,R015,P06755,S001,S000,130
-2.65,-0.95,3.76924319,7.92142866,4.15218547,-50.9201359,-121.106598,-50.5483294,-120.415871,69.8675413,R003,P00003,S000,S212,10,R015,P06755,S001,S000,70
-2.6,-0.95,3.66924319,7.62142866,3.95218547,-49.229786,-116.035549,-48.8579795,-115.344821,66.4868415,R003,P00003,S000,S212,10,R015,P06755,S001,S000,70
-2.55,-0.95,3.56924319,7.32142866,3.75218547,-47.5394361,-110.964499,-47.1676296,-110.273771,63.1061417,R003,P00003,S000,S212,10,R015,P06755,S001,S000,42
-2.5,-0.95,3.46924319,7.02142866,3.55218547,-45.8490862,-105.893449,-45.4772797,-105.202722,59.7254419,R003,P00003,S000,S212,10,R015,P06755,S001,S000,42
-2.45,-0.95,3.36924319,6.72142866,3.35218547,-44.1587363,-100.8224,-43.7869298,-100.131672,56.3447422,R003,P00003,S000,S212,10,R015,P06755,S001,S000,42
-2.4,-0.95,3.26924319,6.42142866,3.15218547,-42.4683864,-95.7513499,-42.09658,-95.0606224,52.9640424,R003,P00003,S000,S212,10,R015,P06755,S001,S000,42
-2.35,-0.95,3.16924319,6.12142866,2.95218547,-40.7780365,-90.6803002,-40.4062301,-89.9895727,49.5833426,R003,P00003,S000,S212,11,R015,P06755,S001,S000,42
-2.3,-0.95,3.06924319,5.82142866,2.75218547,-39.0876866,-85.6092506,-38.7158802,-84.918523,46.2026429,R003,P00003,S000,S212,11,R015,P06755,S001,S000,42
-2.25,-0.95,2.96924319,5.52142866,2.55218547,-37.3973368,-80.5382009,-37.0255303,-79.8474734,42.8219431,R003,P00003,S000,S212,11,R017,P06758,S001,S000,15
-2.2,-0.95,2.86924319,5.22142866,2.35218547,-35.7069869,-75.4671513,-35.3351804,-74.7764237,39.4412433,R003,P00003,S000,S212,11,R017,P06758,S001,S000,15
-2.15,-0.95,2.76924319,4.92142866,2.15218547,-34.016637,-70.3961016,-33.6448305,-69.7053741,36.0605435,R003,P00003,S000,S212,11,R017,P06758,S001,S000,15
-2.1,-0.95,2.66924319,4.62142866,1.95218547,-32.3262871,-65.325052,-31.9544806,-64.6343244,32.6798438,R003,P00003,S000,S212,15,R017,P06758,S001,S000,15
-2.05,-0.95,2.56924319,4.33240866,1.76316547,-30.6359372,-60.4396027,-30.2641308,-59.7488752,29.4847444,R003,P00003,S000,S212,15,R060,P68634,S212,S211,4
-2,-0.95,2.46924319,4.03240866,1.56316547,-28.9455873,-55.3685531,-28.5737809,-54.6778255,26.1040446,R003,P00003,S000,S212,15,R060,P68634,S212,S211,4
-1.95,-0.95,2.36924319,3.73949894,1.37025575,-27.2552374,-50.417354,-26.883431,-49.7266264,22.8431954,R003,P00003,S000,S212,18,R060,P68634,S212,S110,4
-1.9,-0.95,2.24456469,3.48949894,1.24493425,-25.1477346,-46.1914792,-24.7759281,-45.5007517,20.7248236,R005,P00009,S000,S312,2,R060,P68634,S212,S110,4
-1.85,-0.95,2.09456469,3.23949894,1.14493425,-22.6122097,-41.9656045,-22.2404033,-41.274877,19.0344737,R005,P00009,S000,S312,2,R060,P68634,S212,S110,4
-1.8,-0.95,1.94456469,2.98949894,1.04493425,-20.0766849,-37.7397298,-19.7048784,-37.0490023,17.3441238,R005,P00009,S000,S312,1,R060,P68634,S212,S110,4
-1.75,-0.95,1.79456469,2.73949894,0.94493425,-17.5411601,-33.5138551,-17.1693536,-32.8231275,15.6537739,R005,P00009,S000,S312,1,R060,P68634,S212,S110,4
-1.7,-0.95,1.64456469,2.48949894,0.84493425,-15.0056352,-29.2879804,-14.6338288,-28.5972528,13.963424,R005,P00009,S000,S312,1,R060,P68634,S212,S110,4
-1.65,-0.95,1.49456469,2.23949894,0.74493425,-12.4701104,-25.0621057,-12.098304,-24.3713781,12.2730742,R005,P00009,S000,S312,1,R058,P68630,S212,S110,7
-1.6,-0.95,1.34456469,1.98949894,0.64493425,-9.93458559,-20.8362309,-9.56277913,-20.1455034,10.5827243,R005,P00009,S000,S312,1,R058,P68630,S212,S110,7
-1.55,-0.95,1.19456469,1.78728022,0.592715532,-7.39906076,-17.4180271,-7.0272543,-16.7272995,9.70004523,R005,P00009,S000,S312,1,R045,P31938,S000,S321,16
-1.5,-0.95,1.04456469,1.63728022,0.592715532,-4.86353593,-14.8825022,-4.49172947,-14.1917747,9.70004523,R005,P00009,S000,S312,1,R063,P70046,S000,S321,7
-1.45,-0.95,0.894564687,1.48728022,0.592715532,-2.3280111,-12.3469774,-1.95620464,-11.6562499,9.70004523,R005,P00009,S000,S312,1,R063,P70046,S000,S321,7
-1.4,-0.95,0.774869719,1.33728022,0.5624105,-0.304747345,-9.81145259,0.0670591131,-9.12072505,9.18778416,R005,P00009,S000,S101,1,R063,P70046,S000,S321,7
-1.35,-0.95,0.724869719,1.21895525,0.49408553,0.540427598,-7.8113466,0.912234056,-7.12061905,8.03285311,R005,P00009,S000,S101,1,R063,P70046,S322,S432,7
-1.3,-0.95,0.674869719,1.16895525,0.49408553,1.38560254,-6.96617165,1.757409,-6.27544411,8.03285311,R005,P00009,S000,S101,1,R063,P70046,S322,S432,7
-1.25,-0.95,0.624869719,1.11895525,0.49408553,2.23077748,-6.12099671,2.60258394,-5.43026917,8.03285311,R005,P00009,S000,S101,1,R063,P70046,S322,S432,8
-1.2,-0.95,0.574869719,1.06895525,0.49408553,3.07595243,-5.27582177,3.44775889,-4.58509422,8.03285311,R005,P00009,S000,S101,1,R063,P70046,S322,S432,8
-1.15,-0.95,0.494194969,1.01895525,0.52476028,4.43963797,-4.43064682,4.81144443,-3.73991928,8.55136371,R016,P00064,S000,S211,1,R058,P68630,S322,S432,16
-1.1,-0.95,0.394194969,0.968955249,0.57476028,6.12998786,-3.58547188,6.50179432,-2.89474434,9.39653865,R016,P00064,S000,S211,1,R058,P68630,S322,S432,16
-1.05,-0.95,0.35778,0.918955249,0.561175249,6.74552824,-2.74029694,7.1173347,-2.04956939,9.1669041,R016,P00064,S000,S001,1,R058,P68630,S322,S432,16
-1,-0.95,0.35778,0.868955249,0.511175249,6.74552824,-1.89512199,7.1173347,-1.20439445,8.32172915,R016,P00064,S000,S001,1,R058,P68630,S322,S432,18
-0.95,-0.95,0.35778,0.818955249,0.461175249,6.74552824,-1.04994705,7.1173347,-0.359219508,7.47655421,R005,P00009,S000,S001,9,R058,P68630,S322,S432,18
-0.9,-0.95,0.35778,0.768955249,0.411175249,6.74552824,-0.204772109,7.1173347,0.485955435,6.63137927,R005,P00009,S000,S001,21,R013,P04640,S322,S432,36
-0.85,-0.95,0.35778,0.718955249,0.361175249,6.74552824,0.640402835,7.1173347,1.33113038,5.78620432,R005,P00009,S000,S001,30,R013,P04640,S322,S432,36
-0.8,-0.95,0.35778,0.668955249,0.311175249,6.74552824,1.48557778,7.1173347,2.17630532,4.94102938,R005,P00009,S000,S001,32,R013,P04640,S322,S432,36
-0.75,-0.95,0.35778,0.618955249,0.261175249,6.74552824,2.33075272,7.1173347,3.02148026,4.09585444,R005,P00009,S000,S001,32,R013,P04640,S322,S432,36
-0.7,-0.95,0.34365525,0.568955249,0.225299999,6.98428594,3.17592766,7.3560924,3.86665521,3.48943719,R022,P00213,S000,S110,7,R013,P04640,S322,S432,36
-0.65,-0.95,0.29365525,0.518955249,0.225299999,7.82946088,4.02110261,8.20126734,4.71183015,3.48943719,R022,P00213,S000,S110,7,R013,P04640,S322,S432,36
-0.6,-0.95,0.24365525,0.468955249,0.225299999,8.67463583,4.86627755,9.04644228,5.55700509,3.48943719,R023,P00216,S000,S110,5,R013,P04640,S322,S432,36
-0.55,-0.95,0.19365525,0.418955249,0.225299999,9.51981077,5.71145249,9.89161723,6.40218004,3.48943719,R023,P00216,S000,S110,6,R013,P04640,S322,S432,40
-0.5,-0.95,0.14365525,0.368955249,0.225299999,10.3649857,6.55662744,10.7367922,7.24735498,3.48943719,R023,P00216,S000,S110,6,R013,P04640,S322,S432,40
-0.45,-0.95,0.09365525,0.318955249,0.225299999,11.2101607,7.40180238,11.5819671,8.09252992,3.48943719,R023,P00216,S000,S110,6,R013,P04640,S322,S432,68
-0.4,-0.95,0.04365525,0.268955249,0.225299999,12.0553356,8.24697732,12.4271421,8.93770487,3.48943719,R023,P00216,S000,S110,6,R013,P04640,S322,S432,68
-0.35,-0.95,0,0.218955249,0.218955249,12.7932621,9.09215226,13.1650685,9.78287981,3.38218872,R023,P00216,S000,S000,6,R013,P04640,S322,S432,68
-0.3,-0.95,0,0.168955249,0.168955249,12.7932621,9.93732721,13.1650685,10.6280548,2.53701377,R023,P00216,S000,S000,6,R011,P03989,S322,S432,204
-0.25,-0.95,0,0.118955249,0.118955249,12.7932621,10.7825022,13.1650685,11.4732297,1.69183883,R023,P00216,S000,S000,6,R011,P03989,S322,S432,204
-0.2,-0.95,0,0.068955249,0.068955249,12.7932621,11.6276771,13.1650685,12.3184046,0.846663888,R023,P00216,S000,S000,7,R011,P03989,S322,S432,204
-0.15,-0.95,0,0.018955249,0.018955249,12.7932621,12.472852,13.1650685,13.1635796,0.00148894451,R023,P00216,S000,S000,14,R011,P03989,S322,S432,204
-0.1,-0.95,0,0,0,12.7932621,12.7932621,13.1650685,13.4839896,-0.318921085,R023,P00216,S000,S000,14,R011,P03989,S000,S000,204
-0.05,-0.95,0,0,0,12.7932621,12.7932621,13.1650685,13.4839896,-0.318921085,R023,P00216,S000,S000,14,R011,P03989,S000,S000,264
0,-0.95,0,0,0,12.7932621,12.7932621,13.1650685,13.4839896,-0.318921085,R023,P00216,S000,S000,14,R010,P03778,S000,S000,300
-4,-0.9,7.38825844,16.1014487,8.71319022,-112.094156,-259.377557,-111.72235,-258.686829,146.96448,R009,P00047,S212,S211,3,R068,P70305,S222,S221,4
-3.95,-0.9,7.23825844,15.8014487,8.56319022,-109.558631,-254.306507,-109.186825,-253.61578,144.428955,R009,P00047,S212,S211,3,R068,P70305,S222,S221,4
-3.9,-0.9,7.08825844,15.5014487,8.41319022,-107.023106,-249.235458,-106.6513,-248.54473,141.89343,R009,P00047,S212,S211,3,R068,P70305,S222,S221,4
-3.85,-0.9,6.93825844,15.2014487,8.26319022,-104.487582,-244.164408,-104.115775,-243.47368,139.357905,R009,P00047,S212,S211,3,R068,P70305,S222,S221,4
-3.8,-0.9,6.78825844,14.9014487,8.11319022,-101.952057,-239.093358,-101.58025,-238.402631,136.822381,R009,P00047,S212,S211,3,R068,P70305,S222,S221,4
-3.75,-0.9,6.63825844,14.6014487,7.96319022,-99.4165319,-234.022309,-99.0447254,-233.331581,134.286856,R009,P00047,S212,S211,3,R068,P70305,S222,S221,4
-3.7,-0.9,6.48825844,14.3014487,7.81319022,-96.881007,-228.951259,-96.5092006,-228.260531,131.751331,R009,P00047,S212,S211,3,R068,P70305,S222,S221,4
-3.65,-0.9,6.33825844,14.0014487,7.66319022,-94.3454822,-223.880209,-93.9736758,-223.189482,129.215806,R009,P00047,S212,S211,3,R068,P70305,S222,S221,4
-3.6,-0.9,6.18825844,13.7014487,7.51319022,-91.8099574,-218.80916,-91.4381509,-218.118432,126.680281,R009,P00047,S212,S211,3,R068,P70305,S222,S221,4
-3.55,-0.9,6.03825844,13.4014487,7.36319022,-89.2744326,-213.73811,-88.9026261,-213.047382,124.144756,R009,P00047,S212,S211,3,R068,P70305,S222,S221,4
-3.5,-0.9,5.88825844,13.1014487,7.21319022,-86.7389077,-208.66706,-86.3671013,-207.976333,121.609232,R009,P00047,S212,S211,3,R068,P70305,S222,S221,4
-3.45,-0.9,5.73825844,12.8014487,7.06319022,-84.2033829,-203.596011,-83.8315764,-202.905283,119.073707,R009,P00047,S000,S212,3,R068,P70305,S222,S221,4
-3.4,-0.9,5.58825844,12.5014487,6.91319022,-81.6678581,-198.524961,-81.2960516,-197.834234,116.538182,R009,P00047,S000,S212,3,R068,P70305,S222,S221,4
-3.35,-0.9,5.43825844,12.2014487,6.76319022,-79.1323332,-193.453911,-78.7605268,-192.763184,114.002657,R009,P00047,S000,S212,3,R068,P70305,S222,S221,4
-3.3,-0.9,5.28825844,11.9014487,6.61319022,-76.5968084,-188.382862,-76.225002,-187.692134,111.467132,R009,P00047,S000,S212,3,R068,P70305,S222,S221,4
-3.25,-0.9,5.13825844,11.6014487,6.46319022,-74.0612836,-183.311812,-73.6894771,-182.621085,108.931607,R009,P00047,S000,S212,3,R068,P70305,S222,S221,4
-3.2,-0.9,4.98825844,11.3014487,6.31319022,-71.5257588,-178.240762,-71.1539523,-177.550035,106.396083,R009,P00047,S000,S212,3,R068,P70305,S222,S221,4
-3.15,-0.9,4.86924319,11.0014487,6.13220547,-69.5139846,-173.169713,-69.1421781,-172.478985,103.336807,R009,P00047,S000,S212,3,R068,P70305,S222,S221,4
-3.1,-0.9,4.76924319,10.7014487,5.93220547,-67.8236347,-168.098663,-67.4518283,-167.407936,99.9561073,R009,P00047,S000,S212,3,R068,P70305,S222,S221,4
-3.05,-0.9,4.66924319,10.4014487,5.73220547,-66.1332848,-163.027613,-65.7614784,-162.336886,96.5754075,R009,P00047,S000,S212,3,R068,P70305,S222,S221,4
-3,-0.9,4.56924319,10.1014487,5.53220547,-64.4429349,-157.956564,-64.0711285,-157.265836,93.1947078,R009,P00047,S000,S212,3,R068,P70305,S222,S221,4
-2.95,-0.9,4.46924319,9.80144866,5.33220547,-62.7525851,-152.885514,-62.3807786,-152.194787,89.814008,R007,P00015,S000,S212,5,R068,P70305,S222,S221,4
-2.9,-0.9,4.36924319,9.52136519,5.152122,-61.0622352,-148.151124,-60.6904287,-147.460396,86.7699673,R007,P00015,S000,S212,5,R068,P70305,S222,S110,4
-2.85,-0.9,4.26924319,9.27136519,5.002122,-59.3718853,-143.925249,-59.0000788,-143.234521,84.2344425,R007,P00015,S000,S212,5,R065,P70094,S222,S110,28
-2.8,-0.9,4.16924319,9.02136519,4.852122,-57.6815354,-139.699374,-57.3097289,-139.008647,81.6989176,R007,P00015,S000,S212,5,R065,P70094,S222,S110,28
-2.75,-0.9,4.06924319,8.77136519,4.702122,-55.9911855,-135.473499,-55.6193791,-134.782772,79.1633928,R003,P00003,S000,S212,8,R065,P70094,S222,S110,28
-2.7,-0.9,3.96924319,8.49642866,4.52718547,-54.3008356,-130.82611,-53.9290292,-130.135382,76.2063533,R003,P00003,S000,S212,8,R015,P06755,S001,S000,130
-2.65,-0.9,3.86924319,8.19642866,4.32718547,-52.6104857,-125.75506,-52.2386793,-125.064333,72.8256536,R003,P00003,S000,S212,10,R015,P06755,S001,S000,130
-2.6,-0.9,3.76924319,7.89642866,4.12718547,-50.9201359,-120.684011,-50.5483294,-119.993283,69.4449538,R003,P00003,S000,S212,10,R015,P06755,S001,S000,70
-2.55,-0.9,3.66924319,7.59642866,3.92718547,-49.229786,-115.612961,-48.8579795,-114.922234,66.064254,R003,P00003,S000,S212,10,R015,P06755,S001,S000,70
-2.5,-0.9,3.56924319,7.29642866,3.72718547,-47.5394361,-110.541911,-47.1676296,-109.851184,62.6835542,R003,P00003,S000,S212,10,R015,P06755,S001,S000,70
-2.45,-0.9,3.46924319,6.99642866,3.52718547,-45.8490862,-105.470862,-45.4772797,-104.780134,59.3028545,R003,P00003,S000,S212,10,R015,P06755,S001,S000,42
-2.4,-0.9,3.36924319,6.69642866,3.32718547,-44.1587363,-100.399812,-43.7869298,-99.7090845,55.9221547,R003,P00003,S000,S212,10,R015,P06755,S001,S000,42
-2.35,-0.9,3.26924319,6.39642866,3.12718547,-42.4683864,-95.3287624,-42.09658,-94.6380349,52.5414549,R003,P00003,S000,S212,11,R015,P06755,S001,S000,42
-2.3,-0.9,3.16924319,6.09642866,2.92718547,-40.7780365,-90.2577128,-40.4062301,-89.5669852,49.1607552,R003,P00003,S000,S212,11,R015,P06755,S001,S000,42
-2.25,-0.9,3.06924319,5.79642866,2.72718547,-39.0876866,-85.1866631,-38.7158802,-84.4959356,45.7800554,R003,P00003,S000,S212,11,R015,P06755,S001,S000,42
-2.2,-0.9,2.96924319,5.49642866,2.52718547,-37.3973368,-80.1156135,-37.0255303,-79.4248859,42.3993556,R003,P00003,S000,S212,11,R017,P06758,S001,S000,15
-2.15,-0.9,2.86924319,5.19642866,2.32718547,-35.7069869,-75.0445638,-35.3351804,-74.3538363,39.0186558,R003,P00003,S000,S212,15,R017,P06758,S001,S000,15
-2.1,-0.9,2.76924319,4.89642866,2.12718547,-34.016637,-69.9735141,-33.6448305,-69.2827866,35.6379561,R003,P00003,S000,S212,15,R017,P06758,S001,S000,15
-2.05,-0.9,2.66924319,4.60740866,1.93816547,-32.3262871,-65.0880649,-31.9544806,-64.3973374,32.4428567,R003,P00003,S000,S212,15,R060,P68634,S212,S211,4
-2,-0.9,2.56924319,4.30740866,1.73816547,-30.6359372,-60.0170152,-30.2641308,-59.3262877,29.0621569,R003,P00003,S000,S212,15,R060,P68634,S212,S211,4
-1.95,-0.9,2.46924319,4.00740866,1.53816547,-28.9455873,-54.9459656,-28.5737809,-54.255238,25.6814572,R003,P00003,S000,S212,18,R060,P68634,S212,S211,4
-1.9,-0.9,2.34456469,3.73949894,1.39493425,-26.8380844,-50.417354,-26.466278,-49.7266264,23.2603484,R005,P00009,S000,S312,2,R060,P68634,S212,S110,4
-1.85,-0.9,2.19456469,3.48949894,1.29493425,-24.3025596,-46.1914792,-23.9307532,-45.5007517,21.5699985,R005,P00009,S000,S312,2,R060,P68634,S212,S110,4
-1.8,-0.9,2.04456469,3.23949894,1.19493425,-21.7670348,-41.9656045,-21.3952283,-41.274877,19.8796486,R005,P00009,S000,S312,2,R060,P68634,S212,S110,4
-1.75,-0.9,1.89456469,2.98949894,1.09493425,-19.23151,-37.7397298,-18.8597035,-37.0490023,18.1892988,R005,P00009,S000,S312,1,R060,P68634,S212,S110,4
-1.7,-0.9,1.74456469,2.73949894,0.99493425,-16.6959851,-33.5138551,-16.3241787,-32.8231275,16.4989489,R005,P00009,S000,S312,1,R060,P68634,S212,S110,4
-1.65,-0.9,1.59456469,2.48949894,0.89493425,-14.1604603,-29.2879804,-13.7886538,-28.5972528,14.808599,R005,P00009,S000,S312,1,R058,P68630,S212,S110,7
-1.6,-0.9,1.44456469,2.23949894,0.79493425,-11.6249355,-25.0621057,-11.253129,-24.3713781,13.1182491,R005,P00009,S000,S312,1,R058,P68630,S212,S110,7
-1.55,-0.9,1.29456469,1.98949894,0.69493425,-9.08941064,-20.8362309,-8.71760419,-20.1455034,11.4278992,R005,P00009,S000,S312,1,R058,P68630,S212,S110,7
-1.5,-0.9,1.14456469,1.76228022,0.617715532,-6.55388582,-16.9954396,-6.18207936,-16.3047121,10.1226327,R005,P00009,S000,S312,1,R044,P31934,S000,S321,28
-1.45,-0.9,0.994564687,1.61228022,0.617715532,-4.01836099,-14.4599148,-3.64655453,-13.7691872,10.1226327,R005,P00009,S000,S312,1,R044,P31934,S000,S321,28
-1.4,-0.9,0.844564687,1.46228022,0.617715532,-1.48283616,-11.9243899,-1.1110297,-11.2336624,10.1226327,R005,P00009,S000,S312,1,R063,P70046,S000,S321,7
-1.35,-0.9,0.749869719,1.31228022,0.5624105,0.117840126,-9.38886512,0.489646585,-8.69813758,9.18778416,R005,P00009,S000,S101,1,R063,P70046,S000,S321,7
-1.3,-0.9,0.699869719,1.21895525,0.51908553,0.963015069,-7.8113466,1.33482153,-7.12061905,8.45544058,R005,P00009,S000,S101,1,R063,P70046,S322,S432,7
-1.25,-0.9,0.649869719,1.16895525,0.51908553,1.80819001,-6.96617165,2.17999647,-6.27544411,8.45544058,R005,P00009,S000,S101,1,R063,P70046,S322,S432,7
-1.2,-0.9,0.599869719,1.11895525,0.51908553,2.65336496,-6.12099671,3.02517141,-5.43026917,8.45544058,R005,P00009,S000,S101,1,R063,P70046,S322,S432,8
-1.15,-0.9,0.5467215,1.06895525,0.522233749,3.55175581,-5.27582177,3.92356227,-4.58509422,8.5086565,R018,P00066,S221,S321,1,R063,P70046,S322,S432,8
-1.1,-0.9,0.469194969,1.01895525,0.54976028,4.86222544,-4.43064682,5.2340319,-3.73991928,8.97395118,R016,P00064,S000,S211,1,R058,P68630,S322,S432,16
-1.05,-0.9,0.38278,0.968955249,0.586175249,6.32294077,-3.58547188,6.69474723,-2.89474434,9.58949157,R016,P00064,S000,S001,1,R058,P68630,S322,S432,16
-1,-0.9,0.38278,0.918955249,0.536175249,6.32294077,-2.74029694,6.69474723,-2.04956939,8.74431663,R016,P00064,S000,S001,1,R058,P68630,S322,S432,16
-0.95,-0.9,0.38278,0.868955249,0.486175249,6.32294077,-1.89512199,6.69474723,-1.20439445,7.89914168,R005,P00009,S000,S001,9,R058,P68630,S322,S432,18
-0.9,-0.9,0.38278,0.818955249,0.436175249,6.32294077,-1.04994705,6.69474723,-0.359219508,7.05396674,R005,P00009,S000,S001,21,R058,P68630,S322,S432,18
-0.85,-0.9,0.38278,0.768955249,0.386175249,6.32294077,-0.204772109,6.69474723,0.485955435,6.2087918,R005,P00009,S000,S001,30,R013,P04640,S322,S432,36
-0.8,-0.9,0.38278,0.718955249,0.336175249,6.32294077,0.640402835,6.69474723,1.33113038,5.36361685,R005,P00009,S000,S001,32,R013,P04640,S322,S432,36
-0.75,-0.9,0.38278,0.668955249,0.286175249,6.32294077,1.48557778,6.69474723,2.17630532,4.51844191,R005,P00009,S000,S001,32,R013,P04640,S322,S432,36
-0.7,-0.9,0.38278,0.618955249,0.236175249,6.32294077,2.33075272,6.69474723,3.02148026,3.67326697,R005,P00009,S000,S001,32,R013,P04640,S322,S432,36
-0.65,-0.9,0.34365525,0.568955249,0.225299999,6.98428594,3.17592766,7.3560924,3.86665521,3.48943719,R022,P00213,S000,S110,7,R013,P04640,S322,S432,36
-0.6,-0.9,0.29365525,0.518955249,0.225299999,7.82946088,4.02110261,8.20126734,4.71183015,3.48943719,R023,P00216,S000,S110,5,R013,P04640,S322,S432,36
-0.55,-0.9,0.24365525,0.468955249,0.225299999,8.67463583,4.86627755,9.04644228,5.55700509,3.48943719,R023,P00216,S000,S110,5,R013,P04640,S322,S432,40
-0.5,-0.9,0.19365525,0.418955249,0.225299999,9.51981077,5.71145249,9.89161723,6.40218004,3.48943719,R023,P00216,S000,S110,6,R013,P04640,S322,S432,40
-0.45,-0.9,0.14365525,0.368955249,0.225299999,10.3649857,6.55662744,10.7367922,7.24735498,3.48943719,R023,P00216,S000,S110,6,R013,P04640,S322,S432,68
-0.4,-0.9,0.09365525,0.318955249,0.225299999,11.2101607,7.40180238,11.5819671,8.09252992,3.48943719,R023,P00216,S000,S110,6,R013,P04640,S322,S432,68
-0.35,-0.9,0.04365525,0.268955249,0.225299999,12.0553356,8.24697732,12.4271421,8.93770487,3.48943719,R023,P00216,S000,S110,6,R013,P04640,S322,S432,68
-0.3,-0.9,0,0.218955249,0.218955249,12.7932621,9.09215226,13.1650685,9.78287981,3.38218872,R023,P00216,S000,S000,6,R011,P03989,S322,S432,204
-0.25,-0.9,0,0.168955249,0.168955249,12.7932621,9.93732721,13.1650685,10.6280548,2.53701377,R023,P00216,S000,S000,6,R011,P03989,S322,S432,204
-0.2,-0.9,0,0.118955249,0.118955249,12.7932621,10.7825022,13.1650685,11.4732297,1.69183883,R023,P00216,S000,S000,7,R011,P03989,S322,S432,204
-0.15,-0.9,0,0.068955249,0.068955249,12.7932621,11.6276771,13.1650685,12.3184046,0.846663888,R023,P00216,S000,S000,14,R011,P03989,S322,S432,204
-0.1,-0.9,0,0.018955249,0.018955249,12.7932621,12.472852,13.1650685,13.1635796,0.00148894451,R023,P00216,S000,S000,14,R011,P03989,S322,S432,204
-0.05,-0.9,0,0,0,12.7932621,12.7932621,13.1650685,13.4839896,-0.318921085,R023,P00216,S000,S000,14,R011,P03989,S000,S000,204
0,-0.9,0,0,0,12.7932621,12.7932621,13.1650685,13.4839896,-0.318921085,R023,P00216,S000,S000,14,R011,P03989,S000,S000,204
-4,-0.85,7.53825844,16.3764487,8.83819022,-114.629681,-264.026019,-114.257874,-263.335292,149.077417,R009,P00047,S212,S211,3,R068,P70305,S222,S221,4
-3.95,-0.85,7.38825844,16.0764487,8.68819022,-112.094156,-258.954969,-111.72235,-258.264242,146.541892,R009,P00047,S212,S211,3,R068,P70305,S222,S221,4
-3.9,-0.85,7.23825844,15.7764487,8.53819022,-109.558631,-253.88392,-109.186825,-253.193192,144.006368,R009,P00047,S212,S211,3,R068,P70305,S222,S221,4
-3.85,-0.85,7.08825844,15.4764487,8.38819022,-107.023106,-248.81287,-106.6513,-248.122143,141.470843,R009,P00047,S212,S211,3,R068,P70305,S222,S221,4
-3.8,-0.85,6.93825844,15.1764487,8.23819022,-104.487582,-243.741821,-104.115775,-243.051093,138.935318,R009,P00047,S212,S211,3,R068,P70305,S222,S221,4
-3.75,-0.85,6.78825844,14.8764487,8.08819022,-101.952057,-238.670771,-101.58025,-237.980043,136.399793,R009,P00047,S212,S211,3,R068,P70305,S222,S221,4
-3.7,-0.85,6.63825844,14.5764487,7.93819022,-99.4165319,-233.599721,-99.0447254,-232.908994,133.864268,R009,P00047,S212,S211,3,R068,P70305,S222,S221,4
-3.65,-0.85,6.48825844,14.2764487,7.78819022,-96.881007,-228.528672,-96.5092006,-227.837944,131.328743,R009,P00047,S212,S211,3,R068,P70305,S222,S221,4
-3.6,-0.85,6.33825844,13.9764487,7.63819022,-94.3454822,-223.457622,-93.9736758,-222.766894,128.793219,R009,P00047,S212,S211,3,R068,P70305,S222,S221,4
-3.55,-0.85,6.18825844,13.6764487,7.48819022,-91.8099574,-218.386572,-91.4381509,-217.695845,126.257694,R009,P00047,S212,S211,3,R068,P70305,S222,S221,4
-3.5,-0.85,6.03825844,13.3764487,7.33819022,-89.2744326,-213.315523,-88.9026261,-212.624795,123.722169,R009,P00047,S212,S211,3,R068,P70305,S222,S221,4
-3.45,-0.85,5.88825844,13.0764487,7.18819022,-86.7389077,-208.244473,-86.3671013,-207.553745,121.186644,R009,P00047,S000,S212,3,R068,P70305,S222,S221,4
-3.4,-0.85,5.73825844,12.7764487,7.03819022,-84.2033829,-203.173423,-83.8315764,-202.482696,118.651119,R009,P00047,S000,S212,3,R068,P70305,S222,S221,4
-3.35,-0.85,5.58825844,12.4764487,6.88819022,-81.6678581,-198.102374,-81.2960516,-197.411646,116.115594,R009,P00047,S000,S212,3,R068,P70305,S222,S221,4
-3.3,-0.85,5.43825844,12.1764487,6.73819022,-79.1323332,-193.031324,-78.7605268,-192.340596,113.58007,R009,P00047,S000,S212,3,R068,P70305,S222,S221,4
-3.25,-0.85,5.28825844,11.8764487,6.58819022,-76.5968084,-187.960274,-76.225002,-187.269547,111.044545,R009,P00047,S000,S212,3,R068,P70305,S222,S221,4
-3.2,-0.85,5.13825844,11.5764487,6.43819022,-74.0612836,-182.889225,-73.6894771,-182.198497,108.50902,R009,P00047,S000,S212,3,R068,P70305,S222,S221,4
-3.15,-0.85,4.98825844,11.2764487,6.28819022,-71.5257588,-177.818175,-71.1539523,-177.127447,105.973495,R009,P00047,S000,S212,3,R068,P70305,S222,S221,4
-3.1,-0.85,4.86924319,10.9764487,6.10720547,-69.5139846,-172.747125,-69.1421781,-172.056398,102.91422,R009,P00047,S000,S212,3,R068,P70305,S222,S221,4
-3.05,-0.85,4.76924319,10.6764487,5.90720547,-67.8236347,-167.676076,-67.4518283,-166.985348,99.5335198,R009,P00047,S000,S212,3,R068,P70305,S222,S221,4
-3,-0.85,4.66924319,10.3764487,5.70720547,-66.1332848,-162.605026,-65.7614784,-161.914298,96.1528201,R009,P00047,S000,S212,3,R068,P70305,S222,S221,4
-2.95,-0.85,4.56924319,10.0764487,5.50720547,-64.4429349,-157.533976,-64.0711285,-156.843249,92.7721203,R007,P00015,S000,S212,5,R068,P70305,S222,S221,4
-2.9,-0.85,4.46924319,9.77644866,5.30720547,-62.7525851,-152.462927,-62.3807786,-151.772199,89.3914205,R007,P00015,S000,S212,5,R068,P70305,S222,S221,4
-2.85,-0.85,4.36924319,9.47644866,5.10720547,-61.0622352,-147.391877,-60.6904287,-146.701149,86.0107208,R007,P00015,S000,S212,5,R068,P70305,S222,S221,4
-2.8,-0.85,4.26924319,9.22136519,4.952122,-59.3718853,-143.080074,-59.0000788,-142.389346,83.3892675,R007,P00015,S000,S212,5,R065,P70094,S222,S110,28
-2.75,-0.85,4.16924319,8.97136519,4.802122,-57.6815354,-138.854199,-57.3097289,-138.163472,80.8537427,R003,P00003,S000,S212,8,R065,P70094,S222,S110,28
-2.7,-0.85,4.06924319,8.72136519,4.652122,-55.9911855,-134.628324,-55.6193791,-133.937597,78.3182179,R003,P00003,S000,S212,8,R065,P70094,S222,S110,28
-2.65,-0.85,3.96924319,8.47136519,4.502122,-54.3008356,-130.40245,-53.9290292,-129.711722,75.782693,R003,P00003,S000,S212,10,R065,P70094,S222,S110,28
-2.6,-0.85,3.86924319,8.17142866,4.30218547,-52.6104857,-125.332473,-52.2386793,-124.641745,72.4030661,R003,P00003,S000,S212,10,R015,P06755,S001,S000,130
-2.55,-0.85,3.76924319,7.87142866,4.10218547,-50.9201359,-120.261423,-50.5483294,-119.570696,69.0223663,R003,P00003,S000,S212,10,R015,P06755,S001,S000,130
-2.5,-0.85,3.66924319,7.57142866,3.90218547,-49.229786,-115.190374,-48.8579795,-114.499646,65.6416665,R003,P00003,S000,S212,10,R015,P06755,S001,S000,70
-2.45,-0.85,3.56924319,7.27142866,3.70218547,-47.5394361,-110.119324,-47.1676296,-109.428596,62.2609668,R003,P00003,S000,S212,10,R015,P06755,S001,S000,70
-2.4,-0.85,3.46924319,6.97142866,3.50218547,-45.8490862,-105.048274,-45.4772797,-104.357547,58.880267,R003,P00003,S000,S212,10,R015,P06755,S001,S000,70
-2.35,-0.85,3.36924319,6.67142866,3.30218547,-44.1587363,-99.9772246,-43.7869298,-99.2864971,55.4995672,R003,P00003,S000,S212,10,R015,P06755,S001,S000,42
-2.3,-0.85,3.26924319,6.37142866,3.10218547,-42.4683864,-94.906175,-42.09658,-94.2154474,52.1188675,R003,P00003,S000,S212,11,R015,P06755,S001,S000,42
-2.25,-0.85,3.16924319,6.07142866,2.90218547,-40.7780365,-89.8351253,-40.4062301,-89.1443978,48.7381677,R003,P00003,S000,S212,11,R015,P06755,S001,S000,42
-2.2,-0.85,3.06924319,5.77142866,2.70218547,-39.0876866,-84.7640756,-38.7158802,-84.0733481,45.3574679,R003,P00003,S000,S212,11,R015,P06755,S001,S000,42
-2.15,-0.85,2.96924319,5.47142866,2.50218547,-37.3973368,-79.693026,-37.0255303,-79.0022984,41.9767681,R003,P00003,S000,S212,15,R017,P06758,S001,S000,15
-2.1,-0.85,2.86924319,5.17142866,2.30218547,-35.7069869,-74.6219763,-35.3351804,-73.9312488,38.5960684,R003,P00003,S000,S212,15,R017,P06758,S001,S000,15
-2.05,-0.85,2.76924319,4.88240866,2.11316547,-34.016637,-69.7365271,-33.6448305,-69.0457995,35.400969,R003,P00003,S000,S212,15,R055,P68423,S212,S211,28
-2,-0.85,2.66924319,4.58240866,1.91316547,-32.3262871,-64.6654774,-31.9544806,-63.9747499,32.0202692,R003,P00003,S000,S212,15,R060,P68634,S212,S211,4
-1.95,-0.85,2.56924319,4.28240866,1.71316547,-30.6359372,-59.5944278,-30.2641308,-58.9037002,28.6395695,R003,P00003,S000,S212,18,R060,P68634,S212,S211,4
-1.9,-0.85,2.44456469,3.98949894,1.54493425,-28.5284343,-54.6432287,-28.1566279,-53.9525011,25.7958732,R005,P00009,S000,S312,2,R060,P68634,S212,S110,4
-1.85,-0.85,2.29456469,3.73949894,1.44493425,-25.9929095,-50.417354,-25.621103,-49.7266264,24.1055234,R005,P00009,S000,S312,2,R060,P68634,S212,S110,4
-1.8,-0.85,2.14456469,3.48949894,1.34493425,-23.4573847,-46.1914792,-23.0855782,-45.5007517,22.4151735,R005,P00009,S000,S312,2,R060,P68634,S212,S110,4
-1.75,-0.85,1.99456469,3.23949894,1.24493425,-20.9218598,-41.9656045,-20.5500534,-41.274877,20.7248236,R005,P00009,S000,S312,2,R060,P68634,S212,S110,4
-1.7,-0.85,1.84456469,2.98949894,1.14493425,-18.386335,-37.7397298,-18.0145286,-37.0490023,19.0344737,R005,P00009,S000,S312,1,R060,P68634,S212,S110,4
-1.65,-0.85,1.69456469,2.73949894,1.04493425,-15.8508102,-33.5138551,-15.4790037,-32.8231275,17.3441238,R005,P00009,S000,S312,1,R058,P68630,S212,S110,7
-1.6,-0.85,1.54456469,2.48949894,0.94493425,-13.3152854,-29.2879804,-12.9434789,-28.5972528,15.6537739,R005,P00009,S000,S312,1,R058,P68630,S212,S110,7
-1.55,-0.85,1.39456469,2.23949894,0.84493425,-10.7797605,-25.0621057,-10.4079541,-24.3713781,13.963424,R005,P00009,S000,S312,1,R058,P68630,S212,S110,7
-1.5,-0.85,1.24456469,1.98949894,0.74493425,-8.2442357,-20.8362309,-7.87242924,-20.1455034,12.2730742,R005,P00009,S000,S312,1,R058,P68630,S212,S110,7
-1.45,-0.85,1.09456469,1.73728022,0.642715532,-5.70871087,-16.5728521,-5.33690441,-15.8821246,10.5452202,R005,P00009,S000,S312,1,R044,P31934,S000,S321,28
-1.4,-0.85,0.944564687,1.58728022,0.642715532,-3.17318604,-14.0373273,-2.80137959,-13.3465998,10.5452202,R005,P00009,S000,S312,1,R044,P31934,S000,S321,28
-1.35,-0.85,0.794564687,1.43728022,0.642715532,-0.637661215,-11.5018025,-0.265854756,-10.8110749,10.5452202,R005,P00009,S000,S312,1,R063,P70046,S000,S321,7
-1.3,-0.85,0.724869719,1.28728022,0.5624105,0.540427598,-8.96627765,0.912234056,-8.2755501,9.18778416,R005,P00009,S000,S101,1,R063,P70046,S000,S321,7
-1.25,-0.85,0.674869719,1.21895525,0.54408553,1.38560254,-7.8113466,1.757409,-7.12061905,8.87802805,R005,P00009,S000,S101,1,R063,P70046,S322,S432,7
-1.2,-0.85,0.624869719,1.16895525,0.54408553,2.23077748,-6.96617165,2.60258394,-6.27544411,8.87802805,R005,P00009,S000,S101,1,R063,P70046,S322,S432,7
-1.15,-0.85,0.574869719,1.11895525,0.54408553,3.07595243,-6.12099671,3.44775889,-5.43026917,8.87802805,R005,P00009,S000,S101,1,R063,P70046,S322,S432,10
-1.1,-0.85,0.4967215,1.06895525,0.572233749,4.39693076,-5.27582177,4.76873722,-4.58509422,9.35383144,R018,P00066,S221,S321,1,R063,P70046,S322,S432,10
-1.05,-0.85,0.444194969,1.01895525,0.57476028,5.28481291,-4.43064682,5.65661937,-3.73991928,9.39653865,R016,P00064,S000,S211,1,R058,P68630,S322,S432,20
-1,-0.85,0.40778,0.968955249,0.561175249,5.9003533,-3.58547188,6.27215976,-2.89474434,9.1669041,R015,P00061,S000,S001,3,R058,P68630,S322,S432,20
-0.95,-0.85,0.40778,0.918955249,0.511175249,5.9003533,-2.74029694,6.27215976,-2.04956939,8.32172915,R005,P00009,S000,S001,9,R058,P68630,S322,S432,20
-0.9,-0.85,0.40778,0.868955249,0.461175249,5.9003533,-1.89512199,6.27215976,-1.20439445,7.47655421,R005,P00009,S000,S001,9,R058,P68630,S322,S432,24
-0.85,-0.85,0.40778,0.818955249,0.411175249,5.9003533,-1.04994705,6.27215976,-0.359219508,6.63137927,R005,P00009,S000,S001,30,R013,P04640,S322,S432,48
-0.8,-0.85,0.40778,0.768955249,0.361175249,5.9003533,-0.204772109,6.27215976,0.485955435,5.78620432,R005,P00009,S000,S001,30,R013,P04640,S322,S432,48
-0.75,-0.85,0.40778,0.718955249,0.311175249,5.9003533,0.640402835,6.27215976,1.33113038,4.94102938,R005,P00009,S000,S001,32,R013,P04640,S322,S432,48
-0.7,-0.85,0.40778,0.668955249,0.261175249,5.9003533,1.48557778,6.27215976,2.17630532,4.09585444,R005,P00009,S000,S001,32,R013,P04640,S322,S432,48
-0.65,-0.85,0.39365525,0.618955249,0.225299999,6.139111,2.33075272,6.51091746,3.02148026,3.48943719,R022,P00213,S000,S110,7,R013,P04640,S322,S432,48
-0.6,-0.85,0.34365525,0.568955249,0.225299999,6.98428594,3.17592766,7.3560924,3.86665521,3.48943719,R022,P00213,S000,S110,7,R013,P04640,S322,S432,48
-0.55,-0.85,0.29365525,0.518955249,0.225299999,7.82946088,4.02110261,8.20126734,4.71183015,3.48943719,R023,P00216,S000,S110,5,R013,P04640,S322,S432,48
-0.5,-0.85,0.24365525,0.468955249,0.225299999,8.67463583,4.86627755,9.04644228,5.55700509,3.48943719,R023,P00216,S000,S110,5,R013,P04640,S322,S432,52
-0.45,-0.85,0.19365525,0.418955249,0.225299999,9.51981077,5.71145249,9.89161723,6.40218004,3.48943719,R023,P00216,S000,S110,6,R013,P04640,S322,S432,88
-0.4,-0.85,0.14365525,0.368955249,0.225299999,10.3649857,6.55662744,10.7367922,7.24735498,3.48943719,R023,P00216,S000,S110,6,R013,P04640,S322,S432,88
-0.35,-0.85,0.09365525,0.318955249,0.225299999,11.2101607,7.40180238,11.5819671,8.09252992,3.48943719,R023,P00216,S000,S110,6,R013,P04640,S322,S432,88
-0.3,-0.85,0.04365525,0.268955249,0.225299999,12.0553356,8.24697732,12.4271421,8.93770487,3.48943719,R023,P00216,S000,S110,6,R011,P03989,S322,S432,264
-0.25,-0.85,0,0.218955249,0.218955249,12.7932621,9.09215226,13.1650685,9.78287981,3.38218872,R023,P00216,S000,S000,6,R011,P03989,S322,S432,264
-0.2,-0.85,0,0.168955249,0.168955249,12.7932621,9.93732721,13.1650685,10.6280548,2.53701377,R023,P00216,S000,S000,7,R011,P03989,S322,S432,264
-0.15,-0.85,0,0.118955249,0.118955249,12.7932621,10.7825022,13.1650685,11.4732297,1.69183883,R023,P00216,S000,S000,14,R011,P03989,S322,S432,264
-0.1,-0.85,0,0.068955249,0.068955249,12.7932621,11.6276771,13.1650685,12.3184046,0.846663888,R023,P00216,S000,S000,14,R011,P03989,S322,S432,264
-0.05,-0.85,0,0.018955249,0.018955249,12.7932621,12.472852,13.1650685,13.1635796,0.00148894451,R023,P00216,S000,S000,14,R011,P03989,S322,S432,204
0,-0.85,0,0,0,12.7932621,12.7932621,13.1650685,13.4839896,-0.318921085,R023,P00216,S000,S000,14,R011,P03989,S000,S000,204
-4,-0.8,7.68825844,16.6514487,8.96319022,-117.165206,-268.674481,-116.793399,-267.983754,151.190355,R009,P00047,S212,S211,3,R068,P70305,S222,S221,4
-3.95,-0.8,7.53825844,16.3514487,8.81319022,-114.629681,-263.603432,-114.257874,-262.912704,148.65483,R009,P00047,S212,S211,3,R068,P70305,S222,S221,4
-3.9,-0.8,7.38825844,16.0514487,8.66319022,-112.094156,-258.532382,-111.72235,-257.841654,146.119305,R009,P00047,S212,S211,3,R068,P70305,S222,S221,4
-3.85,-0.8,7.23825844,15.7514487,8.51319022,-109.558631,-253.461332,-109.186825,-252.770605,143.58378,R009,P00047,S212,S211,3,R068,P70305,S222,S221,4
-3.8,-0.8,7.08825844,15.4514487,8.36319022,-107.023106,-248.390283,-106.6513,-247.699555,141.048255,R009,P00047,S212,S211,3,R068,P70305,S222,S221,4
-3.75,-0.8,6.93825844,15.1514487,8.21319022,-104.487582,-243.319233,-104.115775,-242.628506,138.51273,R009,P00047,S212,S211,3,R068,P70305,S222,S221,4
-3.7,-0.8,6.78825844,14.8514487,8.06319022,-101.952057,-238.248183,-101.58025,-237.557456,135.977206,R009,P00047,S212,S211,3,R068,P70305,S222,S221,4
-3.65,-0.8,6.63825844,14.5514487,7.91319022,-99.4165319,-233.177134,-99.0447254,-232.486406,133.441681,R009,P00047,S212,S211,3,R068,P70305,S222,S221,4
-3.6,-0.8,6.48825844,14.2514487,7.76319022,-96.881007,-228.106084,-96.5092006,-227.415357,130.906156,R009,P00047,S212,S211,3,R068,P70305,S222,S221,4
-3.55,-0.8,6.33825844,13.9514487,7.61319022,-94.3454822,-223.035034,-93.9736758,-222.344307,128.370631,R009,P00047,S212,S211,3,R068,P70305,S222,S221,4
-3.5,-0.8,6.18825844,13.6514487,7.46319022,-91.8099574,-217.963985,-91.4381509,-217.273257,125.835106,R009,P00047,S212,S211,3,R068,P70305,S222,S221,4
-3.45,-0.8,6.03825844,13.3514487,7.31319022,-89.2744326,-212.892935,-88.9026261,-212.202208,123.299581,R009,P00047,S212,S211,3,R068,P70305,S222,S221,4
-3.4,-0.8,5.88825844,13.0514487,7.16319022,-86.7389077,-207.821885,-86.3671013,-207.131158,120.764057,R009,P00047,S000,S212,3,R068,P70305,S222,S221,4
-3.35,-0.8,5.73825844,12.7514487,7.01319022,-84.2033829,-202.750836,-83.8315764,-202.060108,118.228532,R009,P00047,S000,S212,3,R068,P70305,S222,S221,4
-3.3,-0.8,5.58825844,12.4514487,6.86319022,-81.6678581,-197.679786,-81.2960516,-196.989059,115.693007,R009,P00047,S000,S212,3,R068,P70305,S222,S221,4
-3.25,-0.8,5.43825844,12.1514487,6.71319022,-79.1323332,-192.608736,-78.7605268,-191.918009,113.157482,R009,P00047,S000,S212,3,R068,P70305,S222,S221,4
-3.2,-0.8,5.28825844,11.8514487,6.56319022,-76.5968084,-187.537687,-76.225002,-186.846959,110.621957,R009,P00047,S000,S212,3,R068,P70305,S222,S221,4
-3.15,-0.8,5.13825844,11.5514487,6.41319022,-74.0612836,-182.466637,-73.6894771,-181.77591,108.086432,R009,P00047,S000,S212,3,R068,P70305,S222,S221,4
-3.1,-0.8,4.98825844,11.2514487,6.26319022,-71.5257588,-177.395587,-71.1539523,-176.70486,105.550908,R009,P00047,S000,S212,3,R068,P70305,S222,S221,4
-3.05,-0.8,4.86924319,10.9514487,6.08220547,-69.5139846,-172.324538,-69.1421781,-171.63381,102.491632,R009,P00047,S000,S212,3,R068,P70305,S222,S221,4
-3,-0.8,4.76924319,10.6514487,5.88220547,-67.8236347,-167.253488,-67.4518283,-166.562761,99.1109324,R009,P00047,S000,S212,3,R068,P70305,S222,S221,4
-2.95,-0.8,4.66924319,10.3514487,5.68220547,-66.1332848,-162.182439,-65.7614784,-161.491711,95.7302326,R007,P00015,S000,S212,5,R068,P70305,S222,S221,4
-2.9,-0.8,4.56924319,10.0514487,5.48220547,-64.4429349,-157.111389,-64.0711285,-156.420661,92.3495328,R007,P00015,S000,S212,5,R068,P70305,S222,S221,4
-2.85,-0.8,4.46924319,9.75144866,5.28220547,-62.7525851,-152.040339,-62.3807786,-151.349612,88.9688331,R007,P00015,S000,S212,5,R068,P70305,S222,S221,4
-2.8,-0.8,4.36924319,9.45144866,5.08220547,-61.0622352,-146.96929,-60.6904287,-146.278562,85.5881333,R007,P00015,S000,S212,5,R068,P70305,S222,S221,4
-2.75,-0.8,4.26924319,9.17136519,4.902122,-59.3718853,-142.234899,-59.0000788,-141.544171,82.5440926,R007,P00015,S000,S212,6,R068,P70305,S222,S110,4
-2.7,-0.8,4.16924319,8.92136519,4.752122,-57.6815354,-138.009024,-57.3097289,-137.318297,80.0085677,R003,P00003,S000,S212,9,R065,P70094,S222,S110,28
-2.65,-0.8,4.06924319,8.67136519,4.602122,-55.9911855,-133.78315,-55.6193791,-133.092422,77.4730429,R003,P00003,S000,S212,9,R065,P70094,S222,S110,28
-2.6,-0.8,3.96924319,8.42136519,4.452122,-54.3008356,-129.557275,-53.9290292,-128.866547,74.9375181,R003,P00003,S000,S212,11,R065,P70094,S222,S110,28
-2.55,-0.8,3.86924319,8.14642866,4.27718547,-52.6104857,-124.909885,-52.2386793,-124.219158,71.9804786,R003,P00003,S000,S212,11,R015,P06755,S001,S000,130
-2.5,-0.8,3.76924319,7.84642866,4.07718547,-50.9201359,-119.838836,-50.5483294,-119.148108,68.5997788,R003,P00003,S000,S212,11,R015,P06755,S001,S000,130
-2.45,-0.8,3.66924319,7.54642866,3.87718547,-49.229786,-114.767786,-48.8579795,-114.077059,65.2190791,R003,P00003,S000,S212,11,R015,P06755,S001,S000,70
-2.4,-0.8,3.56924319,7.24642866,3.67718547,-47.5394361,-109.696736,-47.1676296,-109.006009,61.8383793,R003,P00003,S000,S212,11,R015,P06755,S001,S000,70
-2.35,-0.8,3.46924319,6.94642866,3.47718547,-45.8490862,-104.625687,-45.4772797,-103.934959,58.4576795,R003,P00003,S000,S212,11,R015,P06755,S001,S000,70
-2.3,-0.8,3.36924319,6.64642866,3.27718547,-44.1587363,-99.5546371,-43.7869298,-98.8639096,55.0769798,R003,P00003,S000,S212,13,R015,P06755,S001,S000,70
-2.25,-0.8,3.26924319,6.34642866,3.07718547,-42.4683864,-94.4835875,-42.09658,-93.7928599,51.69628,R003,P00003,S000,S212,13,R015,P06755,S001,S000,42
-2.2,-0.8,3.16924319,6.04642866,2.87718547,-40.7780365,-89.4125378,-40.4062301,-88.7218103,48.3155802,R003,P00003,S000,S212,17,R015,P06755,S001,S000,42
-2.15,-0.8,3.06924319,5.74642866,2.67718547,-39.0876866,-84.3414882,-38.7158802,-83.6507606,44.9348804,R003,P00003,S000,S212,17,R015,P06755,S001,S000,42
-2.1,-0.8,2.96924319,5.44642866,2.47718547,-37.3973368,-79.2704385,-37.0255303,-78.579711,41.5541807,R003,P00003,S000,S212,17,R017,P06758,S001,S000,15
-2.05,-0.8,2.86924319,5.15740866,2.28816547,-35.7069869,-74.3849893,-35.3351804,-73.6942617,38.3590813,R003,P00003,S000,S212,17,R055,P68423,S212,S211,28
-2,-0.8,2.76924319,4.85740866,2.08816547,-34.016637,-69.3139396,-33.6448305,-68.6232121,34.9783815,R003,P00003,S000,S212,19,R055,P68423,S212,S211,28
-1.95,-0.8,2.66924319,4.55740866,1.88816547,-32.3262871,-64.24289,-31.9544806,-63.5521624,31.5976818,R003,P00003,S000,S212,22,R060,P68634,S212,S211,4
-1.9,-0.8,2.54456469,4.25740866,1.71284397,-30.2187842,-59.1718403,-29.8469778,-58.4811128,28.634135,R005,P00009,S000,S312,4,R060,P68634,S212,S211,4
-1.85,-0.8,2.39456469,3.98949894,1.59493425,-27.6832594,-54.6432287,-27.3114529,-53.9525011,26.6410482,R005,P00009,S000,S312,2,R060,P68634,S212,S110,4
-1.8,-0.8,2.24456469,3.73949894,1.49493425,-25.1477346,-50.417354,-24.7759281,-49.7266264,24.9506983,R005,P00009,S000,S312,2,R060,P68634,S212,S110,4
-1.75,-0.8,2.09456469,3.48949894,1.39493425,-22.6122097,-46.1914792,-22.2404033,-45.5007517,23.2603484,R005,P00009,S000,S312,2,R060,P68634,S212,S110,4
-1.7,-0.8,1.94456469,3.23949894,1.29493425,-20.0766849,-41.9656045,-19.7048784,-41.274877,21.5699985,R005,P00009,S000,S312,2,R060,P68634,S212,S110,4
-1.65,-0.8,1.79456469,2.98949894,1.19493425,-17.5411601,-37.7397298,-17.1693536,-37.0490023,19.8796486,R005,P00009,S000,S312,1,R058,P68630,S212,S110,7
-1.6,-0.8,1.64456469,2.73949894,1.09493425,-15.0056352,-33.5138551,-14.6338288,-32.8231275,18.1892988,R005,P00009,S000,S312,1,R058,P68630,S212,S110,7
-1.55,-0.8,1.49456469,2.48949894,0.99493425,-12.4701104,-29.2879804,-12.098304,-28.5972528,16.4989489,R005,P00009,S000,S312,1,R058,P68630,S212,S110,7
-1.5,-0.8,1.34456469,2.23949894,0.89493425,-9.93458559,-25.0621057,-9.56277913,-24.3713781,14.808599,R005,P00009,S000,S312,1,R058,P68630,S212,S110,7
-1.45,-0.8,1.19456469,1.98705866,0.792493969,-7.39906076,-20.7949817,-7.0272543,-20.1042541,13.0769998,R005,P00009,S000,S312,1,R043,P31028,S322,S321,77
-1.4,-0.8,1.04456469,1.71228022,0.667715532,-4.86353593,-16.1502647,-4.49172947,-15.4595371,10.9678076,R005,P00009,S000,S312,1,R044,P31934,S000,S321,28
-1.35,-0.8,0.894564687,1.56228022,0.667715532,-2.3280111,-13.6147398,-1.95620464,-12.9240123,10.9678076,R005,P00009,S000,S312,1,R044,P31934,S000,S321,28
-1.3,-0.8,0.749869719,1.41228022,0.6624105,0.117840126,-11.079215,0.489646585,-10.3884875,10.878134,R005,P00009,S000,S101,1,R063,P70046,S000,S321,7
-1.25,-0.8,0.699869719,1.26895525,0.56908553,0.963015069,-8.65652154,1.33482153,-7.965794,9.30061552,R005,P00009,S000,S101,1,R063,P70046,S322,S432,7
-1.2,-0.8,0.649869719,1.21895525,0.56908553,1.80819001,-7.8113466,2.17999647,-7.12061905,9.30061552,R005,P00009,S000,S101,1,R063,P70046,S322,S432,7
-1.15,-0.8,0.599869719,1.16895525,0.56908553,2.65336496,-6.96617165,3.02517141,-6.27544411,9.30061552,R005,P00009,S000,S101,1,R063,P70046,S322,S432,7
-1.1,-0.8,0.549869719,1.11895525,0.56908553,3.4985399,-6.12099671,3.87034636,-5.43026917,9.30061552,R005,P00009,S000,S101,1,R063,P70046,S322,S432,10
-1.05,-0.8,0.4467215,1.06895525,0.622233749,5.2421057,-5.27582177,5.61391216,-4.58509422,10.1990064,R018,P00066,S221,S321,1,R063,P70046,S322,S432,10
-1,-0.8,0.43278,1.01895525,0.586175249,5.47776583,-4.43064682,5.84957229,-3.73991928,9.58949157,R015,P00061,S000,S001,3,R058,P68630,S322,S432,20
-0.95,-0.8,0.43278,0.968955249,0.536175249,5.47776583,-3.58547188,5.84957229,-2.89474434,8.74431663,R005,P00009,S000,S001,9,R058,P68630,S322,S432,20
-0.9,-0.8,0.43278,0.918955249,0.486175249,5.47776583,-2.74029694,5.84957229,-2.04956939,7.89914168,R005,P00009,S000,S001,9,R058,P68630,S322,S432,20
-0.85,-0.8,0.43278,0.868955249,0.436175249,5.47776583,-1.89512199,5.84957229,-1.20439445,7.05396674,R005,P00009,S000,S001,22,R058,P68630,S322,S432,24
-0.8,-0.8,0.43278,0.818955249,0.386175249,5.47776583,-1.04994705,5.84957229,-0.359219508,6.2087918,R005,P00009,S000,S001,30,R013,P04640,S322,S432,48
-0.75,-0.8,0.43278,0.768955249,0.336175249,5.47776583,-0.204772109,5.84957229,0.485955435,5.36361685,R005,P00009,S000,S001,32,R013,P04640,S322,S432,48
-0.7,-0.8,0.43278,0.718955249,0.286175249,5.47776583,0.640402835,5.84957229,1.33113038,4.51844191,R005,P00009,S000,S001,32,R013,P04640,S322,S432,48
-0.65,-0.8,0.43278,0.668955249,0.236175249,5.47776583,1.48557778,5.84957229,2.17630532,3.67326697,R005,P00009,S000,S001,32,R013,P04640,S322,S432,48
-0.6,-0.8,0.39365525,0.618955249,0.225299999,6.139111,2.33075272,6.51091746,3.02148026,3.48943719,R022,P00213,S000,S110,7,R013,P04640,S322,S432,48
-0.55,-0.8,0.34365525,0.568955249,0.225299999,6.98428594,3.17592766,7.3560924,3.86665521,3.48943719,R023,P00216,S000,S110,5,R013,P04640,S322,S432,48
-0.5,-0.8,0.29365525,0.518955249,0.225299999,7.82946088,4.02110261,8.20126734,4.71183015,3.48943719,R023,P00216,S000,S110,5,R013,P04640,S322,S432,52
-0.45,-0.8,0.24365525,0.468955249,0.225299999,8.67463583,4.86627755,9.04644228,5.55700509,3.48943719,R023,P00216,S000,S110,5,R013,P04640,S322,S432,88
-0.4,-0.8,0.19365525,0.418955249,0.225299999,9.51981077,5.71145249,9.89161723,6.40218004,3.48943719,R023,P00216,S000,S110,6,R013,P04640,S322,S432,88
-0.35,-0.8,0.14365525,0.368955249,0.225299999,10.3649857,6.55662744,10.7367922,7.24735498,3.48943719,R023,P00216,S000,S110,6,R013,P04640,S322,S432,88
-0.3,-0.8,0.09365525,0.318955249,0.225299999,11.2101607,7.40180238,11.5819671,8.09252992,3.48943719,R023,P00216,S000,S110,7,R011,P03989,S322,S432,264
-0.25,-0.8,0.04365525,0.268955249,0.225299999,12.0553356,8.24697732,12.4271421,8.93770487,3.48943719,R023,P00216,S000,S110,7,R011,P03989,S322,S432,264
-0.2,-0.8,0,0.218955249,0.218955249,12.7932621,9.09215226,13.1650685,9.78287981,3.38218872,R023,P00216,S000,S000,7,R011,P03989,S322,S432,264
-0.15,-0.8,0,0.168955249,0.168955249,12.7932621,9.93732721,13.1650685,10.6280548,2.53701377,R023,P00216,S000,S000,14,R011,P03989,S322,S432,264
-0.1,-0.8,0,0.118955249,0.118955249,12.7932621,10.7825022,13.1650685,11.4732297,1.69183883,R023,P00216,S000,S000,14,R011,P03989,S322,S432,264
-0.05,-0.8,0,0.068955249,0.068955249,12.7932621,11.6276771,13.1650685,12.3184046,0.846663888,R023,P00216,S000,S000,14,R011,P03989,S322,S432,264
0,-0.8,0,0.018955249,0.018955249,12.7932621,12.472852,13.1650685,13.1635796,0.00148894451,R023,P00216,S000,S000,14,R011,P03989,S322,S432,204
-4,-0.75,7.83825844,16.9264487,9.08819022,-119.700731,-273.322944,-119.328924,-272.632216,153.303292,R009,P00047,S212,S211,3,R068,P70305,S222,S221,4
-3.95,-0.75,7.68825844,16.6264487,8.93819022,-117.165206,-268.251894,-116.793399,-267.561166,150.767767,R009,P00047,S212,S211,3,R068,P70305,S222,S221,4
-3.9,-0.75,7.53825844,16.3264487,8.78819022,-114.629681,-263.180844,-114.257874,-262.490117,148.232242,R009,P00047,S212,S211,3,R068,P70305,S222,S221,4
-3.85,-0.75,7.38825844,16.0264487,8.63819022,-112.094156,-258.109795,-111.72235,-257.419067,145.696717,R009,P00047,S212,S211,3,R068,P70305,S222,S221,4
-3.8,-0.75,7.23825844,15.7264487,8.48819022,-109.558631,-253.038745,-109.186825,-252.348017,143.161193,R009,P00047,S212,S211,3,R068,P70305,S222,S221,4
-3.75,-0.75,7.08825844,15.4264487,8.33819022,-107.023106,-247.967695,-106.6513,-247.276968,140.625668,R009,P00047,S212,S211,3,R068,P70305,S222,S221,4
-3.7,-0.75,6.93825844,15.1264487,8.18819022,-104.487582,-242.896646,-104.115775,-242.205918,138.090143,R009,P00047,S212,S211,3,R068,P70305,S222,S221,4
-3.65,-0.75,6.78825844,14.8264487,8.03819022,-101.952057,-237.825596,-101.58025,-237.134868,135.554618,R009,P00047,S212,S211,3,R068,P70305,S222,S221,4
-3.6,-0.75,6.63825844,14.5264487,7.88819022,-99.4165319,-232.754546,-99.0447254,-232.063819,133.019093,R009,P00047,S212,S211,3,R068,P70305,S222,S221,4
-3.55,-0.75,6.48825844,14.2264487,7.73819022,-96.881007,-227.683497,-96.5092006,-226.992769,130.483568,R009,P00047,S212,S211,3,R068,P70305,S222,S221,4
-3.5,-0.75,6.33825844,13.9264487,7.58819022,-94.3454822,-222.612447,-93.9736758,-221.921719,127.948044,R009,P00047,S212,S211,3,R068,P70305,S222,S221,4
-3.45,-0.75,6.18825844,13.6264487,7.43819022,-91.8099574,-217.541397,-91.4381509,-216.85067,125.412519,R009,P00047,S212,S211,3,R068,P70305,S222,S221,4
-3.4,-0.75,6.03825844,13.3264487,7.28819022,-89.2744326,-212.470348,-88.9026261,-211.77962,122.876994,R009,P00047,S000,S212,3,R068,P70305,S222,S221,4
-3.35,-0.75,5.88825844,13.0264487,7.13819022,-86.7389077,-207.399298,-86.3671013,-206.70857,120.341469,R009,P00047,S000,S212,3,R068,P70305,S222,S221,4
-3.3,-0.75,5.73825844,12.7264487,6.98819022,-84.2033829,-202.328248,-83.8315764,-201.637521,117.805944,R009,P00047,S000,S212,3,R068,P70305,S222,S221,4
-3.25,-0.75,5.58825844,12.4264487,6.83819022,-81.6678581,-197.257199,-81.2960516,-196.566471,115.270419,R009,P00047,S000,S212,3,R068,P70305,S222,S221,4
-3.2,-0.75,5.43825844,12.1264487,6.68819022,-79.1323332,-192.186149,-78.7605268,-191.495421,112.734895,R009,P00047,S000,S212,3,R068,P70305,S222,S221,4
-3.15,-0.75,5.28825844,11.8264487,6.53819022,-76.5968084,-187.115099,-76.225002,-186.424372,110.19937,R009,P00047,S000,S212,3,R068,P70305,S222,S221,4
-3.1,-0.75,5.13825844,11.5264487,6.38819022,-74.0612836,-182.04405,-73.6894771,-181.353322,107.663845,R009,P00047,S000,S212,3,R068,P70305,S222,S221,4
-3.05,-0.75,4.98825844,11.2264487,6.23819022,-71.5257588,-176.973,-71.1539523,-176.282272,105.12832,R009,P00047,S000,S212,3,R068,P70305,S222,S221,4
-3,-0.75,4.86924319,10.9264487,6.05720547,-69.5139846,-171.90195,-69.1421781,-171.211223,102.069045,R009,P00047,S000,S212,3,R068,P70305,S222,S221,4
-2.95,-0.75,4.76924319,10.6264487,5.85720547,-67.8236347,-166.830901,-67.4518283,-166.140173,98.6883449,R007,P00015,S000,S212,5,R068,P70305,S222,S221,4
-2.9,-0.75,4.66924319,10.3264487,5.65720547,-66.1332848,-161.759851,-65.7614784,-161.069123,95.3076451,R007,P00015,S000,S212,5,R068,P70305,S222,S221,4
-2.85,-0.75,4.56924319,10.0264487,5.45720547,-64.4429349,-156.688801,-64.0711285,-155.998074,91.9269454,R007,P00015,S000,S212,5,R068,P70305,S222,S221,4
-2.8,-0.75,4.46924319,9.72644866,5.25720547,-62.7525851,-151.617752,-62.3807786,-150.927024,88.5462456,R007,P00015,S000,S212,5,R068,P70305,S222,S221,4
-2.75,-0.75,4.36924319,9.42644866,5.05720547,-61.0622352,-146.546702,-60.6904287,-145.855975,85.1655458,R007,P00015,S000,S212,6,R068,P70305,S222,S221,4
-2.7,-0.75,4.26924319,9.12644866,4.85720547,-59.3718853,-141.475652,-59.0000788,-140.784925,81.784846,R003,P00003,S000,S212,9,R068,P70305,S222,S221,4
-2.65,-0.75,4.16924319,8.87136519,4.702122,-57.6815354,-137.163849,-57.3097289,-136.473122,79.1633928,R003,P00003,S000,S212,9,R065,P70094,S222,S110,28
-2.6,-0.75,4.06924319,8.62136519,4.552122,-55.9911855,-132.937975,-55.6193791,-132.247247,76.627868,R003,P00003,S000,S212,11,R065,P70094,S222,S110,28
-2.55,-0.75,3.96924319,8.37136519,4.402122,-54.3008356,-128.7121,-53.9290292,-128.021372,74.0923431,R003,P00003,S000,S212,11,R065,P70094,S222,S110,28
-2.5,-0.75,3.86924319,8.12136519,4.252122,-52.6104857,-124.486225,-52.2386793,-123.795498,71.5568183,R003,P00003,S000,S212,11,R065,P70094,S222,S110,28
-2.45,-0.75,3.76924319,7.82142866,4.05218547,-50.9201359,-119.416248,-50.5483294,-118.725521,68.1771914,R003,P00003,S000,S212,11,R015,P06755,S001,S000,130
-2.4,-0.75,3.66924319,7.52142866,3.85218547,-49.229786,-114.345199,-48.8579795,-113.654471,64.7964916,R003,P00003,S000,S212,11,R015,P06755,S001,S000,130
-2.35,-0.75,3.56924319,7.22142866,3.65218547,-47.5394361,-109.274149,-47.1676296,-108.583421,61.4157918,R003,P00003,S000,S212,11,R015,P06755,S001,S000,70
-2.3,-0.75,3.46924319,6.92142866,3.45218547,-45.8490862,-104.203099,-45.4772797,-103.512372,58.0350921,R003,P00003,S000,S212,11,R015,P06755,S001,S000,70
-2.25,-0.75,3.36924319,6.62142866,3.25218547,-44.1587363,-99.1320497,-43.7869298,-98.4413221,54.6543923,R003,P00003,S000,S212,13,R015,P06755,S001,S000,70
-2.2,-0.75,3.26924319,6.32142866,3.05218547,-42.4683864,-94.061,-42.09658,-93.3702725,51.2736925,R003,P00003,S000,S212,17,R015,P06755,S001,S000,70
-2.15,-0.75,3.16924319,6.02142866,2.85218547,-40.7780365,-88.9899504,-40.4062301,-88.2992228,47.8929927,R003,P00003,S000,S212,17,R015,P06755,S001,S000,42
-2.1,-0.75,3.06924319,5.72142866,2.65218547,-39.0876866,-83.9189007,-38.7158802,-83.2281732,44.512293,R003,P00003,S000,S212,17,R015,P06755,S001,S000,42
-2.05,-0.75,2.96924319,5.42254341,2.45330022,-37.3973368,-78.8666942,-37.0255303,-78.1759667,41.1504364,R003,P00003,S000,S212,17,R016,P06757,S001,S534,12
-2,-0.75,2.86924319,5.13240866,2.26316547,-35.7069869,-73.9624018,-35.3351804,-73.2716743,37.9364938,R003,P00003,S000,S212,17,R039,P30311,S212,S211,112
-1.95,-0.75,2.76924319,4.83240866,2.06316547,-34.016637,-68.8913521,-33.6448305,-68.2006246,34.5557941,R003,P00003,S000,S212,22,R055,P68423,S212,S211,28
-1.9,-0.75,2.64456469,4.53240866,1.88784397,-31.9091341,-63.8203025,-31.5373276,-63.1295749,31.5922473,R005,P00009,S000,S312,4,R055,P68423,S212,S211,28
-1.85,-0.75,2.49456469,4.23949894,1.74493425,-29.3736093,-58.8691034,-29.0018028,-58.1783758,29.176573,R005,P00009,S000,S312,4,R060,P68634,S212,S110,4
-1.8,-0.75,2.34456469,3.98949894,1.64493425,-26.8380844,-54.6432287,-26.466278,-53.9525011,27.4862231,R005,P00009,S000,S312,2,R060,P68634,S212,S110,4
-1.75,-0.75,2.19456469,3.73949894,1.54493425,-24.3025596,-50.417354,-23.9307532,-49.7266264,25.7958732,R005,P00009,S000,S312,2,R060,P68634,S212,S110,4
-1.7,-0.75,2.04456469,3.48949894,1.44493425,-21.7670348,-46.1914792,-21.3952283,-45.5007517,24.1055234,R005,P00009,S000,S312,2,R060,P68634,S212,S110,4
-1.65,-0.75,1.89456469,3.23949894,1.34493425,-19.23151,-41.9656045,-18.8597035,-41.274877,22.4151735,R005,P00009,S000,S312,2,R058,P68630,S212,S110,7
-1.6,-0.75,1.74456469,2.98949894,1.24493425,-16.6959851,-37.7397298,-16.3241787,-37.0490023,20.7248236,R005,P00009,S000,S312,1,R058,P68630,S212,S110,7
-1.55,-0.75,1.59456469,2.73949894,1.14493425,-14.1604603,-33.5138551,-13.7886538,-32.8231275,19.0344737,R005,P00009,S000,S312,1,R058,P68630,S212,S110,7
-1.5,-0.75,1.44456469,2.48949894,1.04493425,-11.6249355,-29.2879804,-11.253129,-28.5972528,17.3441238,R005,P00009,S000,S312,1,R058,P68630,S212,S110,7
-1.45,-0.75,1.29456469,2.23949894,0.94493425,-9.08941064,-25.0621057,-8.71760419,-24.3713781,15.6537739,R005,P00009,S000,S312,1,R058,P68630,S212,S110,7
-1.4,-0.75,1.14456469,1.96205866,0.817493969,-6.55388582,-20.3723942,-6.18207936,-19.6816666,13.4995873,R005,P00009,S000,S312,1,R043,P31028,S322,S321,77
-1.35,-0.75,0.994564687,1.68728022,0.692715532,-4.01836099,-15.7276772,-3.64655453,-15.0369496,11.3903951,R005,P00009,S000,S312,1,R043,P31028,S000,S321,77
-1.3,-0.75,0.844564687,1.53728022,0.692715532,-1.48283616,-13.1921524,-1.1110297,-12.5014248,11.3903951,R005,P00009,S000,S312,1,R044,P31934,S000,S321,28
-1.25,-0.75,0.724869719,1.38728022,0.6624105,0.540427598,-10.6566275,0.912234056,-9.96589999,10.878134,R005,P00009,S000,S101,1,R063,P70046,S000,S321,7
-1.2,-0.75,0.674869719,1.26895525,0.59408553,1.38560254,-8.65652154,1.757409,-7.965794,9.72320299,R005,P00009,S000,S101,1,R063,P70046,S322,S432,7
-1.15,-0.75,0.624869719,1.21895525,0.59408553,2.23077748,-7.8113466,2.60258394,-7.12061905,9.72320299,R005,P00009,S000,S101,1,R063,P70046,S322,S432,7
-1.1,-0.75,0.574869719,1.16895525,0.59408553,3.07595243,-6.96617165,3.44775889,-6.27544411,9.72320299,R005,P00009,S000,S101,1,R063,P70046,S322,S432,10
-1.05,-0.75,0.524869719,1.11895525,0.59408553,3.92112737,-6.12099671,4.29293383,-5.43026917,9.72320299,R005,P00009,S000,S101,1,R063,P70046,S322,S432,10
-1,-0.75,0.45778,1.06895525,0.611175249,5.05517836,-5.27582177,5.42698482,-4.58509422,10.012079,R018,P00066,S000,S001,1,R063,P70046,S322,S432,10
-0.95,-0.75,0.45778,1.01895525,0.561175249,5.05517836,-4.43064682,5.42698482,-3.73991928,9.1669041,R005,P00009,S000,S001,9,R058,P68630,S322,S432,20
-0.9,-0.75,0.45778,0.968955249,0.511175249,5.05517836,-3.58547188,5.42698482,-2.89474434,8.32172915,R005,P00009,S000,S001,9,R058,P68630,S322,S432,20
-0.85,-0.75,0.45778,0.918955249,0.461175249,5.05517836,-2.74029694,5.42698482,-2.04956939,7.47655421,R005,P00009,S000,S001,22,R058,P68630,S322,S432,20
-0.8,-0.75,0.45778,0.868955249,0.411175249,5.05517836,-1.89512199,5.42698482,-1.20439445,6.63137927,R005,P00009,S000,S001,22,R013,P04640,S322,S432,48
-0.75,-0.75,0.45778,0.818955249,0.361175249,5.05517836,-1.04994705,5.42698482,-0.359219508,5.78620432,R005,P00009,S000,S001,30,R013,P04640,S322,S432,48
-0.7,-0.75,0.45778,0.768955249,0.311175249,5.05517836,-0.204772109,5.42698482,0.485955435,4.94102938,R005,P00009,S000,S001,32,R013,P04640,S322,S432,48
-0.65,-0.75,0.45778,0.718955249,0.261175249,5.05517836,0.640402835,5.42698482,1.33113038,4.09585444,R005,P00009,S000,S001,32,R013,P04640,S322,S432,48
-0.6,-0.75,0.44365525,0.668955249,0.225299999,5.29393605,1.48557778,5.66574251,2.17630532,3.48943719,R022,P00213,S000,S110,7,R013,P04640,S322,S432,48
-0.55,-0.75,0.39365525,0.618955249,0.225299999,6.139111,2.33075272,6.51091746,3.02148026,3.48943719,R022,P00213,S000,S110,7,R013,P04640,S322,S432,48
-0.5,-0.75,0.34365525,0.568955249,0.225299999,6.98428594,3.17592766,7.3560924,3.86665521,3.48943719,R023,P00216,S000,S110,5,R013,P04640,S322,S432,48
-0.45,-0.75,0.29365525,0.518955249,0.225299999,7.82946088,4.02110261,8.20126734,4.71183015,3.48943719,R023,P00216,S000,S110,5,R013,P04640,S322,S432,88
-0.4,-0.75,0.24365525,0.468955249,0.225299999,8.67463583,4.86627755,9.04644228,5.55700509,3.48943719,R023,P00216,S000,S110,5,R013,P04640,S322,S432,88
-0.35,-0.75,0.19365525,0.418955249,0.225299999,9.51981077,5.71145249,9.89161723,6.40218004,3.48943719,R023,P00216,S000,S110,6,R013,P04640,S322,S432,88
-0.3,-0.75,0.14365525,0.368955249,0.225299999,10.3649857,6.55662744,10.7367922,7.24735498,3.48943719,R023,P00216,S000,S110,7,R011,P03989,S322,S432,264
-0.25,-0.75,0.09365525,0.318955249,0.225299999,11.2101607,7.40180238,11.5819671,8.09252992,3.48943719,R023,P00216,S000,S110,7,R011,P03989,S322,S432,264
-0.2,-0.75,0.04365525,0.268955249,0.225299999,12.0553356,8.24697732,12.4271421,8.93770487,3.48943719,R023,P00216,S000,S110,7,R011,P03989,S322,S432,264
-0.15,-0.75,0,0.218955249,0.218955249,12.7932621,9.09215226,13.1650685,9.78287981,3.38218872,R023,P00216,S000,S000,14,R011,P03989,S322,S432,264
-0.1,-0.75,0,0.168955249,0.168955249,12.7932621,9.93732721,13.1650685,10.6280548,2.53701377,R023,P00216,S000,S000,14,R011,P03989,S322,S432,264
-0.05,-0.75,0,0.118955249,0.118955249,12.7932621,10.7825022,13.1650685,11.4732297,1.69183883,R023,P00216,S000,S000,14,R011,P03989,S322,S432,264
0,-0.75,0,0.068955249,0.068955249,12.7932621,11.6276771,13.1650685,12.3184046,0.846663888,R023,P00216,S000,S000,14,R011,P03989,S322,S432,204
-4,-0.7,7.98825844,17.2014487,9.21319022,-122.236255,-277.971406,-121.864449,-277.280678,155.416229,R007,P00015,S111,S101,5,R050,P32193,S222,S221,12
-3.95,-0.7,7.83825844,16.9014487,9.06319022,-119.700731,-272.900356,-119.328924,-272.209629,152.880704,R007,P00015,S111,S101,5,R050,P32193,S222,S221,12
-3.9,-0.7,7.68825844,16.6014487,8.91319022,-117.165206,-267.829306,-116.793399,-267.138579,150.34518,R007,P00015,S111,S101,5,R050,P32193,S222,S221,12
-3.85,-0.7,7.53825844,16.3014487,8.76319022,-114.629681,-262.758257,-114.257874,-262.067529,147.809655,R007,P00015,S111,S101,5,R050,P32193,S222,S221,12
-3.8,-0.7,7.38825844,16.0014487,8.61319022,-112.094156,-257.687207,-111.72235,-256.99648,145.27413,R007,P00015,S111,S101,5,R050,P32193,S222,S221,12
-3.75,-0.7,7.23825844,15.7014487,8.46319022,-109.558631,-252.616157,-109.186825,-251.92543,142.738605,R007,P00015,S111,S101,5,R050,P32193,S222,S221,12
-3.7,-0.7,7.08825844,15.4014487,8.31319022,-107.023106,-247.545108,-106.6513,-246.85438,140.20308,R007,P00015,S111,S101,5,R050,P32193,S222,S221,12
-3.65,-0.7,6.93825844,15.1014487,8.16319022,-104.487582,-242.474058,-104.115775,-241.783331,137.667555,R007,P00015,S111,S101,5,R050,P32193,S222,S221,12
-3.6,-0.7,6.78825844,14.8014487,8.01319022,-101.952057,-237.403008,-101.58025,-236.712281,135.132031,R007,P00015,S111,S101,5,R050,P32193,S222,S221,12
-3.55,-0.7,6.63825844,14.5014487,7.86319022,-99.4165319,-232.331959,-99.0447254,-231.641231,132.596506,R007,P00015,S111,S101,5,R050,P32193,S222,S221,12
-3.5,-0.7,6.48825844,14.2014487,7.71319022,-96.881007,-227.260909,-96.5092006,-226.570182,130.060981,R007,P00015,S111,S101,5,R050,P32193,S222,S221,12
-3.45,-0.7,6.33825844,13.9014487,7.56319022,-94.3454822,-222.189859,-93.9736758,-221.499132,127.525456,R007,P00015,S111,S101,5,R050,P32193,S222,S221,12
-3.4,-0.7,6.18825844,13.6014487,7.41319022,-91.8099574,-217.11881,-91.4381509,-216.428082,124.989931,R007,P00015,S111,S101,5,R050,P32193,S222,S221,12
-3.35,-0.7,6.03825844,13.3014487,7.26319022,-89.2744326,-212.04776,-88.9026261,-211.357033,122.454407,R007,P00015,S111,S101,5,R050,P32193,S222,S221,12
-3.3,-0.7,5.88825844,13.0014487,7.11319022,-86.7389077,-206.97671,-86.3671013,-206.285983,119.918882,R007,P00015,S111,S101,5,R050,P32193,S222,S221,12
-3.25,-0.7,5.73825844,12.7014487,6.96319022,-84.2033829,-201.905661,-83.8315764,-201.214933,117.383357,R007,P00015,S111,S101,5,R050,P32193,S222,S221,12
-3.2,-0.7,5.58825844,12.4014487,6.81319022,-81.6678581,-196.834611,-81.2960516,-196.143884,114.847832,R007,P00015,S111,S101,5,R050,P32193,S222,S221,12
-3.15,-0.7,5.43825844,12.1014487,6.66319022,-79.1323332,-191.763562,-78.7605268,-191.072834,112.312307,R007,P00015,S111,S101,5,R050,P32193,S222,S221,12
-3.1,-0.7,5.28825844,11.8014487,6.51319022,-76.5968084,-186.692512,-76.225002,-186.001784,109.776782,R007,P00015,S111,S101,5,R050,P32193,S222,S221,12
-3.05,-0.7,5.13825844,11.5014487,6.36319022,-74.0612836,-181.621462,-73.6894771,-180.930735,107.241258,R007,P00015,S111,S101,5,R050,P32193,S222,S221,12
-3,-0.7,4.98825844,11.2014487,6.21319022,-71.5257588,-176.550413,-71.1539523,-175.859685,104.705733,R007,P00015,S111,S101,5,R050,P32193,S222,S221,12
-2.95,-0.7,4.86924319,10.9014487,6.03220547,-69.5139846,-171.479363,-69.1421781,-170.788635,101.646457,R007,P00015,S000,S212,5,R050,P32193,S222,S221,12
-2.9,-0.7,4.76924319,10.6014487,5.83220547,-67.8236347,-166.408313,-67.4518283,-165.717586,98.2657574,R007,P00015,S000,S212,5,R050,P32193,S222,S221,12
-2.85,-0.7,4.66924319,10.3014487,5.63220547,-66.1332848,-161.337264,-65.7614784,-160.646536,94.8850577,R007,P00015,S000,S212,5,R050,P32193,S222,S221,12
-2.8,-0.7,4.56924319,10.0014487,5.43220547,-64.4429349,-156.266214,-64.0711285,-155.575486,91.5043579,R007,P00015,S000,S212,5,R050,P32193,S222,S221,12
-2.75,-0.7,4.46924319,9.70144866,5.23220547,-62.7525851,-151.195164,-62.3807786,-150.504437,88.1236581,R007,P00015,S000,S212,6,R050,P32193,S222,S221,12
-2.7,-0.7,4.36924319,9.40144866,5.03220547,-61.0622352,-146.124115,-60.6904287,-145.433387,84.7429583,R007,P00015,S000,S212,6,R050,P32193,S222,S221,12
-2.65,-0.7,4.26924319,9.10144866,4.83220547,-59.3718853,-141.053065,-59.0000788,-140.362337,81.3622586,R003,P00003,S000,S212,9,R068,P70305,S222,S221,4
-2.6,-0.7,4.16924319,8.82136519,4.652122,-57.6815354,-136.318674,-57.3097289,-135.627947,78.3182179,R003,P00003,S000,S212,9,R068,P70305,S222,S110,4
-2.55,-0.7,4.06924319,8.57136519,4.502122,-55.9911855,-132.0928,-55.6193791,-131.402072,75.782693,R003,P00003,S000,S212,11,R065,P70094,S222,S110,28
-2.5,-0.7,3.96924319,8.32136519,4.352122,-54.3008356,-127.866925,-53.9290292,-127.176197,73.2471682,R003,P00003,S000,S212,11,R065,P70094,S222,S110,28
-2.45,-0.7,3.86924319,8.07136519,4.202122,-52.6104857,-123.64105,-52.2386793,-122.950323,70.7116434,R003,P00003,S000,S212,11,R065,P70094,S222,S110,28
-2.4,-0.7,3.76924319,7.79642866,4.02718547,-50.9201359,-118.993661,-50.5483294,-118.302933,67.7546039,R003,P00003,S000,S212,11,R015,P06755,S001,S000,130
-2.35,-0.7,3.66924319,7.49642866,3.82718547,-49.229786,-113.922611,-48.8579795,-113.231884,64.3739041,R003,P00003,S000,S212,11,R015,P06755,S001,S000,130
-2.3,-0.7,3.56924319,7.19642866,3.62718547,-47.5394361,-108.851562,-47.1676296,-108.160834,60.9932044,R003,P00003,S000,S212,11,R015,P06755,S001,S000,70
-2.25,-0.7,3.46924319,6.89642866,3.42718547,-45.8490862,-103.780512,-45.4772797,-103.089784,57.6125046,R003,P00003,S000,S212,17,R015,P06755,S001,S000,70
-2.2,-0.7,3.36924319,6.59642866,3.22718547,-44.1587363,-98.7094622,-43.7869298,-98.0187347,54.2318048,R003,P00003,S000,S212,17,R015,P06755,S001,S000,70
-2.15,-0.7,3.26924319,6.29642866,3.02718547,-42.4683864,-93.6384125,-42.09658,-92.947685,50.851105,R003,P00003,S000,S212,17,R015,P06755,S001,S000,70
-2.1,-0.7,3.16924319,5.99642866,2.82718547,-40.7780365,-88.5673629,-40.4062301,-87.8766353,47.4704053,R003,P00003,S000,S212,17,R015,P06755,S001,S000,70
-2.05,-0.7,3.06924319,5.69642866,2.62718547,-39.0876866,-83.4963132,-38.7158802,-82.8055857,44.0897055,R003,P00003,S000,S212,17,R016,P06757,S001,S000,12
-2,-0.7,2.96924319,5.39754341,2.42830022,-37.3973368,-78.4441067,-37.0255303,-77.7533792,40.7278489,R003,P00003,S000,S212,17,R016,P06757,S001,S534,12
-1.95,-0.7,2.86924319,5.10740866,2.23816547,-35.7069869,-73.5398143,-35.3351804,-72.8490868,37.5139064,R003,P00003,S000,S212,22,R039,P30311,S212,S211,112
-1.9,-0.7,2.74456469,4.80740866,2.06284397,-33.599484,-68.4687647,-33.2276775,-67.7780371,34.5503596,R005,P00009,S000,S312,4,R055,P68423,S212,S211,28
-1.85,-0.7,2.59456469,4.50740866,1.91284397,-31.0639592,-63.397715,-30.6921527,-62.7069875,32.0148348,R005,P00009,S000,S312,4,R055,P68423,S212,S211,28
-1.8,-0.7,2.44456469,4.23949894,1.79493425,-28.5284343,-58.8691034,-28.1566279,-58.1783758,30.021748,R005,P00009,S000,S312,4,R060,P68634,S212,S110,4
-1.75,-0.7,2.29456469,3.98949894,1.69493425,-25.9929095,-54.6432287,-25.621103,-53.9525011,28.3313981,R005,P00009,S000,S312,4,R060,P68634,S212,S110,4
-1.7,-0.7,2.14456469,3.73949894,1.59493425,-23.4573847,-50.417354,-23.0855782,-49.7266264,26.6410482,R005,P00009,S000,S312,2,R060,P68634,S212,S110,4
-1.65,-0.7,1.99456469,3.48949894,1.49493425,-20.9218598,-46.1914792,-20.5500534,-45.5007517,24.9506983,R005,P00009,S000,S312,2,R058,P68630,S212,S110,7
-1.6,-0.7,1.84456469,3.23949894,1.39493425,-18.386335,-41.9656045,-18.0145286,-41.274877,23.2603484,R005,P00009,S000,S312,2,R058,P68630,S212,S110,7
-1.55,-0.7,1.69456469,2.98949894,1.29493425,-15.8508102,-37.7397298,-15.4790037,-37.0490023,21.5699985,R005,P00009,S000,S312,1,R058,P68630,S212,S110,7
-1.5,-0.7,1.54456469,2.73949894,1.19493425,-13.3152854,-33.5138551,-12.9434789,-32.8231275,19.8796486,R005,P00009,S000,S312,1,R058,P68630,S212,S110,7
-1.45,-0.7,1.39456469,2.48949894,1.09493425,-10.7797605,-29.2879804,-10.4079541,-28.5972528,18.1892988,R005,P00009,S000,S312,1,R058,P68630,S212,S110,7
-1.4,-0.7,1.24456469,2.23705866,0.992493969,-8.2442357,-25.0208564,-7.87242924,-24.3301288,16.4576996,R005,P00009,S000,S312,1,R043,P31028,S322,S321,77
-1.35,-0.7,1.09456469,1.93705866,0.842493969,-5.70871087,-19.9498067,-5.33690441,-19.2590792,13.9221748,R005,P00009,S000,S312,1,R043,P31028,S322,S321,77
-1.3,-0.7,0.944564687,1.66228022,0.717715532,-3.17318604,-15.3050897,-2.80137959,-14.6143622,11.8129826,R005,P00009,S000,S312,1,R043,P31028,S000,S321,77
-1.25,-0.7,0.794564687,1.51228022,0.717715532,-0.637661215,-12.7695649,-0.265854756,-12.0788373,11.8129826,R005,P00009,S000,S312,1,R044,P31934,S000,S321,28
-1.2,-0.7,0.699869719,1.36228022,0.6624105,0.963015069,-10.2340401,1.33482153,-9.54331252,10.878134,R005,P00009,S000,S101,1,R044,P31934,S000,S321,28
-1.15,-0.7,0.649869719,1.26895525,0.61908553,1.80819001,-8.65652154,2.17999647,-7.965794,10.1457905,R005,P00009,S000,S101,1,R063,P70046,S322,S432,7
-1.1,-0.7,0.599869719,1.21895525,0.61908553,2.65336496,-7.8113466,3.02517141,-7.12061905,10.1457905,R005,P00009,S000,S101,1,R063,P70046,S322,S432,7
-1.05,-0.7,0.549869719,1.16895525,0.61908553,3.4985399,-6.96617165,3.87034636,-6.27544411,10.1457905,R005,P00009,S000,S101,1,R063,P70046,S322,S432,10
-1,-0.7,0.499869719,1.11895525,0.61908553,4.34371484,-6.12099671,4.7155213,-5.43026917,10.1457905,R005,P00009,S000,S101,1,R063,P70046,S322,S432,10
-0.95,-0.7,0.48278,1.06895525,0.586175249,4.63259089,-5.27582177,5.00439735,-4.58509422,9.58949157,R005,P00009,S000,S001,9,R063,P70046,S322,S432,10
-0.9,-0.7,0.48278,1.01895525,0.536175249,4.63259089,-4.43064682,5.00439735,-3.73991928,8.74431663,R005,P00009,S000,S001,9,R058,P68630,S322,S432,20
-0.85,-0.7,0.48278,0.968955249,0.486175249,4.63259089,-3.58547188,5.00439735,-2.89474434,7.89914168,R005,P00009,S000,S001,12,R058,P68630,S322,S432,20
-0.8,-0.7,0.48278,0.918955249,0.436175249,4.63259089,-2.74029694,5.00439735,-2.04956939,7.05396674,R005,P00009,S000,S001,22,R058,P68630,S322,S432,20
-0.75,-0.7,0.48278,0.868955249,0.386175249,4.63259089,-1.89512199,5.00439735,-1.20439445,6.2087918,R005,P00009,S000,S001,30,R006,P00875,S322,S432,84
-0.7,-0.7,0.48278,0.818955249,0.336175249,4.63259089,-1.04994705,5.00439735,-0.359219508,5.36361685,R005,P00009,S000,S001,32,R006,P00875,S322,S432,84
-0.65,-0.7,0.48278,0.768955249,0.286175249,4.63259089,-0.204772109,5.00439735,0.485955435,4.51844191,R005,P00009,S000,S001,32,R006,P00875,S322,S432,84
-0.6,-0.7,0.48278,0.718955249,0.236175249,4.63259089,0.640402835,5.00439735,1.33113038,3.67326697,R005,P00009,S000,S001,32,R006,P00875,S322,S432,84
-0.55,-0.7,0.44365525,0.668955249,0.225299999,5.29393605,1.48557778,5.66574251,2.17630532,3.48943719,R022,P00213,S000,S110,7,R006,P00875,S322,S432,84
-0.5,-0.7,0.39365525,0.618955249,0.225299999,6.139111,2.33075272,6.51091746,3.02148026,3.48943719,R023,P00216,S000,S110,5,R006,P00875,S322,S432,84
-0.45,-0.7,0.34365525,0.568955249,0.225299999,6.98428594,3.17592766,7.3560924,3.86665521,3.48943719,R023,P00216,S000,S110,5,R006,P00875,S322,S432,154
-0.4,-0.7,0.29365525,0.501551501,0.207896251,7.82946088,4.31528684,8.20126734,5.00601439,3.19525296,R023,P00216,S000,S110,5,R007,P02719,S002,S102,53
-0.35,-0.7,0.24365525,0.451551501,0.207896251,8.67463583,5.16046178,9.04644228,5.85118933,3.19525296,R023,P00216,S000,S110,5,R007,P02719,S002,S102,53
-0.3,-0.7,0.19365525,0.401551501,0.207896251,9.51981077,6.00563673,9.89161723,6.69636427,3.19525296,R023,P00216,S000,S110,6,R007,P02719,S002,S102,53
-0.25,-0.7,0.14365525,0.351551501,0.207896251,10.3649857,6.85081167,10.7367922,7.54153921,3.19525296,R023,P00216,S000,S110,7,R007,P02719,S002,S102,53
-0.2,-0.7,0.09365525,0.301551501,0.207896251,11.2101607,7.69598661,11.5819671,8.38671416,3.19525296,R023,P00216,S000,S110,7,R007,P02719,S002,S102,53
-0.15,-0.7,0.04365525,0.251551501,0.207896251,12.0553356,8.54116156,12.4271421,9.2318891,3.19525296,R023,P00216,S000,S110,14,R007,P02719,S002,S102,53
-0.1,-0.7,0,0.201551501,0.201551501,12.7932621,9.3863365,13.1650685,10.077064,3.08800448,R023,P00216,S000,S000,14,R007,P02719,S002,S102,53
-0.05,-0.7,0,0.151551501,0.151551501,12.7932621,10.2315114,13.1650685,10.922239,2.24282954,R023,P00216,S000,S000,14,R007,P02719,S002,S102,53
0,-0.7,0,0.101551501,0.101551501,12.7932621,11.0766864,13.1650685,11.7674139,1.3976546,R023,P00216,S000,S000,14,R007,P02719,S002,S102,43
-4,-0.65,8.13825844,17.4764487,9.33819022,-124.77178,-282.619868,-124.399974,-281.92914,157.529167,R007,P00015,S111,S101,5,R050,P32193,S222,S221,12
-3.95,-0.65,7.98825844,17.1764487,9.18819022,-122.236255,-277.548818,-121.864449,-276.858091,154.993642,R007,P00015,S111,S101,5,R050,P32193,S222,S221,12
-3.9,-0.65,7.83825844,16.8764487,9.03819022,-119.700731,-272.477769,-119.328924,-271.787041,152.458117,R007,P00015,S111,S101,5,R050,P32193,S222,S221,12
-3.85,-0.65,7.68825844,16.5764487,8.88819022,-117.165206,-267.406719,-116.793399,-266.715991,149.922592,R007,P00015,S111,S101,5,R050,P32193,S222,S221,12
-3.8,-0.65,7.53825844,16.2764487,8.73819022,-114.629681,-262.335669,-114.257874,-261.644942,147.387067,R007,P00015,S111,S101,5,R050,P32193,S222,S221,12
-3.75,-0.65,7.38825844,15.9764487,8.58819022,-112.094156,-257.26462,-111.72235,-256.573892,144.851542,R007,P00015,S111,S101,5,R050,P32193,S222,S221,12
-3.7,-0.65,7.23825844,15.6764487,8.43819022,-109.558631,-252.19357,-109.186825,-251.502842,142.316018,R007,P00015,S111,S101,5,R050,P32193,S222,S221,12
-3.65,-0.65,7.08825844,15.3764487,8.28819022,-107.023106,-247.12252,-106.6513,-246.431793,139.780493,R007,P00015,S111,S101,5,R050,P32193,S222,S221,12
-3.6,-0.65,6.93825844,15.0764487,8.13819022,-104.487582,-242.051471,-104.115775,-241.360743,137.244968,R007,P00015,S111,S101,5,R050,P32193,S222,S221,12
-3.55,-0.65,6.78825844,14.7764487,7.98819022,-101.952057,-236.980421,-101.58025,-236.289693,134.709443,R007,P00015,S111,S101,5,R050,P32193,S222,S221,12
-3.5,-0.65,6.63825844,14.4764487,7.83819022,-99.4165319,-231.909371,-99.0447254,-231.218644,132.173918,R007,P00015,S111,S101,5,R050,P32193,S222,S221,12
-3.45,-0.65,6.48825844,14.1764487,7.68819022,-96.881007,-226.838322,-96.5092006,-226.147594,129.638394,R007,P00015,S111,S101,5,R050,P32193,S222,S221,12
-3.4,-0.65,6.33825844,13.8764487,7.53819022,-94.3454822,-221.767272,-93.9736758,-221.076544,127.102869,R007,P00015,S111,S101,5,R050,P32193,S222,S221,12
-3.35,-0.65,6.18825844,13.5764487,7.38819022,-91.8099574,-216.696222,-91.4381509,-216.005495,124.567344,R007,P00015,S111,S101,5,R050,P32193,S222,S221,12
-3.3,-0.65,6.03825844,13.2764487,7.23819022,-89.2744326,-211.625173,-88.9026261,-210.934445,122.031819,R007,P00015,S111,S101,5,R050,P32193,S222,S221,12
-3.25,-0.65,5.88825844,12.9764487,7.08819022,-86.7389077,-206.554123,-86.3671013,-205.863395,119.496294,R007,P00015,S111,S101,5,R050,P32193,S222,S221,12
-3.2,-0.65,5.73825844,12.6764487,6.93819022,-84.2033829,-201.483073,-83.8315764,-200.792346,116.960769,R007,P00015,S111,S101,5,R050,P32193,S222,S221,12
-3.15,-0.65,5.58825844,12.3764487,6.78819022,-81.6678581,-196.412024,-81.2960516,-195.721296,114.425245,R007,P00015,S111,S101,5,R050,P32193,S222,S221,12
-3.1,-0.65,5.43825844,12.0764487,6.63819022,-79.1323332,-191.340974,-78.7605268,-190.650247,111.88972,R007,P00015,S111,S101,5,R050,P32193,S222,S221,12
-3.05,-0.65,5.28825844,11.7764487,6.48819022,-76.5968084,-186.269924,-76.225002,-185.579197,109.354195,R007,P00015,S111,S101,5,R050,P32193,S222,S221,12
-3,-0.65,5.13825844,11.4764487,6.33819022,-74.0612836,-181.198875,-73.6894771,-180.508147,106.81867,R007,P00015,S111,S101,5,R050,P32193,S222,S221,12
-2.95,-0.65,4.98825844,11.1764487,6.18819022,-71.5257588,-176.127825,-71.1539523,-175.437098,104.283145,R007,P00015,S000,S212,5,R050,P32193,S222,S221,12
-2.9,-0.65,4.86924319,10.8764487,6.00720547,-69.5139846,-171.056775,-69.1421781,-170.366048,101.22387,R007,P00015,S000,S212,5,R050,P32193,S222,S221,12
-2.85,-0.65,4.76924319,10.5764487,5.80720547,-67.8236347,-165.985726,-67.4518283,-165.294998,97.84317,R007,P00015,S000,S212,5,R050,P32193,S222,S221,12
-2.8,-0.65,4.66924319,10.2764487,5.60720547,-66.1332848,-160.914676,-65.7614784,-160.223949,94.4624702,R007,P00015,S000,S212,5,R050,P32193,S222,S221,12
-2.75,-0.65,4.56924319,9.97644866,5.40720547,-64.4429349,-155.843626,-64.0711285,-155.152899,91.0817704,R007,P00015,S000,S212,6,R050,P32193,S222,S221,12
-2.7,-0.65,4.46924319,9.67644866,5.20720547,-62.7525851,-150.772577,-62.3807786,-150.081849,87.7010706,R007,P00015,S000,S212,6,R050,P32193,S222,S221,12
-2.65,-0.65,4.36924319,9.37644866,5.00720547,-61.0622352,-145.701527,-60.6904287,-145.0108,84.3203709,R003,P00003,S000,S212,9,R050,P32193,S222,S221,12
-2.6,-0.65,4.26924319,9.07644866,4.80720547,-59.3718853,-140.630477,-59.0000788,-139.93975,80.9396711,R003,P00003,S000,S212,9,R050,P32193,S222,S221,12
-2.55,-0.65,4.16924319,8.77644866,4.60720547,-57.6815354,-135.559428,-57.3097289,-134.8687,77.5589713,R003,P00003,S000,S212,11,R068,P70305,S222,S221,4
-2.5,-0.65,4.06924319,8.52136519,4.452122,-55.9911855,-131.247625,-55.6193791,-130.556897,74.9375181,R003,P00003,S000,S212,11,R065,P70094,S222,S110,28
-2.45,-0.65,3.96924319,8.27136519,4.302122,-54.3008356,-127.02175,-53.9290292,-126.331022,72.4019933,R003,P00003,S000,S212,11,R065,P70094,S222,S110,28
-2.4,-0.65,3.86924319,8.02136519,4.152122,-52.6104857,-122.795875,-52.2386793,-122.105148,69.8664684,R003,P00003,S000,S212,11,R065,P70094,S222,S110,28
-2.35,-0.65,3.76924319,7.77136519,4.002122,-50.9201359,-118.570001,-50.5483294,-117.879273,67.3309436,R003,P00003,S000,S212,11,R065,P70094,S222,S110,28
-2.3,-0.65,3.66924319,7.47142866,3.80218547,-49.229786,-113.500024,-48.8579795,-112.809296,63.9513167,R003,P00003,S000,S212,11,R015,P06755,S001,S000,130
-2.25,-0.65,3.56924319,7.17142866,3.60218547,-47.5394361,-108.428974,-47.1676296,-107.738247,60.5706169,R003,P00003,S000,S212,13,R015,P06755,S001,S000,130
-2.2,-0.65,3.46924319,6.87142866,3.40218547,-45.8490862,-103.357924,-45.4772797,-102.667197,57.1899171,R003,P00003,S000,S212,17,R015,P06755,S001,S000,70
-2.15,-0.65,3.36924319,6.57142866,3.20218547,-44.1587363,-98.2868747,-43.7869298,-97.5961472,53.8092173,R003,P00003,S000,S212,17,R015,P06755,S001,S000,70
-2.1,-0.65,3.26924319,6.27142866,3.00218547,-42.4683864,-93.2158251,-42.09658,-92.5250975,50.4285176,R003,P00003,S000,S212,17,R015,P06755,S001,S000,70
-2.05,-0.65,3.16924319,5.97142866,2.80218547,-40.7780365,-88.1447754,-40.4062301,-87.4540479,47.0478178,R003,P00003,S000,S212,17,R016,P06757,S001,S000,20
-2,-0.65,3.06924319,5.67142866,2.60218547,-39.0876866,-83.0737258,-38.7158802,-82.3829982,43.667118,R003,P00003,S000,S212,17,R016,P06757,S001,S000,20
-1.95,-0.65,2.96924319,5.37254341,2.40330022,-37.3973368,-78.0215193,-37.0255303,-77.3307917,40.3052614,R003,P00003,S000,S212,20,R016,P06757,S001,S534,20
-1.9,-0.65,2.84456469,5.08240866,2.23784397,-35.2898339,-73.1172269,-34.9180274,-72.4264993,37.5084719,R005,P00009,S000,S312,4,R039,P30311,S212,S211,112
-1.85,-0.65,2.69456469,4.78240866,2.08784397,-32.7543091,-68.0461772,-32.3825026,-67.3554497,34.9729471,R005,P00009,S000,S312,4,R039,P30311,S212,S211,112
-1.8,-0.65,2.54456469,4.48949894,1.94493425,-30.2187842,-63.0949781,-29.8469778,-62.4042506,32.5572728,R005,P00009,S000,S312,4,R055,P68423,S212,S110,28
-1.75,-0.65,2.39456469,4.23949894,1.84493425,-27.6832594,-58.8691034,-27.3114529,-58.1783758,30.8669229,R005,P00009,S000,S312,4,R055,P68423,S212,S110,28
-1.7,-0.65,2.24456469,3.98949894,1.74493425,-25.1477346,-54.6432287,-24.7759281,-53.9525011,29.176573,R005,P00009,S000,S312,4,R060,P68634,S212,S110,4
-1.65,-0.65,2.09456469,3.73949894,1.64493425,-22.6122097,-50.417354,-22.2404033,-49.7266264,27.4862231,R005,P00009,S000,S312,2,R058,P68630,S212,S110,7
-1.6,-0.65,1.94456469,3.48949894,1.54493425,-20.0766849,-46.1914792,-19.7048784,-45.5007517,25.7958732,R005,P00009,S000,S312,2,R058,P68630,S212,S110,7
-1.55,-0.65,1.79456469,3.23949894,1.44493425,-17.5411601,-41.9656045,-17.1693536,-41.274877,24.1055234,R005,P00009,S000,S312,2,R058,P68630,S212,S110,7
-1.5,-0.65,1.64456469,2.98949894,1.34493425,-15.0056352,-37.7397298,-14.6338288,-37.0490023,22.4151735,R005,P00009,S000,S312,1,R058,P68630,S212,S110,7
-1.45,-0.65,1.49456469,2.73949894,1.24493425,-12.4701104,-33.5138551,-12.098304,-32.8231275,20.7248236,R005,P00009,S000,S312,1,R058,P68630,S212,S110,7
-1.4,-0.65,1.34456469,2.48949894,1.14493425,-9.93458559,-29.2879804,-9.56277913,-28.5972528,19.0344737,R005,P00009,S000,S312,1,R058,P68630,S212,S110,7
-1.35,-0.65,1.19456469,2.21205866,1.01749397,-7.39906076,-24.5982689,-7.0272543,-23.9075414,16.8802871,R005,P00009,S000,S312,1,R043,P31028,S322,S321,77
-1.3,-0.65,1.04456469,1.91205866,0.867493969,-4.86353593,-19.5272192,-4.49172947,-18.8364917,14.3447622,R005,P00009,S000,S312,1,R043,P31028,S322,S321,77
-1.25,-0.65,0.894564687,1.63728022,0.742715532,-2.3280111,-14.8825022,-1.95620464,-14.1917747,12.2355701,R005,P00009,S000,S312,1,R043,P31028,S000,S321,77
-1.2,-0.65,0.744564687,1.48728022,0.742715532,0.207513728,-12.3469774,0.579320187,-11.6562499,12.2355701,R005,P00009,S000,S312,1,R044,P31934,S000,S321,28
-1.15,-0.65,0.674869719,1.33728022,0.6624105,1.38560254,-9.81145259,1.757409,-9.12072505,10.878134,R005,P00009,S000,S101,1,R044,P31934,S000,S321,28
-1.1,-0.65,0.624869719,1.26895525,0.64408553,2.23077748,-8.65652154,2.60258394,-7.965794,10.5683779,R005,P00009,S000,S101,1,R044,P31934,S322,S432,28
-1.05,-0.65,0.574869719,1.21895525,0.64408553,3.07595243,-7.8113466,3.44775889,-7.12061905,10.5683779,R005,P00009,S000,S101,1,R044,P31934,S322,S432,28
-1,-0.65,0.524869719,1.16895525,0.64408553,3.92112737,-6.96617165,4.29293383,-6.27544411,10.5683779,R005,P00009,S000,S101,1,R044,P31934,S322,S432,40
-0.95,-0.65,0.50778,1.11895525,0.611175249,4.21000342,-6.12099671,4.58180987,-5.43026917,10.012079,R005,P00009,S000,S001,1,R044,P31934,S322,S432,40
-0.9,-0.65,0.50778,1.06895525,0.561175249,4.21000342,-5.27582177,4.58180987,-4.58509422,9.1669041,R005,P00009,S000,S001,9,R037,P27404,S322,S432,50
-0.85,-0.65,0.50778,1.01895525,0.511175249,4.21000342,-4.43064682,4.58180987,-3.73991928,8.32172915,R005,P00009,S000,S001,12,R035,P26753,S322,S432,110
-0.8,-0.65,0.50778,0.9403215,0.4325415,4.21000342,-3.10146134,4.58180987,-2.41073379,6.99254367,R005,P00009,S000,S001,22,R038,P27436,S000,S100,53
-0.75,-0.65,0.50778,0.8903215,0.3825415,4.21000342,-2.25628639,4.58180987,-1.56555885,6.14736872,R005,P00009,S000,S001,22,R038,P27436,S000,S100,53
-0.7,-0.65,0.50778,0.8403215,0.3325415,4.21000342,-1.41111145,4.58180987,-0.720383907,5.30219378,R005,P00009,S000,S001,30,R038,P27436,S000,S100,53
-0.65,-0.65,0.50778,0.7903215,0.2825415,4.21000342,-0.565936508,4.58180987,0.124791036,4.45701884,R005,P00009,S000,S001,32,R038,P27436,S000,S100,53
-0.6,-0.65,0.50778,0.7403215,0.2325415,4.21000342,0.279238435,4.58180987,0.969965979,3.61184389,R005,P00009,S000,S001,32,R038,P27436,S000,S100,53
-0.55,-0.65,0.49365525,0.6903215,0.19666625,4.44876111,1.12441338,4.82056757,1.81514092,3.00542665,R022,P00213,S000,S110,7,R038,P27436,S000,S100,53
-0.5,-0.65,0.44365525,0.6403215,0.19666625,5.29393605,1.96958832,5.66574251,2.66031587,3.00542665,R022,P00213,S000,S110,7,R038,P27436,S000,S100,53
-0.45,-0.65,0.39365525,0.5903215,0.19666625,6.139111,2.81476326,6.51091746,3.50549081,3.00542665,R023,P00216,S000,S110,5,R038,P27436,S000,S100,53
-0.4,-0.65,0.34365525,0.5403215,0.19666625,6.98428594,3.65993821,7.3560924,4.35066575,3.00542665,R023,P00216,S000,S110,5,R038,P27436,S000,S100,53
-0.35,-0.65,0.29365525,0.451551501,0.157896251,7.82946088,5.16046178,8.20126734,5.85118933,2.35007801,R023,P00216,S000,S110,5,R007,P02719,S002,S102,53
-0.3,-0.65,0.24365525,0.401551501,0.157896251,8.67463583,6.00563673,9.04644228,6.69636427,2.35007801,R023,P00216,S000,S110,5,R007,P02719,S002,S102,53
-0.25,-0.65,0.19365525,0.351551501,0.157896251,9.51981077,6.85081167,9.89161723,7.54153921,2.35007801,R023,P00216,S000,S110,7,R007,P02719,S002,S102,53
-0.2,-0.65,0.14365525,0.301551501,0.157896251,10.3649857,7.69598661,10.7367922,8.38671416,2.35007801,R023,P00216,S000,S110,7,R007,P02719,S002,S102,53
-0.15,-0.65,0.09365525,0.251551501,0.157896251,11.2101607,8.54116156,11.5819671,9.2318891,2.35007801,R023,P00216,S000,S110,14,R007,P02719,S002,S102,53
-0.1,-0.65,0.04365525,0.201551501,0.157896251,12.0553356,9.3863365,12.4271421,10.077064,2.35007801,R023,P00216,S000,S110,14,R007,P02719,S002,S102,53
-0.05,-0.65,0,0.151551501,0.151551501,12.7932621,10.2315114,13.1650685,10.922239,2.24282954,R023,P00216,S000,S000,14,R007,P02719,S002,S102,53
0,-0.65,0,0.101551501,0.101551501,12.7932621,11.0766864,13.1650685,11.7674139,1.3976546,R023,P00216,S000,S000,14,R008,P02721,S002,S102,33
-4,-0.6,8.28825844,17.7514487,9.46319022,-127.307305,-287.26833,-126.935499,-286.577603,159.642104,R007,P00015,S111,S101,5,R050,P32193,S222,S221,12
-3.95,-0.6,8.13825844,17.4514487,9.31319022,-124.77178,-282.19728,-124.399974,-281.506553,157.106579,R007,P00015,S111,S101,5,R050,P32193,S222,S221,12
-3.9,-0.6,7.98825844,17.1514487,9.16319022,-122.236255,-277.126231,-121.864449,-276.435503,154.571054,R007,P00015,S111,S101,5,R050,P32193,S222,S221,12
-3.85,-0.6,7.83825844,16.8514487,9.01319022,-119.700731,-272.055181,-119.328924,-271.364454,152.03553,R007,P00015,S111,S101,5,R050,P32193,S222,S221,12
-3.8,-0.6,7.68825844,16.5514487,8.86319022,-117.165206,-266.984131,-116.793399,-266.293404,149.500005,R007,P00015,S111,S101,5,R050,P32193,S222,S221,12
-3.75,-0.6,7.53825844,16.2514487,8.71319022,-114.629681,-261.913082,-114.257874,-261.222354,146.96448,R007,P00015,S111,S101,5,R050,P32193,S222,S221,12
-3.7,-0.6,7.38825844,15.9514487,8.56319022,-112.094156,-256.842032,-111.72235,-256.151305,144.428955,R007,P00015,S111,S101,5,R050,P32193,S222,S221,12
-3.65,-0.6,7.23825844,15.6514487,8.41319022,-109.558631,-251.770982,-109.186825,-251.080255,141.89343,R007,P00015,S111,S101,5,R050,P32193,S222,S221,12
-3.6,-0.6,7.08825844,15.3514487,8.26319022,-107.023106,-246.699933,-106.6513,-246.009205,139.357905,R007,P00015,S111,S101,5,R050,P32193,S222,S221,12
-3.55,-0.6,6.93825844,15.0514487,8.11319022,-104.487582,-241.628883,-104.115775,-240.938156,136.822381,R007,P00015,S111,S101,5,R050,P32193,S222,S221,12
-3.5,-0.6,6.78825844,14.7514487,7.96319022,-101.952057,-236.557834,-101.58025,-235.867106,134.286856,R007,P00015,S111,S101,5,R050,P32193,S222,S221,12
-3.45,-0.6,6.63825844,14.4514487,7.81319022,-99.4165319,-231.486784,-99.0447254,-230.796056,131.751331,R007,P00015,S111,S101,5,R050,P32193,S222,S221,12
-3.4,-0.6,6.48825844,14.1514487,7.66319022,-96.881007,-226.415734,-96.5092006,-225.725007,129.215806,R007,P00015,S111,S101,5,R050,P32193,S222,S221,12
-3.35,-0.6,6.33825844,13.8514487,7.51319022,-94.3454822,-221.344685,-93.9736758,-220.653957,126.680281,R007,P00015,S111,S101,5,R050,P32193,S222,S221,12
-3.3,-0.6,6.18825844,13.5514487,7.36319022,-91.8099574,-216.273635,-91.4381509,-215.582907,124.144756,R007,P00015,S111,S101,5,R050,P32193,S222,S221,12
-3.25,-0.6,6.03825844,13.2514487,7.21319022,-89.2744326,-211.202585,-88.9026261,-210.511858,121.609232,R007,P00015,S111,S101,5,R050,P32193,S222,S221,12
-3.2,-0.6,5.88825844,12.9514487,7.06319022,-86.7389077,-206.131536,-86.3671013,-205.440808,119.073707,R007,P00015,S111,S101,5,R050,P32193,S222,S221,12
-3.15,-0.6,5.73825844,12.6514487,6.91319022,-84.2033829,-201.060486,-83.8315764,-200.369758,116.538182,R007,P00015,S111,S101,5,R050,P32193,S222,S221,12
-3.1,-0.6,5.58825844,12.3514487,6.76319022,-81.6678581,-195.989436,-81.2960516,-195.298709,114.002657,R007,P00015,S111,S101,5,R050,P32193,S222,S221,12
-3.05,-0.6,5.43825844,12.0514487,6.61319022,-79.1323332,-190.918387,-78.7605268,-190.227659,111.467132,R007,P00015,S111,S101,5,R050,P32193,S222,S221,12
-3,-0.6,5.28825844,11.7514487,6.46319022,-76.5968084,-185.847337,-76.225002,-185.156609,108.931607,R007,P00015,S111,S101,5,R050,P32193,S222,S221,12
-2.95,-0.6,5.13825844,11.4514487,6.31319022,-74.0612836,-180.776287,-73.6894771,-180.08556,106.396083,R007,P00015,S000,S212,5,R050,P32193,S222,S221,12
-2.9,-0.6,4.98825844,11.1514487,6.16319022,-71.5257588,-175.705238,-71.1539523,-175.01451,103.860558,R007,P00015,S000,S212,5,R050,P32193,S222,S221,12
-2.85,-0.6,4.86924319,10.8514487,5.98220547,-69.5139846,-170.634188,-69.1421781,-169.94346,100.801282,R007,P00015,S000,S212,5,R050,P32193,S222,S221,12
-2.8,-0.6,4.76924319,10.5514487,5.78220547,-67.8236347,-165.563138,-67.4518283,-164.872411,97.4205825,R007,P00015,S000,S212,5,R050,P32193,S222,S221,12
-2.75,-0.6,4.66924319,10.2514487,5.58220547,-66.1332848,-160.492089,-65.7614784,-159.801361,94.0398827,R007,P00015,S000,S212,6,R050,P32193,S222,S221,12
-2.7,-0.6,4.56924319,9.95144866,5.38220547,-64.4429349,-155.421039,-64.0711285,-154.730311,90.6591829,R007,P00015,S000,S212,6,R050,P32193,S222,S221,12
-2.65,-0.6,4.46924319,9.65144866,5.18220547,-62.7525851,-150.349989,-62.3807786,-149.659262,87.2784832,R007,P00015,S000,S212,6,R050,P32193,S222,S221,12
-2.6,-0.6,4.36924319,9.35144866,4.98220547,-61.0622352,-145.27894,-60.6904287,-144.588212,83.8977834,R003,P00003,S000,S212,9,R050,P32193,S222,S221,12
-2.55,-0.6,4.26924319,9.05144866,4.78220547,-59.3718853,-140.20789,-59.0000788,-139.517162,80.5170836,R003,P00003,S000,S212,9,R050,P32193,S222,S221,12
-2.5,-0.6,4.16924319,8.75144866,4.58220547,-57.6815354,-135.13684,-57.3097289,-134.446113,77.1363839,R003,P00003,S000,S212,11,R050,P32193,S222,S221,12
-2.45,-0.6,4.06924319,8.45144866,4.38220547,-55.9911855,-130.065791,-55.6193791,-129.375063,73.7556841,R003,P00003,S000,S212,11,R050,P32193,S222,S221,4
-2.4,-0.6,3.96924319,8.19230144,4.22305825,-54.3008356,-125.685296,-53.9290292,-124.994568,71.0655392,R003,P00003,S000,S212,11,R046,P31982,S222,S100,28
-2.35,-0.6,3.86924319,7.94230144,4.07305825,-52.6104857,-121.459421,-52.2386793,-120.768694,68.5300144,R003,P00003,S000,S212,11,R046,P31982,S222,S100,28
-2.3,-0.6,3.76924319,7.69230144,3.92305825,-50.9201359,-117.233547,-50.5483294,-116.542819,65.9944896,R003,P00003,S000,S212,13,R046,P31982,S222,S100,28
-2.25,-0.6,3.66924319,7.44230144,3.77305825,-49.229786,-113.007672,-48.8579795,-112.316944,63.4589648,R003,P00003,S000,S212,13,R046,P31982,S222,S100,28
-2.2,-0.6,3.56924319,7.14642866,3.57718547,-47.5394361,-108.006387,-47.1676296,-107.315659,60.1480294,R003,P00003,S000,S212,17,R015,P06755,S001,S000,130
-2.15,-0.6,3.46924319,6.84642866,3.37718547,-45.8490862,-102.935337,-45.4772797,-102.244609,56.7673296,R003,P00003,S000,S212,17,R015,P06755,S001,S000,70
-2.1,-0.6,3.36924319,6.54642866,3.17718547,-44.1587363,-97.8642873,-43.7869298,-97.1735597,53.3866299,R003,P00003,S000,S212,17,R015,P06755,S001,S000,70
-2.05,-0.6,3.26924319,6.24642866,2.97718547,-42.4683864,-92.7932376,-42.09658,-92.1025101,50.0059301,R003,P00003,S000,S212,17,R016,P06757,S001,S000,20
-2,-0.6,3.16924319,5.94642866,2.77718547,-40.7780365,-87.7221879,-40.4062301,-87.0314604,46.6252303,R003,P00003,S000,S212,17,R016,P06757,S001,S000,20
-1.95,-0.6,3.06924319,5.64642866,2.57718547,-39.0876866,-82.6511383,-38.7158802,-81.9604107,43.2445306,R003,P00003,S000,S212,20,R016,P06757,S001,S000,20
-1.9,-0.6,2.94456469,5.34754341,2.40297872,-36.9801838,-77.5989318,-36.6083773,-76.9082043,40.299827,R005,P00009,S000,S312,2,R016,P06757,S001,S534,20
-1.85,-0.6,2.79456469,5.05740866,2.26284397,-34.4446589,-72.6946394,-34.0728525,-72.0039118,37.9310594,R005,P00009,S000,S312,2,R039,P30311,S212,S211,112
-1.8,-0.6,2.64456469,4.75740866,2.11284397,-31.9091341,-67.6235897,-31.5373276,-66.9328622,35.3955345,R005,P00009,S000,S312,2,R039,P30311,S212,S211,112
-1.75,-0.6,2.49456469,4.46043519,1.9658705,-29.3736093,-62.603699,-29.0018028,-61.9129715,32.9111687,R005,P00009,S000,S312,2,R039,P30311,S212,S100,56
-1.7,-0.6,2.34456469,4.21043519,1.8658705,-26.8380844,-58.3778243,-26.466278,-57.6870968,31.2208188,R005,P00009,S000,S312,2,R039,P30311,S212,S100,56
-1.65,-0.6,2.19456469,3.96043519,1.7658705,-24.3025596,-54.1519496,-23.9307532,-53.4612221,29.5304689,R005,P00009,S000,S312,2,R042,P30522,S212,S100,8
-1.6,-0.6,2.04456469,3.71043519,1.6658705,-21.7670348,-49.9260749,-21.3952283,-49.2353473,27.840119,R005,P00009,S000,S312,2,R041,P30518,S212,S100,14
-1.55,-0.6,1.89456469,3.46043519,1.5658705,-19.23151,-45.7002002,-18.8597035,-45.0094726,26.1497691,R005,P00009,S000,S312,2,R041,P30518,S212,S100,14
-1.5,-0.6,1.74456469,3.21043519,1.4658705,-16.6959851,-41.4743255,-16.3241787,-40.7835979,24.4594192,R005,P00009,S000,S312,2,R041,P30518,S212,S100,14
-1.45,-0.6,1.59456469,2.96043519,1.3658705,-14.1604603,-37.2484507,-13.7886538,-36.5577232,22.7690694,R005,P00009,S000,S312,1,R035,P26753,S212,S100,28
-1.4,-0.6,1.44456469,2.71043519,1.2658705,-11.6249355,-33.022576,-11.253129,-32.3318485,21.0787195,R005,P00009,S000,S312,1,R035,P26753,S212,S100,28
-1.35,-0.6,1.29456469,2.46043519,1.1658705,-9.08941064,-28.7967013,-8.71760419,-28.1059738,19.3883696,R005,P00009,S000,S312,1,R035,P26753,S212,S100,28
-1.3,-0.6,1.14456469,2.18705866,1.04249397,-6.55388582,-24.1756814,-6.18207936,-23.4849539,17.3028745,R005,P00009,S000,S312,1,R043,P31028,S322,S321,77
-1.25,-0.6,0.994564687,1.88705866,0.892493969,-4.01836099,-19.1046318,-3.64655453,-18.4139042,14.7673497,R005,P00009,S000,S312,1,R043,P31028,S322,S321,77
-1.2,-0.6,0.844564687,1.61228022,0.767715532,-1.48283616,-14.4599148,-1.1110297,-13.7691872,12.6581575,R005,P00009,S000,S312,1,R043,P31028,S000,S321,77
-1.15,-0.6,0.699869719,1.46228022,0.7624105,0.963015069,-11.9243899,1.33482153,-11.2336624,12.5684839,R005,P00009,S000,S101,1,R044,P31934,S000,S321,28
-1.1,-0.6,0.649869719,1.31895525,0.66908553,1.80819001,-9.50169648,2.17999647,-8.81096894,10.9909654,R005,P00009,S000,S101,1,R044,P31934,S322,S432,28
-1.05,-0.6,0.599869719,1.26895525,0.66908553,2.65336496,-8.65652154,3.02517141,-7.965794,10.9909654,R005,P00009,S000,S101,1,R044,P31934,S322,S432,28
-1,-0.6,0.549869719,1.21895525,0.66908553,3.4985399,-7.8113466,3.87034636,-7.12061905,10.9909654,R005,P00009,S000,S101,1,R044,P31934,S322,S432,28
-0.95,-0.6,0.53278,1.16895525,0.636175249,3.78741594,-6.96617165,4.1592224,-6.27544411,10.4346665,R005,P00009,S000,S001,1,R044,P31934,S322,S432,40
-0.9,-0.6,0.53278,1.11895525,0.586175249,3.78741594,-6.12099671,4.1592224,-5.43026917,9.58949157,R005,P00009,S000,S001,3,R037,P27404,S322,S432,50
-0.85,-0.6,0.53278,1.06895525,0.536175249,3.78741594,-5.27582177,4.1592224,-4.58509422,8.74431663,R005,P00009,S000,S001,12,R037,P27404,S322,S432,50
-0.8,-0.6,0.53278,1.000452,0.467671999,3.78741594,-4.11787716,4.1592224,-3.42714961,7.58637202,R005,P00009,S000,S001,22,R038,P27436,S102,S422,48
-0.75,-0.6,0.53278,0.8903215,0.3575415,3.78741594,-2.25628639,4.1592224,-1.56555885,5.72478125,R005,P00009,S000,S001,22,R038,P27436,S000,S100,48
-0.7,-0.6,0.53278,0.8403215,0.3075415,3.78741594,-1.41111145,4.1592224,-0.720383907,4.87960631,R005,P00009,S000,S001,22,R038,P27436,S000,S100,53
-0.65,-0.6,0.53278,0.7903215,0.2575415,3.78741594,-0.565936508,4.1592224,0.124791036,4.03443137,R005,P00009,S000,S001,32,R038,P27436,S000,S100,53
-0.6,-0.6,0.53278,0.7403215,0.2075415,3.78741594,0.279238435,4.1592224,0.969965979,3.18925642,R005,P00009,S000,S001,32,R038,P27436,S000,S100,53
-0.55,-0.6,0.53278,0.6903215,0.1575415,3.78741594,1.12441338,4.1592224,1.81514092,2.34408148,R005,P00009,S000,S001,32,R038,P27436,S000,S100,53
-0.5,-0.6,0.49365525,0.6403215,0.14666625,4.44876111,1.96958832,4.82056757,2.66031587,2.1602517,R022,P00213,S000,S110,7,R038,P27436,S000,S100,53
-0.45,-0.6,0.44365525,0.5903215,0.14666625,5.29393605,2.81476326,5.66574251,3.50549081,2.1602517,R023,P00216,S000,S110,5,R038,P27436,S000,S100,53
-0.4,-0.6,0.39365525,0.5403215,0.14666625,6.139111,3.65993821,6.51091746,4.35066575,2.1602517,R023,P00216,S000,S110,5,R038,P27436,S000,S100,53
-0.35,-0.6,0.34365525,0.451551501,0.107896251,6.98428594,5.16046178,7.3560924,5.85118933,1.50490307,R023,P00216,S000,S110,5,R007,P02719,S002,S102,53
-0.3,-0.6,0.29365525,0.401551501,0.107896251,7.82946088,6.00563673,8.20126734,6.69636427,1.50490307,R023,P00216,S000,S110,5,R007,P02719,S002,S102,53
-0.25,-0.6,0.24365525,0.351551501,0.107896251,8.67463583,6.85081167,9.04644228,7.54153921,1.50490307,R023,P00216,S000,S110,5,R007,P02719,S002,S102,53
-0.2,-0.6,0.19365525,0.301551501,0.107896251,9.51981077,7.69598661,9.89161723,8.38671416,1.50490307,R023,P00216,S000,S110,7,R007,P02719,S002,S102,53
-0.15,-0.6,0.14365525,0.251551501,0.107896251,10.3649857,8.54116156,10.7367922,9.2318891,1.50490307,R023,P00216,S000,S110,14,R007,P02719,S002,S102,53
-0.1,-0.6,0.09365525,0.201551501,0.107896251,11.2101607,9.3863365,11.5819671,10.077064,1.50490307,R023,P00216,S000,S110,14,R007,P02719,S002,S102,53
-0.05,-0.6,0.04365525,0.151551501,0.107896251,12.0553356,10.2315114,12.4271421,10.922239,1.50490307,R023,P00216,S000,S110,14,R008,P02721,S002,S102,33
0,-0.6,0,0.101551501,0.101551501,12.7932621,11.0766864,13.1650685,11.7674139,1.3976546,R023,P00216,S000,S000,14,R009,P02725,S002,S102,31
-4,-0.55,8.43825844,18.0264487,9.58819022,-129.84283,-291.916792,-129.471023,-291.226065,161.755041,R007,P00015,S111,S101,5,R050,P32193,S222,S221,12
-3.95,-0.55,8.28825844,17.7264487,9.43819022,-127.307305,-286.845743,-126.935499,-286.155015,159.219517,R007,P00015,S111,S101,5,R050,P32193,S222,S221,12
-3.9,-0.55,8.13825844,17.4264487,9.28819022,-124.77178,-281.774693,-124.399974,-281.083965,156.683992,R007,P00015,S111,S101,5,R050,P32193,S222,S221,12
-3.85,-0.55,7.98825844,17.1264487,9.13819022,-122.236255,-276.703643,-121.864449,-276.012916,154.148467,R007,P00015,S111,S101,5,R050,P32193,S222,S221,12
-3.8,-0.55,7.83825844,16.8264487,8.98819022,-119.700731,-271.632594,-119.328924,-270.941866,151.612942,R007,P00015,S111,S101,5,R050,P32193,S222,S221,12
-3.75,-0.55,7.68825844,16.5264487,8.83819022,-117.165206,-266.561544,-116.793399,-265.870816,149.077417,R007,P00015,S111,S101,5,R050,P32193,S222,S221,12
-3.7,-0.55,7.53825844,16.2264487,8.68819022,-114.629681,-261.490494,-114.257874,-260.799767,146.541892,R007,P00015,S111,S101,5,R050,P32193,S222,S221,12
-3.65,-0.55,7.38825844,15.9264487,8.53819022,-112.094156,-256.419445,-111.72235,-255.728717,144.006368,R007,P00015,S111,S101,5,R050,P32193,S222,S221,12
-3.6,-0.55,7.23825844,15.6264487,8.38819022,-109.558631,-251.348395,-109.186825,-250.657667,141.470843,R007,P00015,S111,S101,5,R050,P32193,S222,S221,12
-3.55,-0.55,7.08825844,15.3264487,8.23819022,-107.023106,-246.277345,-106.6513,-245.586618,138.935318,R007,P00015,S111,S101,5,R050,P32193,S222,S221,12
-3.5,-0.55,6.93825844,15.0264487,8.08819022,-104.487582,-241.206296,-104.115775,-240.515568,136.399793,R007,P00015,S111,S101,5,R050,P32193,S222,S221,12
-3.45,-0.55,6.78825844,14.7264487,7.93819022,-101.952057,-236.135246,-101.58025,-235.444518,133.864268,R007,P00015,S111,S101,5,R050,P32193,S222,S221,12
-3.4,-0.55,6.63825844,14.4264487,7.78819022,-99.4165319,-231.064196,-99.0447254,-230.373469,131.328743,R007,P00015,S111,S101,5,R050,P32193,S222,S221,12
-3.35,-0.55,6.48825844,14.1264487,7.63819022,-96.881007,-225.993147,-96.5092006,-225.302419,128.793219,R007,P00015,S111,S101,5,R050,P32193,S222,S221,12
-3.3,-0.55,6.33825844,13.8264487,7.48819022,-94.3454822,-220.922097,-93.9736758,-220.23137,126.257694,R007,P00015,S111,S101,5,R050,P32193,S222,S221,12
-3.25,-0.55,6.18825844,13.5264487,7.33819022,-91.8099574,-215.851047,-91.4381509,-215.16032,123.722169,R007,P00015,S111,S101,5,R050,P32193,S222,S221,12
-3.2,-0.55,6.03825844,13.2264487,7.18819022,-89.2744326,-210.779998,-88.9026261,-210.08927,121.186644,R007,P00015,S111,S101,5,R050,P32193,S222,S221,12
-3.15,-0.55,5.88825844,12.9264487,7.03819022,-86.7389077,-205.708948,-86.3671013,-205.018221,118.651119,R007,P00015,S111,S101,5,R050,P32193,S222,S221,12
-3.1,-0.55,5.73825844,12.6264487,6.88819022,-84.2033829,-200.637898,-83.8315764,-199.947171,116.115594,R007,P00015,S111,S101,5,R050,P32193,S222,S221,12
-3.05,-0.55,5.58825844,12.3264487,6.73819022,-81.6678581,-195.566849,-81.2960516,-194.876121,113.58007,R007,P00015,S111,S101,5,R050,P32193,S222,S221,12
-3,-0.55,5.43825844,12.0264487,6.58819022,-79.1323332,-190.495799,-78.7605268,-189.805072,111.044545,R007,P00015,S111,S101,5,R050,P32193,S222,S221,12
-2.95,-0.55,5.28825844,11.7264487,6.43819022,-76.5968084,-185.424749,-76.225002,-184.734022,108.50902,R007,P00015,S000,S212,5,R050,P32193,S222,S221,12
-2.9,-0.55,5.13825844,11.4264487,6.28819022,-74.0612836,-180.3537,-73.6894771,-179.662972,105.973495,R007,P00015,S000,S212,5,R050,P32193,S222,S221,12
-2.85,-0.55,4.98825844,11.1264487,6.13819022,-71.5257588,-175.28265,-71.1539523,-174.591923,103.43797,R007,P00015,S000,S212,5,R050,P32193,S222,S221,12
-2.8,-0.55,4.86924319,10.8264487,5.95720547,-69.5139846,-170.2116,-69.1421781,-169.520873,100.378695,R007,P00015,S000,S212,5,R050,P32193,S222,S221,12
-2.75,-0.55,4.76924319,10.5264487,5.75720547,-67.8236347,-165.140551,-67.4518283,-164.449823,96.997995,R007,P00015,S000,S212,6,R050,P32193,S222,S221,12
-2.7,-0.55,4.66924319,10.2264487,5.55720547,-66.1332848,-160.069501,-65.7614784,-159.378774,93.6172952,R007,P00015,S000,S212,6,R050,P32193,S222,S221,12
-2.65,-0.55,4.56924319,9.92644866,5.35720547,-64.4429349,-154.998451,-64.0711285,-154.307724,90.2365955,R007,P00015,S000,S212,6,R050,P32193,S222,S221,12
-2.6,-0.55,4.46924319,9.62644866,5.15720547,-62.7525851,-149.927402,-62.3807786,-149.236674,86.8558957,R003,P00003,S000,S212,9,R050,P32193,S222,S221,12
-2.55,-0.55,4.36924319,9.32644866,4.95720547,-61.0622352,-144.856352,-60.6904287,-144.165625,83.4751959,R003,P00003,S000,S212,9,R050,P32193,S222,S221,12
-2.5,-0.55,4.26924319,9.02644866,4.75720547,-59.3718853,-139.785303,-59.0000788,-139.094575,80.0944962,R003,P00003,S000,S212,11,R050,P32193,S222,S221,12
-2.45,-0.55,4.16924319,8.72644866,4.55720547,-57.6815354,-134.714253,-57.3097289,-134.023525,76.7137964,R003,P00003,S000,S212,11,R050,P32193,S222,S221,12
-2.4,-0.55,4.06924319,8.42644866,4.35720547,-55.9911855,-129.643203,-55.6193791,-128.952476,73.3330966,R003,P00003,S000,S212,11,R050,P32193,S222,S221,12
-2.35,-0.55,3.96924319,8.12644866,4.15720547,-54.3008356,-124.572154,-53.9290292,-123.881426,69.9523968,R003,P00003,S000,S212,11,R050,P32193,S222,S221,4
-2.3,-0.55,3.86924319,7.84230144,3.97305825,-52.6104857,-119.769071,-52.2386793,-119.078344,66.8396645,R003,P00003,S000,S212,13,R050,P32193,S222,S100,4
-2.25,-0.55,3.76924319,7.59230144,3.82305825,-50.9201359,-115.543197,-50.5483294,-114.852469,64.3041397,R003,P00003,S000,S212,13,R046,P31982,S222,S100,28
-2.2,-0.55,3.66924319,7.34230144,3.67305825,-49.229786,-111.317322,-48.8579795,-110.626594,61.7686149,R003,P00003,S000,S212,13,R046,P31982,S222,S100,28
-2.15,-0.55,3.56924319,7.09230144,3.52305825,-47.5394361,-107.091447,-47.1676296,-106.40072,59.23309,R003,P00003,S000,S212,17,R046,P31982,S222,S100,28
-2.1,-0.55,3.46924319,6.82142866,3.35218547,-45.8490862,-102.512749,-45.4772797,-101.822022,56.3447422,R003,P00003,S000,S212,17,R015,P06755,S001,S000,130
-2.05,-0.55,3.36924319,6.52142866,3.15218547,-44.1587363,-97.4416998,-43.7869298,-96.7509722,52.9640424,R003,P00003,S000,S212,17,R016,P06757,S001,S000,20
-2,-0.55,3.26924319,6.22142866,2.95218547,-42.4683864,-92.3706501,-42.09658,-91.6799226,49.5833426,R003,P00003,S000,S212,17,R016,P06757,S001,S000,20
-1.95,-0.55,3.16924319,5.92142866,2.75218547,-40.7780365,-87.2996005,-40.4062301,-86.6088729,46.2026429,R003,P00003,S000,S212,20,R016,P06757,S001,S000,20
-1.9,-0.55,3.04456469,5.62142866,2.57686397,-38.6705337,-82.2285508,-38.2987272,-81.5378233,43.2390961,R005,P00009,S000,S312,2,R016,P06757,S001,S000,20
-1.85,-0.55,2.89456469,5.32254341,2.42797872,-36.1350088,-77.1763443,-35.7632024,-76.4856168,40.7224144,R005,P00009,S000,S312,2,R016,P06757,S001,S534,20
-1.8,-0.55,2.74456469,5.03240866,2.28784397,-33.599484,-72.2720519,-33.2276775,-71.5813244,38.3536468,R005,P00009,S000,S312,2,R039,P30311,S212,S211,112
-1.75,-0.55,2.59456469,4.73240866,2.13784397,-31.0639592,-67.2010023,-30.6921527,-66.5102747,35.818122,R005,P00009,S000,S312,2,R039,P30311,S212,S211,56
-1.7,-0.55,2.44456469,4.43240866,1.98784397,-28.5284343,-62.1299526,-28.1566279,-61.4392251,33.2825972,R005,P00009,S000,S312,2,R039,P30311,S212,S211,56
-1.65,-0.55,2.29456469,4.16043519,1.8658705,-25.9929095,-57.5326494,-25.621103,-56.8419218,31.2208188,R005,P00009,S000,S312,2,R039,P30311,S212,S100,56
-1.6,-0.55,2.14456469,3.91043519,1.7658705,-23.4573847,-53.3067747,-23.0855782,-52.6160471,29.5304689,R005,P00009,S000,S312,2,R039,P30311,S212,S100,56
-1.55,-0.55,1.99456469,3.66043519,1.6658705,-20.9218598,-49.0808999,-20.5500534,-48.3901724,27.840119,R005,P00009,S000,S312,2,R041,P30518,S212,S100,14
-1.5,-0.55,1.84456469,3.41043519,1.5658705,-18.386335,-44.8550252,-18.0145286,-44.1642977,26.1497691,R005,P00009,S000,S312,2,R041,P30518,S212,S100,14
-1.45,-0.55,1.69456469,3.16043519,1.4658705,-15.8508102,-40.6291505,-15.4790037,-39.938423,24.4594192,R005,P00009,S000,S312,2,R041,P30518,S212,S100,14
-1.4,-0.55,1.54456469,2.91043519,1.3658705,-13.3152854,-36.4032758,-12.9434789,-35.7125483,22.7690694,R005,P00009,S000,S312,1,R035,P26753,S212,S100,28
-1.35,-0.55,1.39456469,2.66043519,1.2658705,-10.7797605,-32.1774011,-10.4079541,-31.4866735,21.0787195,R005,P00009,S000,S312,1,R035,P26753,S212,S100,28
-1.3,-0.55,1.24456469,2.41043519,1.1658705,-8.2442357,-27.9515264,-7.87242924,-27.2607988,19.3883696,R005,P00009,S000,S312,1,R035,P26753,S212,S100,28
-1.25,-0.55,1.09456469,2.16043519,1.0658705,-5.70871087,-23.7256517,-5.33690441,-23.0349241,17.6980197,R005,P00009,S000,S312,1,R035,P26753,S212,S100,28
-1.2,-0.55,0.944564687,1.86205866,0.917493969,-3.17318604,-18.6820443,-2.80137959,-17.9913168,15.1899372,R005,P00009,S000,S312,1,R043,P31028,S322,S321,77
-1.15,-0.55,0.794564687,1.58728022,0.792715532,-0.637661215,-14.0373273,-0.265854756,-13.3465998,13.080745,R005,P00009,S000,S312,1,R043,P31028,S000,S321,77
-1.1,-0.55,0.674869719,1.43728022,0.7624105,1.38560254,-11.5018025,1.757409,-10.8110749,12.5684839,R005,P00009,S000,S101,1,R043,P31028,S000,S321,77
-1.05,-0.55,0.624869719,1.31895525,0.69408553,2.23077748,-9.50169648,2.60258394,-8.81096894,11.4135529,R005,P00009,S000,S101,1,R044,P31934,S322,S432,28
-1,-0.55,0.574869719,1.26895525,0.69408553,3.07595243,-8.65652154,3.44775889,-7.965794,11.4135529,R005,P00009,S000,S101,1,R044,P31934,S322,S432,28
-0.95,-0.55,0.55778,1.21895525,0.661175249,3.36482847,-7.8113466,3.73663493,-7.12061905,10.857254,R005,P00009,S000,S001,1,R044,P31934,S322,S432,40
-0.9,-0.55,0.55778,1.16895525,0.611175249,3.36482847,-6.96617165,3.73663493,-6.27544411,10.012079,R005,P00009,S000,S001,1,R037,P27404,S322,S432,50
-0.85,-0.55,0.55778,1.11895525,0.561175249,3.36482847,-6.12099671,3.73663493,-5.43026917,9.1669041,R005,P00009,S000,S001,6,R037,P27404,S322,S432,50
-0.8,-0.55,0.55778,1.06895525,0.511175249,3.36482847,-5.27582177,3.73663493,-4.58509422,8.32172915,R005,P00009,S000,S001,12,R037,P27404,S322,S432,50
-0.75,-0.55,0.55778,0.981810499,0.424030499,3.36482847,-3.80277058,3.73663493,-3.11204304,6.84867797,R005,P00009,S000,S001,22,R038,P27436,S202,S422,48
-0.7,-0.55,0.55778,0.881810499,0.324030499,3.36482847,-2.1124207,3.73663493,-1.42169315,5.15832809,R005,P00009,S000,S001,22,R038,P27436,S202,S422,48
-0.65,-0.55,0.55778,0.7903215,0.2325415,3.36482847,-0.565936508,3.73663493,0.124791036,3.61184389,R005,P00009,S000,S001,22,R038,P27436,S000,S100,53
-0.6,-0.55,0.55778,0.7403215,0.1825415,3.36482847,0.279238435,3.73663493,0.969965979,2.76666895,R005,P00009,S000,S001,32,R038,P27436,S000,S100,53
-0.55,-0.55,0.55778,0.6903215,0.1325415,3.36482847,1.12441338,3.73663493,1.81514092,1.92149401,R005,P00009,S000,S001,32,R038,P27436,S000,S100,53
-0.5,-0.55,0.54365525,0.6403215,0.09666625,3.60358617,1.96958832,3.97539263,2.66031587,1.31507676,R022,P00213,S000,S110,7,R038,P27436,S000,S100,53
-0.45,-0.55,0.49365525,0.5903215,0.09666625,4.44876111,2.81476326,4.82056757,3.50549081,1.31507676,R022,P00213,S000,S110,7,R038,P27436,S000,S100,53
-0.4,-0.55,0.44365525,0.5403215,0.09666625,5.29393605,3.65993821,5.66574251,4.35066575,1.31507676,R023,P00216,S000,S110,5,R038,P27436,S000,S100,53
-0.35,-0.55,0.39365525,0.4903215,0.09666625,6.139111,4.50511315,6.51091746,5.19584069,1.31507676,R023,P00216,S000,S110,5,R038,P27436,S000,S100,53
-0.3,-0.55,0.34365525,0.42090525,0.07725,6.98428594,5.67849065,7.3560924,6.3692182,0.986874202,R023,P00216,S000,S110,5,R007,P02719,S202,S312,53
-0.25,-0.55,0.29365525,0.37090525,0.07725,7.82946088,6.5236656,8.20126734,7.21439314,0.986874202,R023,P00216,S000,S110,5,R007,P02719,S202,S312,53
-0.2,-0.55,0.24365525,0.32090525,0.07725,8.67463583,7.36884054,9.04644228,8.05956808,0.986874202,R023,P00216,S000,S110,5,R007,P02719,S202,S312,53
-0.15,-0.55,0.19365525,0.27090525,0.07725,9.51981077,8.21401548,9.89161723,8.90474303,0.986874202,R023,P00216,S000,S110,14,R007,P02719,S202,S312,53
-0.1,-0.55,0.14365525,0.22090525,0.07725,10.3649857,9.05919043,10.7367922,9.74991797,0.986874202,R023,P00216,S000,S110,14,R007,P02719,S202,S312,53
-0.05,-0.55,0.09365525,0.17090525,0.07725,11.2101607,9.90436537,11.5819671,10.5950929,0.986874202,R023,P00216,S000,S110,14,R008,P02721,S202,S312,33
0,-0.55,0.04365525,0.12090525,0.07725,12.0553356,10.7495403,12.4271421,11.4402679,0.986874202,R023,P00216,S000,S110,14,R009,P02725,S202,S312,31
-4,-0.5,8.58825844,18.3014487,9.71319022,-132.378355,-296.565254,-132.006548,-295.874527,163.867979,R007,P00015,S111,S101,5,R050,P32193,S222,S221,12
-3.95,-0.5,8.43825844,18.0014487,9.56319022,-129.84283,-291.494205,-129.471023,-290.803477,161.332454,R007,P00015,S111,S101,5,R050,P32193,S222,S221,12
-3.9,-0.5,8.28825844,17.7014487,9.41319022,-127.307305,-286.423155,-126.935499,-285.732428,158.796929,R007,P00015,S111,S101,5,R050,P32193,S222,S221,12
-3.85,-0.5,8.13825844,17.4014487,9.26319022,-124.77178,-281.352105,-124.399974,-280.661378,156.261404,R007,P00015,S111,S101,5,R050,P32193,S222,S221,12
-3.8,-0.5,7.98825844,17.1014487,9.11319022,-122.236255,-276.281056,-121.864449,-275.590328,153.725879,R007,P00015,S111,S101,5,R050,P32193,S222,S221,12
-3.75,-0.5,7.83825844,16.8014487,8.96319022,-119.700731,-271.210006,-119.328924,-270.519279,151.190355,R007,P00015,S111,S101,5,R050,P32193,S222,S221,12
-3.7,-0.5,7.68825844,16.5014487,8.81319022,-117.165206,-266.138957,-116.793399,-265.448229,148.65483,R007,P00015,S111,S101,5,R050,P32193,S222,S221,12
-3.65,-0.5,7.53825844,16.2014487,8.66319022,-114.629681,-261.067907,-114.257874,-260.377179,146.119305,R007,P00015,S111,S101,5,R050,P32193,S222,S221,12
-3.6,-0.5,7.38825844,15.9014487,8.51319022,-112.094156,-255.996857,-111.72235,-255.30613,143.58378,R007,P00015,S111,S101,5,R050,P32193,S222,S221,12
-3.55,-0.5,7.23825844,15.6014487,8.36319022,-109.558631,-250.925808,-109.186825,-250.23508,141.048255,R007,P00015,S111,S101,5,R050,P32193,S222,S221,12
-3.5,-0.5,7.08825844,15.3014487,8.21319022,-107.023106,-245.854758,-106.6513,-245.16403,138.51273,R007,P00015,S111,S101,5,R050,P32193,S222,S221,12
-3.45,-0.5,6.93825844,15.0014487,8.06319022,-104.487582,-240.783708,-104.115775,-240.092981,135.977206,R007,P00015,S111,S101,5,R050,P32193,S222,S221,12
-3.4,-0.5,6.78825844,14.7014487,7.91319022,-101.952057,-235.712659,-101.58025,-235.021931,133.441681,R007,P00015,S111,S101,5,R050,P32193,S222,S221,12
-3.35,-0.5,6.63825844,14.4014487,7.76319022,-99.4165319,-230.641609,-99.0447254,-229.950881,130.906156,R007,P00015,S111,S101,5,R050,P32193,S222,S221,12
-3.3,-0.5,6.48825844,14.1014487,7.61319022,-96.881007,-225.570559,-96.5092006,-224.879832,128.370631,R007,P00015,S111,S101,5,R050,P32193,S222,S221,12
-3.25,-0.5,6.33825844,13.8014487,7.46319022,-94.3454822,-220.49951,-93.9736758,-219.808782,125.835106,R007,P00015,S111,S101,5,R050,P32193,S222,S221,12
-3.2,-0.5,6.18825844,13.5014487,7.31319022,-91.8099574,-215.42846,-91.4381509,-214.737732,123.299581,R007,P00015,S111,S101,5,R050,P32193,S222,S221,12
-3.15,-0.5,6.03825844,13.2014487,7.16319022,-89.2744326,-210.35741,-88.9026261,-209.666683,120.764057,R007,P00015,S111,S101,5,R050,P32193,S222,S221,12
-3.1,-0.5,5.88825844,12.9014487,7.01319022,-86.7389077,-205.286361,-86.3671013,-204.595633,118.228532,R007,P00015,S111,S101,5,R050,P32193,S222,S221,12
-3.05,-0.5,5.73825844,12.6014487,6.86319022,-84.2033829,-200.215311,-83.8315764,-199.524583,115.693007,R007,P00015,S111,S101,5,R050,P32193,S222,S221,12
-3,-0.5,5.58825844,12.3014487,6.71319022,-81.6678581,-195.144261,-81.2960516,-194.453534,113.157482,R007,P00015,S111,S101,5,R050,P32193,S222,S221,12
-2.95,-0.5,5.43825844,12.0014487,6.56319022,-79.1323332,-190.073212,-78.7605268,-189.382484,110.621957,R007,P00015,S000,S212,5,R050,P32193,S222,S221,12
-2.9,-0.5,5.28825844,11.7014487,6.41319022,-76.5968084,-185.002162,-76.225002,-184.311434,108.086432,R007,P00015,S000,S212,5,R050,P32193,S222,S221,12
-2.85,-0.5,5.13825844,11.4014487,6.26319022,-74.0612836,-179.931112,-73.6894771,-179.240385,105.550908,R007,P00015,S000,S212,5,R050,P32193,S222,S221,12
-2.8,-0.5,4.98825844,11.1014487,6.11319022,-71.5257588,-174.860063,-71.1539523,-174.169335,103.015383,R007,P00015,S000,S212,5,R050,P32193,S222,S221,12
-2.75,-0.5,4.86924319,10.8014487,5.93220547,-69.5139846,-169.789013,-69.1421781,-169.098285,99.9561073,R007,P00015,S000,S212,6,R050,P32193,S222,S221,12
-2.7,-0.5,4.76924319,10.5014487,5.73220547,-67.8236347,-164.717963,-67.4518283,-164.027236,96.5754075,R007,P00015,S000,S212,6,R050,P32193,S222,S221,12
-2.65,-0.5,4.66924319,10.2014487,5.53220547,-66.1332848,-159.646914,-65.7614784,-158.956186,93.1947078,R007,P00015,S000,S212,6,R050,P32193,S222,S221,12
-2.6,-0.5,4.56924319,9.90144866,5.33220547,-64.4429349,-154.575864,-64.0711285,-153.885136,89.814008,R007,P00015,S000,S212,6,R050,P32193,S222,S221,12
-2.55,-0.5,4.46924319,9.60144866,5.13220547,-62.7525851,-149.504814,-62.3807786,-148.814087,86.4333082,R003,P00003,S000,S212,9,R050,P32193,S222,S221,12
-2.5,-0.5,4.36924319,9.30144866,4.93220547,-61.0622352,-144.433765,-60.6904287,-143.743037,83.0526085,R003,P00003,S000,S212,9,R050,P32193,S222,S221,12
-2.45,-0.5,4.26924319,9.00144866,4.73220547,-59.3718853,-139.362715,-59.0000788,-138.671988,79.6719087,R003,P00003,S000,S212,11,R050,P32193,S222,S221,12
-2.4,-0.5,4.16924319,8.70144866,4.53220547,-57.6815354,-134.291665,-57.3097289,-133.600938,76.2912089,R003,P00003,S000,S212,11,R050,P32193,S222,S221,12
-2.35,-0.5,4.06924319,8.40144866,4.33220547,-55.9911855,-129.220616,-55.6193791,-128.529888,72.9105091,R003,P00003,S000,S212,13,R050,P32193,S222,S221,12
-2.3,-0.5,3.96924319,8.10144866,4.13220547,-54.3008356,-124.149566,-53.9290292,-123.458839,69.5298094,R003,P00003,S000,S212,13,R050,P32193,S222,S221,4
-2.25,-0.5,3.86924319,7.80144866,3.93220547,-52.6104857,-119.078516,-52.2386793,-118.387789,66.1491096,R003,P00003,S000,S212,13,R050,P32193,S222,S221,4
-2.2,-0.5,3.76924319,7.50144866,3.73220547,-50.9201359,-114.007467,-50.5483294,-113.316739,62.7684098,R003,P00003,S000,S212,13,R050,P32193,S222,S221,4
-2.15,-0.5,3.66924319,7.24230144,3.57305825,-49.229786,-109.626972,-48.8579795,-108.936244,60.078265,R003,P00003,S000,S212,17,R046,P31982,S222,S100,28
-2.1,-0.5,3.56924319,6.99230144,3.42305825,-47.5394361,-105.401097,-47.1676296,-104.71037,57.5427402,R003,P00003,S000,S212,17,R046,P31982,S222,S100,28
-2.05,-0.5,3.46924319,6.74230144,3.27305825,-45.8490862,-101.175223,-45.4772797,-100.484495,55.0072153,R003,P00003,S000,S212,17,R046,P31982,S222,S100,28
-2,-0.5,3.36924319,6.49230144,3.12305825,-44.1587363,-96.9493479,-43.7869298,-96.2586204,52.4716905,R003,P00003,S000,S212,17,R046,P31982,S222,S100,28
-1.95,-0.5,3.26924319,6.19642866,2.92718547,-42.4683864,-91.9480627,-42.09658,-91.2573351,49.1607552,R003,P00003,S000,S212,20,R016,P06757,S001,S000,20
-1.9,-0.5,3.14456469,5.89642866,2.75186397,-40.3608835,-86.877013,-39.9890771,-86.1862855,46.1972084,R005,P00009,S000,S312,2,R016,P06757,S001,S000,20
-1.85,-0.5,2.99456469,5.59642866,2.60186397,-37.8253587,-81.8059633,-37.4535522,-81.1152358,43.6616836,R005,P00009,S000,S312,2,R016,P06757,S001,S000,20
-1.8,-0.5,2.84456469,5.29754341,2.45297872,-35.2898339,-76.7537569,-34.9180274,-76.0630293,41.1450019,R005,P00009,S000,S312,2,R016,P06757,S001,S534,20
-1.75,-0.5,2.69456469,5.00740866,2.31284397,-32.7543091,-71.8494644,-32.3825026,-71.1587369,38.7762343,R005,P00009,S000,S312,2,R039,P30311,S212,S211,112
-1.7,-0.5,2.54456469,4.70740866,2.16284397,-30.2187842,-66.7784148,-29.8469778,-66.0876872,36.2407095,R005,P00009,S000,S312,2,R039,P30311,S212,S211,56
-1.65,-0.5,2.39456469,4.40740866,2.01284397,-27.6832594,-61.7073651,-27.3114529,-61.0166376,33.7051847,R005,P00009,S000,S312,2,R039,P30311,S212,S211,56
-1.6,-0.5,2.24456469,4.11043519,1.8658705,-25.1477346,-56.6874744,-24.7759281,-55.9967469,31.2208188,R005,P00009,S000,S312,2,R039,P30311,S212,S100,56
-1.55,-0.5,2.09456469,3.86043519,1.7658705,-22.6122097,-52.4615997,-22.2404033,-51.7708722,29.5304689,R005,P00009,S000,S312,2,R039,P30311,S212,S100,56
-1.5,-0.5,1.94456469,3.61043519,1.6658705,-20.0766849,-48.235725,-19.7048784,-47.5449975,27.840119,R005,P00009,S000,S312,2,R041,P30518,S212,S100,14
-1.45,-0.5,1.79456469,3.36043519,1.5658705,-17.5411601,-44.0098503,-17.1693536,-43.3191227,26.1497691,R005,P00009,S000,S312,2,R041,P30518,S212,S100,14
-1.4,-0.5,1.64456469,3.11043519,1.4658705,-15.0056352,-39.7839756,-14.6338288,-39.093248,24.4594192,R005,P00009,S000,S312,1,R041,P30518,S212,S100,14
-1.35,-0.5,1.49456469,2.86043519,1.3658705,-12.4701104,-35.5581009,-12.098304,-34.8673733,22.7690694,R005,P00009,S000,S312,1,R035,P26753,S212,S100,28
-1.3,-0.5,1.34456469,2.61043519,1.2658705,-9.93458559,-31.3322261,-9.56277913,-30.6414986,21.0787195,R005,P00009,S000,S312,1,R035,P26753,S212,S100,28
-1.25,-0.5,1.19456469,2.36043519,1.1658705,-7.39906076,-27.1063514,-7.0272543,-26.4156239,19.3883696,R005,P00009,S000,S312,1,R035,P26753,S212,S100,28
-1.2,-0.5,1.04456469,2.11043519,1.0658705,-4.86353593,-22.8804767,-4.49172947,-22.1897492,17.6980197,R005,P00009,S000,S312,1,R035,P26753,S212,S100,28
-1.15,-0.5,0.894564687,1.83705866,0.942493969,-2.3280111,-18.2594568,-1.95620464,-17.5687293,15.6125246,R005,P00009,S000,S312,1,R043,P31028,S322,S321,77
-1.1,-0.5,0.744564687,1.57317369,0.828609,0.207513728,-13.7988776,0.579320187,-13.10815,13.6874702,R005,P00009,S000,S312,1,R043,P31028,S000,S432,77
-1.05,-0.5,0.649869719,1.41228022,0.7624105,1.80819001,-11.079215,2.17999647,-10.3884875,12.5684839,R005,P00009,S000,S101,1,R043,P31028,S000,S321,77
-1,-0.5,0.599869719,1.31895525,0.71908553,2.65336496,-9.50169648,3.02517141,-8.81096894,11.8361404,R005,P00009,S000,S101,1,R043,P31028,S322,S432,77
-0.95,-0.5,0.58278,1.26895525,0.686175249,2.942241,-8.65652154,3.31404746,-7.965794,11.2798415,R005,P00009,S000,S001,1,R043,P31028,S322,S432,77
-0.9,-0.5,0.58278,1.21895525,0.636175249,2.942241,-7.8113466,3.31404746,-7.12061905,10.4346665,R005,P00009,S000,S001,1,R037,P27404,S322,S432,120
-0.85,-0.5,0.58278,1.16895525,0.586175249,2.942241,-6.96617165,3.31404746,-6.27544411,9.58949157,R005,P00009,S000,S001,6,R037,P27404,S322,S432,120
-0.8,-0.5,0.58278,1.11895525,0.536175249,2.942241,-6.12099671,3.31404746,-5.43026917,8.74431663,R005,P00009,S000,S001,6,R037,P27404,S322,S432,120
-0.75,-0.5,0.58278,1.06895525,0.486175249,2.942241,-5.27582177,3.31404746,-4.58509422,7.89914168,R005,P00009,S000,S001,22,R037,P27404,S322,S432,120
-0.7,-0.5,0.58278,0.981810499,0.399030499,2.942241,-3.80277058,3.31404746,-3.11204304,6.4260905,R005,P00009,S000,S001,22,R038,P27436,S202,S422,48
-0.65,-0.5,0.58278,0.881810499,0.299030499,2.942241,-2.1124207,3.31404746,-1.42169315,4.73574061,R005,P00009,S000,S001,22,R038,P27436,S202,S422,48
-0.6,-0.5,0.58278,0.781810499,0.199030499,2.942241,-0.422070812,3.31404746,0.268656732,3.04539073,R005,P00009,S000,S001,32,R038,P27436,S202,S422,53
-0.55,-0.5,0.58278,0.72090525,0.13812525,2.942241,0.607440995,3.31404746,1.29816854,2.01587892,R005,P00009,S000,S001,32,R038,P27436,S202,S312,53
-0.5,-0.5,0.58278,0.67090525,0.08812525,2.942241,1.45261594,3.31404746,2.14334348,1.17070398,R005,P00009,S000,S001,32,R038,P27436,S202,S312,53
-0.45,-0.5,0.54365525,0.62090525,0.07725,3.60358617,2.29779088,3.97539263,2.98851842,0.986874202,R022,P00213,S000,S110,7,R038,P27436,S202,S312,53
-0.4,-0.5,0.49365525,0.57090525,0.07725,4.44876111,3.14296582,4.82056757,3.83369337,0.986874202,R023,P00216,S000,S110,5,R038,P27436,S202,S312,53
-0.35,-0.5,0.44365525,0.52090525,0.07725,5.29393605,3.98814077,5.66574251,4.67886831,0.986874202,R023,P00216,S000,S110,5,R038,P27436,S202,S312,53
-0.3,-0.5,0.39365525,0.47090525,0.07725,6.139111,4.83331571,6.51091746,5.52404325,0.986874202,R023,P00216,S000,S110,5,R007,P02719,S202,S312,106
-0.25,-0.5,0.34365525,0.42090525,0.07725,6.98428594,5.67849065,7.3560924,6.3692182,0.986874202,R023,P00216,S000,S110,5,R007,P02719,S202,S312,106
-0.2,-0.5,0.29365525,0.37090525,0.07725,7.82946088,6.5236656,8.20126734,7.21439314,0.986874202,R023,P00216,S000,S110,5,R007,P02719,S202,S312,106
-0.15,-0.5,0.24365525,0.32090525,0.07725,8.67463583,7.36884054,9.04644228,8.05956808,0.986874202,R023,P00216,S000,S110,10,R007,P02719,S202,S312,106
-0.1,-0.5,0.19365525,0.27090525,0.07725,9.51981077,8.21401548,9.89161723,8.90474303,0.986874202,R023,P00216,S000,S110,14,R007,P02719,S202,S312,106
-0.05,-0.5,0.14365525,0.22090525,0.07725,10.3649857,9.05919043,10.7367922,9.74991797,0.986874202,R023,P00216,S000,S110,14,R008,P02721,S202,S312,86
0,-0.5,0.09365525,0.17090525,0.07725,11.2101607,9.90436537,11.5819671,10.5950929,0.986874202,R023,P00216,S000,S110,14,R009,P02725,S202,S312,62
-4,-0.45,8.73825844,18.5764487,9.83819022,-134.913879,-301.213717,-134.542073,-300.522989,165.980916,R007,P00015,S111,S101,6,R050,P32193,S222,S221,12
-3.95,-0.45,8.58825844,18.2764487,9.68819022,-132.378355,-296.142667,-132.006548,-295.451939,163.445391,R007,P00015,S111,S101,6,R050,P32193,S222,S221,12
-3.9,-0.45,8.43825844,17.9764487,9.53819022,-129.84283,-291.071617,-129.471023,-290.38089,160.909866,R007,P00015,S111,S101,6,R050,P32193,S222,S221,12
-3.85,-0.45,8.28825844,17.6764487,9.38819022,-127.307305,-286.000568,-126.935499,-285.30984,158.374342,R007,P00015,S111,S101,6,R050,P32193,S222,S221,12
-3.8,-0.45,8.13825844,17.3764487,9.23819022,-124.77178,-280.929518,-124.399974,-280.23879,155.838817,R007,P00015,S111,S101,6,R050,P32193,S222,S221,12
-3.75,-0.45,7.98825844,17.0764487,9.08819022,-122.236255,-275.858468,-121.864449,-275.167741,153.303292,R007,P00015,S111,S101,6,R050,P32193,S222,S221,12
-3.7,-0.45,7.83825844,16.7764487,8.93819022,-119.700731,-270.787419,-119.328924,-270.096691,150.767767,R007,P00015,S111,S101,6,R050,P32193,S222,S221,12
-3.65,-0.45,7.68825844,16.4764487,8.78819022,-117.165206,-265.716369,-116.793399,-265.025641,148.232242,R007,P00015,S111,S101,6,R050,P32193,S222,S221,12
-3.6,-0.45,7.53825844,16.1764487,8.63819022,-114.629681,-260.645319,-114.257874,-259.954592,145.696717,R007,P00015,S111,S101,6,R050,P32193,S222,S221,12
-3.55,-0.45,7.38825844,15.8764487,8.48819022,-112.094156,-255.57427,-111.72235,-254.883542,143.161193,R007,P00015,S111,S101,6,R050,P32193,S222,S221,12
-3.5,-0.45,7.23825844,15.5764487,8.33819022,-109.558631,-250.50322,-109.186825,-249.812493,140.625668,R007,P00015,S111,S101,6,R050,P32193,S222,S221,12
-3.45,-0.45,7.08825844,15.2764487,8.18819022,-107.023106,-245.43217,-106.6513,-244.741443,138.090143,R007,P00015,S111,S101,6,R050,P32193,S222,S221,12
-3.4,-0.45,6.93825844,14.9764487,8.03819022,-104.487582,-240.361121,-104.115775,-239.670393,135.554618,R007,P00015,S111,S101,6,R050,P32193,S222,S221,12
-3.35,-0.45,6.78825844,14.6764487,7.88819022,-101.952057,-235.290071,-101.58025,-234.599344,133.019093,R007,P00015,S111,S101,6,R050,P32193,S222,S221,12
-3.3,-0.45,6.63825844,14.3764487,7.73819022,-99.4165319,-230.219021,-99.0447254,-229.528294,130.483568,R007,P00015,S111,S101,6,R050,P32193,S222,S221,12
-3.25,-0.45,6.48825844,14.0764487,7.58819022,-96.881007,-225.147972,-96.5092006,-224.457244,127.948044,R007,P00015,S111,S101,6,R050,P32193,S222,S221,12
-3.2,-0.45,6.33825844,13.7764487,7.43819022,-94.3454822,-220.076922,-93.9736758,-219.386195,125.412519,R007,P00015,S111,S101,6,R050,P32193,S222,S221,12
-3.15,-0.45,6.18825844,13.4764487,7.28819022,-91.8099574,-215.005872,-91.4381509,-214.315145,122.876994,R007,P00015,S111,S101,6,R050,P32193,S222,S221,12
-3.1,-0.45,6.03825844,13.1764487,7.13819022,-89.2744326,-209.934823,-88.9026261,-209.244095,120.341469,R007,P00015,S111,S101,6,R050,P32193,S222,S221,12
-3.05,-0.45,5.88825844,12.8764487,6.98819022,-86.7389077,-204.863773,-86.3671013,-204.173046,117.805944,R007,P00015,S111,S101,6,R050,P32193,S222,S221,12
-3,-0.45,5.73825844,12.5764487,6.83819022,-84.2033829,-199.792723,-83.8315764,-199.101996,115.270419,R007,P00015,S111,S101,6,R050,P32193,S222,S221,12
-2.95,-0.45,5.58825844,12.2764487,6.68819022,-81.6678581,-194.721674,-81.2960516,-194.030946,112.734895,R007,P00015,S000,S212,6,R050,P32193,S222,S221,12
-2.9,-0.45,5.43825844,11.9764487,6.53819022,-79.1323332,-189.650624,-78.7605268,-188.959897,110.19937,R007,P00015,S000,S212,6,R050,P32193,S222,S221,12
-2.85,-0.45,5.28825844,11.6764487,6.38819022,-76.5968084,-184.579575,-76.225002,-183.888847,107.663845,R007,P00015,S000,S212,6,R050,P32193,S222,S221,12
-2.8,-0.45,5.13825844,11.3764487,6.23819022,-74.0612836,-179.508525,-73.6894771,-178.817797,105.12832,R007,P00015,S000,S212,6,R050,P32193,S222,S221,12
-2.75,-0.45,4.98825844,11.0764487,6.08819022,-71.5257588,-174.437475,-71.1539523,-173.746748,102.592795,R007,P00015,S000,S212,6,R050,P32193,S222,S221,12
-2.7,-0.45,4.86924319,10.7764487,5.90720547,-69.5139846,-169.366426,-69.1421781,-168.675698,99.5335198,R007,P00015,S000,S212,6,R050,P32193,S222,S221,12
-2.65,-0.45,4.76924319,10.4764487,5.70720547,-67.8236347,-164.295376,-67.4518283,-163.604648,96.1528201,R007,P00015,S000,S212,6,R050,P32193,S222,S221,12
-2.6,-0.45,4.66924319,10.1764487,5.50720547,-66.1332848,-159.224326,-65.7614784,-158.533599,92.7721203,R007,P00015,S000,S212,6,R050,P32193,S222,S221,12
-2.55,-0.45,4.56924319,9.87644866,5.30720547,-64.4429349,-154.153277,-64.0711285,-153.462549,89.3914205,R003,P00003,S000,S212,9,R050,P32193,S222,S221,12
-2.5,-0.45,4.46924319,9.57644866,5.10720547,-62.7525851,-149.082227,-62.3807786,-148.391499,86.0107208,R003,P00003,S000,S212,9,R050,P32193,S222,S221,12
-2.45,-0.45,4.36924319,9.27644866,4.90720547,-61.0622352,-144.011177,-60.6904287,-143.32045,82.630021,R003,P00003,S000,S212,11,R050,P32193,S222,S221,12
-2.4,-0.45,4.26924319,8.97644866,4.70720547,-59.3718853,-138.940128,-59.0000788,-138.2494,79.2493212,R003,P00003,S000,S212,11,R050,P32193,S222,S221,12
-2.35,-0.45,4.16924319,8.67644866,4.50720547,-57.6815354,-133.869078,-57.3097289,-133.17835,75.8686214,R003,P00003,S000,S212,13,R050,P32193,S222,S221,12
-2.3,-0.45,4.06924319,8.37644866,4.30720547,-55.9911855,-128.798028,-55.6193791,-128.107301,72.4879217,R003,P00003,S000,S212,13,R050,P32193,S222,S221,12
-2.25,-0.45,3.96924319,8.07644866,4.10720547,-54.3008356,-123.726979,-53.9290292,-123.036251,69.1072219,R003,P00003,S000,S212,13,R050,P32193,S222,S221,12
-2.2,-0.45,3.86924319,7.77644866,3.90720547,-52.6104857,-118.655929,-52.2386793,-117.965201,65.7265221,R003,P00003,S000,S212,13,R050,P32193,S222,S221,4
-2.15,-0.45,3.76924319,7.47644866,3.70720547,-50.9201359,-113.584879,-50.5483294,-112.894152,62.3458224,R003,P00003,S000,S212,13,R050,P32193,S222,S221,4
-2.1,-0.45,3.66924319,7.17644866,3.50720547,-49.229786,-108.51383,-48.8579795,-107.823102,58.9651226,R003,P00003,S000,S212,17,R050,P32193,S222,S221,4
-2.05,-0.45,3.56924319,6.89230144,3.32305825,-47.5394361,-103.710747,-47.1676296,-103.02002,55.8523903,R003,P00003,S000,S212,17,R050,P32193,S222,S100,4
-2,-0.45,3.46924319,6.64230144,3.17305825,-45.8490862,-99.4848727,-45.4772797,-98.7941452,53.3168654,R003,P00003,S000,S212,17,R046,P31982,S222,S100,28
-1.95,-0.45,3.36924319,6.39230144,3.02305825,-44.1587363,-95.258998,-43.7869298,-94.5682705,50.7813406,R003,P00003,S000,S212,20,R046,P31982,S222,S100,28
-1.9,-0.45,3.24456469,6.14230144,2.89773675,-42.0512334,-91.0331233,-41.679427,-90.3423957,48.6629688,R005,P00009,S000,S312,2,R046,P31982,S222,S100,28
-1.85,-0.45,3.09456469,5.87142866,2.77686397,-39.5157086,-86.4544255,-39.1439021,-85.763698,46.6197959,R005,P00009,S000,S312,2,R014,P06106,S001,S000,24
-1.8,-0.45,2.94456469,5.57142866,2.62686397,-36.9801838,-81.3833759,-36.6083773,-80.6926483,44.084271,R005,P00009,S000,S312,2,R014,P06106,S001,S000,24
-1.75,-0.45,2.79456469,5.27254341,2.47797872,-34.4446589,-76.3311694,-34.0728525,-75.6404418,41.5675894,R005,P00009,S000,S312,2,R014,P06106,S001,S534,24
-1.7,-0.45,2.64456469,4.98240866,2.33784397,-31.9091341,-71.426877,-31.5373276,-70.7361494,39.1988218,R005,P00009,S000,S312,2,R039,P30311,S212,S211,56
-1.65,-0.45,2.49456469,4.68240866,2.18784397,-29.3736093,-66.3558273,-29.0018028,-65.6650998,36.663297,R005,P00009,S000,S312,2,R039,P30311,S212,S211,56
-1.6,-0.45,2.34456469,4.38240866,2.03784397,-26.8380844,-61.2847777,-26.466278,-60.5940501,34.1277721,R005,P00009,S000,S312,2,R039,P30311,S212,S211,56
-1.55,-0.45,2.19456469,4.08240866,1.88784397,-24.3025596,-56.213728,-23.9307532,-55.5230005,31.5922473,R005,P00009,S000,S312,2,R039,P30311,S212,S211,56
-1.5,-0.45,2.04456469,3.81043519,1.7658705,-21.7670348,-51.6164248,-21.3952283,-50.9256972,29.5304689,R005,P00009,S000,S312,2,R039,P30311,S212,S100,56
-1.45,-0.45,1.89456469,3.56043519,1.6658705,-19.23151,-47.3905501,-18.8597035,-46.6998225,27.840119,R005,P00009,S000,S312,2,R039,P30311,S212,S100,62
-1.4,-0.45,1.74456469,3.31043519,1.5658705,-16.6959851,-43.1646753,-16.3241787,-42.4739478,26.1497691,R005,P00009,S000,S312,1,R041,P30518,S212,S100,14
-1.35,-0.45,1.59456469,3.06043519,1.4658705,-14.1604603,-38.9388006,-13.7886538,-38.2480731,24.4594192,R005,P00009,S000,S312,1,R041,P30518,S212,S100,14
-1.3,-0.45,1.44456469,2.81043519,1.3658705,-11.6249355,-34.7129259,-11.253129,-34.0221984,22.7690694,R005,P00009,S000,S312,1,R035,P26753,S212,S100,28
-1.25,-0.45,1.29456469,2.56043519,1.2658705,-9.08941064,-30.4870512,-8.71760419,-29.7963237,21.0787195,R005,P00009,S000,S312,1,R035,P26753,S212,S100,28
-1.2,-0.45,1.14456469,2.31043519,1.1658705,-6.55388582,-26.2611765,-6.18207936,-25.5704489,19.3883696,R005,P00009,S000,S312,1,R035,P26753,S212,S100,28
-1.15,-0.45,0.994564687,2.06043519,1.0658705,-4.01836099,-22.0353018,-3.64655453,-21.3445742,17.6980197,R005,P00009,S000,S312,1,R035,P26753,S212,S100,28
-1.1,-0.45,0.844564687,1.81205866,0.967493969,-1.48283616,-17.8368694,-1.1110297,-17.1461418,16.0351121,R005,P00009,S000,S312,1,R043,P31028,S322,S321,77
-1.05,-0.45,0.694564687,1.57317369,0.878609,1.05268867,-13.7988776,1.42449513,-13.10815,14.5326451,R005,P00009,S000,S312,1,R037,P27404,S000,S432,84
-1,-0.45,0.624869719,1.38728022,0.7624105,2.23077748,-10.6566275,2.60258394,-9.96589999,12.5684839,R005,P00009,S000,S101,1,R043,P31028,S000,S321,77
-0.95,-0.45,0.60778,1.31895525,0.711175249,2.51965353,-9.50169648,2.89145999,-8.81096894,11.7024289,R005,P00009,S000,S001,1,R043,P31028,S322,S432,77
-0.9,-0.45,0.60778,1.26895525,0.661175249,2.51965353,-8.65652154,2.89145999,-7.965794,10.857254,R005,P00009,S000,S001,1,R037,P27404,S322,S432,84
-0.85,-0.45,0.60778,1.21895525,0.611175249,2.51965353,-7.8113466,2.89145999,-7.12061905,10.012079,R005,P00009,S000,S001,2,R037,P27404,S322,S432,120
-0.8,-0.45,0.60778,1.16895525,0.561175249,2.51965353,-6.96617165,2.89145999,-6.27544411,9.1669041,R005,P00009,S000,S001,6,R037,P27404,S322,S432,120
-0.75,-0.45,0.60778,1.11895525,0.511175249,2.51965353,-6.12099671,2.89145999,-5.43026917,8.32172915,R005,P00009,S000,S001,12,R037,P27404,S322,S432,120
-0.7,-0.45,0.60778,1.06895525,0.461175249,2.51965353,-5.27582177,2.89145999,-4.58509422,7.47655421,R005,P00009,S000,S001,22,R037,P27404,S322,S432,120
-0.65,-0.45,0.60778,0.981810499,0.374030499,2.51965353,-3.80277058,2.89145999,-3.11204304,6.00350303,R005,P00009,S000,S001,22,R038,P27436,S202,S422,48
-0.6,-0.45,0.60778,0.881810499,0.274030499,2.51965353,-2.1124207,2.89145999,-1.42169315,4.31315314,R005,P00009,S000,S001,22,R038,P27436,S202,S422,48
-0.55,-0.45,0.60778,0.781810499,0.174030499,2.51965353,-0.422070812,2.89145999,0.268656732,2.62280326,R005,P00009,S000,S001,32,R038,P27436,S202,S422,53
-0.5,-0.45,0.60778,0.72090525,0.11312525,2.51965353,0.607440995,2.89145999,1.29816854,1.59329145,R005,P00009,S000,S001,32,R038,P27436,S202,S312,53
-0.45,-0.45,0.59365525,0.67090525,0.07725,2.75841122,1.45261594,3.13021768,2.14334348,0.986874202,R022,P00213,S000,S110,7,R038,P27436,S202,S312,53
-0.4,-0.45,0.54365525,0.62090525,0.07725,3.60358617,2.29779088,3.97539263,2.98851842,0.986874202,R022,P00213,S000,S110,7,R038,P27436,S202,S312,53
-0.35,-0.45,0.49365525,0.57090525,0.07725,4.44876111,3.14296582,4.82056757,3.83369337,0.986874202,R023,P00216,S000,S110,5,R038,P27436,S202,S312,53
-0.3,-0.45,0.44365525,0.52090525,0.07725,5.29393605,3.98814077,5.66574251,4.67886831,0.986874202,R023,P00216,S000,S110,5,R007,P02719,S202,S312,106
-0.25,-0.45,0.39365525,0.47090525,0.07725,6.139111,4.83331571,6.51091746,5.52404325,0.986874202,R023,P00216,S000,S110,5,R007,P02719,S202,S312,106
-0.2,-0.45,0.34365525,0.42090525,0.07725,6.98428594,5.67849065,7.3560924,6.3692182,0.986874202,R023,P00216,S000,S110,5,R007,P02719,S202,S312,106
-0.15,-0.45,0.29365525,0.37090525,0.07725,7.82946088,6.5236656,8.20126734,7.21439314,0.986874202,R023,P00216,S000,S110,10,R007,P02719,S202,S312,106
-0.1,-0.45,0.24365525,0.32090525,0.07725,8.67463583,7.36884054,9.04644228,8.05956808,0.986874202,R023,P00216,S000,S110,10,R007,P02719,S202,S312,106
-0.05,-0.45,0.19365525,0.27090525,0.07725,9.51981077,8.21401548,9.89161723,8.90474303,0.986874202,R023,P00216,S000,S110,14,R008,P02721,S202,S312,86
0,-0.45,0.14365525,0.22090525,0.07725,10.3649857,9.05919043,10.7367922,9.74991797,0.986874202,R023,P00216,S000,S110,14,R009,P02725,S202,S312,62
-4,-0.4,8.88825844,18.8514487,9.96319022,-137.449404,-305.862179,-137.077598,-305.171451,168.093853,R007,P00015,S111,S101,6,R050,P32193,S222,S221,12
-3.95,-0.4,8.73825844,18.5514487,9.81319022,-134.913879,-300.791129,-134.542073,-300.100402,165.558329,R007,P00015,S111,S101,6,R050,P32193,S222,S221,12
-3.9,-0.4,8.58825844,18.2514487,9.66319022,-132.378355,-295.72008,-132.006548,-295.029352,163.022804,R007,P00015,S111,S101,6,R050,P32193,S222,S221,12
-3.85,-0.4,8.43825844,17.9514487,9.51319022,-129.84283,-290.64903,-129.471023,-289.958302,160.487279,R007,P00015,S111,S101,6,R050,P32193,S222,S221,12
-3.8,-0.4,8.28825844,17.6514487,9.36319022,-127.307305,-285.57798,-126.935499,-284.887253,157.951754,R007,P00015,S111,S101,6,R050,P32193,S222,S221,12
-3.75,-0.4,8.13825844,17.3514487,9.21319022,-124.77178,-280.506931,-124.399974,-279.816203,155.416229,R007,P00015,S111,S101,6,R050,P32193,S222,S221,12
-3.7,-0.4,7.98825844,17.0514487,9.06319022,-122.236255,-275.435881,-121.864449,-274.745153,152.880704,R007,P00015,S111,S101,6,R050,P32193,S222,S221,12
-3.65,-0.4,7.83825844,16.7514487,8.91319022,-119.700731,-270.364831,-119.328924,-269.674104,150.34518,R007,P00015,S111,S101,6,R050,P32193,S222,S221,12
-3.6,-0.4,7.68825844,16.4514487,8.76319022,-117.165206,-265.293782,-116.793399,-264.603054,147.809655,R007,P00015,S111,S101,6,R050,P32193,S222,S221,12
-3.55,-0.4,7.53825844,16.1514487,8.61319022,-114.629681,-260.222732,-114.257874,-259.532004,145.27413,R007,P00015,S111,S101,6,R050,P32193,S222,S221,12
-3.5,-0.4,7.38825844,15.8514487,8.46319022,-112.094156,-255.151682,-111.72235,-254.460955,142.738605,R007,P00015,S111,S101,6,R050,P32193,S222,S221,12
-3.45,-0.4,7.23825844,15.5514487,8.31319022,-109.558631,-250.080633,-109.186825,-249.389905,140.20308,R007,P00015,S111,S101,6,R050,P32193,S222,S221,12
-3.4,-0.4,7.08825844,15.2514487,8.16319022,-107.023106,-245.009583,-106.6513,-244.318855,137.667555,R007,P00015,S111,S101,6,R050,P32193,S222,S221,12
-3.35,-0.4,6.93825844,14.9514487,8.01319022,-104.487582,-239.938533,-104.115775,-239.247806,135.132031,R007,P00015,S111,S101,6,R050,P32193,S222,S221,12
-3.3,-0.4,6.78825844,14.6514487,7.86319022,-101.952057,-234.867484,-101.58025,-234.176756,132.596506,R007,P00015,S111,S101,6,R050,P32193,S222,S221,12
-3.25,-0.4,6.63825844,14.3514487,7.71319022,-99.4165319,-229.796434,-99.0447254,-229.105706,130.060981,R007,P00015,S111,S101,6,R050,P32193,S222,S221,12
-3.2,-0.4,6.48825844,14.0514487,7.56319022,-96.881007,-224.725384,-96.5092006,-224.034657,127.525456,R007,P00015,S111,S101,6,R050,P32193,S222,S221,12
-3.15,-0.4,6.33825844,13.7514487,7.41319022,-94.3454822,-219.654335,-93.9736758,-218.963607,124.989931,R007,P00015,S111,S101,6,R050,P32193,S222,S221,12
-3.1,-0.4,6.18825844,13.4514487,7.26319022,-91.8099574,-214.583285,-91.4381509,-213.892557,122.454407,R007,P00015,S111,S101,6,R050,P32193,S222,S221,12
-3.05,-0.4,6.03825844,13.1514487,7.11319022,-89.2744326,-209.512235,-88.9026261,-208.821508,119.918882,R007,P00015,S111,S101,6,R050,P32193,S222,S221,12
-3,-0.4,5.88825844,12.8514487,6.96319022,-86.7389077,-204.441186,-86.3671013,-203.750458,117.383357,R007,P00015,S111,S101,6,R050,P32193,S222,S221,12
-2.95,-0.4,5.73825844,12.5514487,6.81319022,-84.2033829,-199.370136,-83.8315764,-198.679408,114.847832,R007,P00015,S000,S212,6,R050,P32193,S222,S221,12
-2.9,-0.4,5.58825844,12.2514487,6.66319022,-81.6678581,-194.299086,-81.2960516,-193.608359,112.312307,R007,P00015,S000,S212,6,R050,P32193,S222,S221,12
-2.85,-0.4,5.43825844,11.9514487,6.51319022,-79.1323332,-189.228037,-78.7605268,-188.537309,109.776782,R007,P00015,S000,S212,6,R050,P32193,S222,S221,12
-2.8,-0.4,5.28825844,11.6514487,6.36319022,-76.5968084,-184.156987,-76.225002,-183.466259,107.241258,R007,P00015,S000,S212,6,R050,P32193,S222,S221,12
-2.75,-0.4,5.13825844,11.3514487,6.21319022,-74.0612836,-179.085937,-73.6894771,-178.39521,104.705733,R007,P00015,S000,S212,6,R050,P32193,S222,S221,12
-2.7,-0.4,4.98825844,11.0514487,6.06319022,-71.5257588,-174.014888,-71.1539523,-173.32416,102.170208,R007,P00015,S000,S212,6,R050,P32193,S222,S221,12
-2.65,-0.4,4.86924319,10.7514487,5.88220547,-69.5139846,-168.943838,-69.1421781,-168.253111,99.1109324,R007,P00015,S000,S212,6,R050,P32193,S222,S221,12
-2.6,-0.4,4.76924319,10.4514487,5.68220547,-67.8236347,-163.872788,-67.4518283,-163.182061,95.7302326,R007,P00015,S000,S212,6,R050,P32193,S222,S221,12
-2.55,-0.4,4.66924319,10.1514487,5.48220547,-66.1332848,-158.801739,-65.7614784,-158.111011,92.3495328,R007,P00015,S000,S212,6,R050,P32193,S222,S221,12
-2.5,-0.4,4.56924319,9.85144866,5.28220547,-64.4429349,-153.730689,-64.0711285,-153.039962,88.9688331,R003,P00003,S000,S212,9,R050,P32193,S222,S221,12
-2.45,-0.4,4.46924319,9.55144866,5.08220547,-62.7525851,-148.659639,-62.3807786,-147.968912,85.5881333,R003,P00003,S000,S212,9,R050,P32193,S222,S221,12
-2.4,-0.4,4.36924319,9.25144866,4.88220547,-61.0622352,-143.58859,-60.6904287,-142.897862,82.2074335,R003,P00003,S000,S212,13,R050,P32193,S222,S221,12
-2.35,-0.4,4.26924319,8.95144866,4.68220547,-59.3718853,-138.51754,-59.0000788,-137.826813,78.8267337,R003,P00003,S000,S212,13,R050,P32193,S222,S221,12
-2.3,-0.4,4.16924319,8.65144866,4.48220547,-57.6815354,-133.44649,-57.3097289,-132.755763,75.446034,R003,P00003,S000,S212,13,R050,P32193,S222,S221,12
-2.25,-0.4,4.06924319,8.35144866,4.28220547,-55.9911855,-128.375441,-55.6193791,-127.684713,72.0653342,R003,P00003,S000,S212,13,R050,P32193,S222,S221,12
-2.2,-0.4,3.96924319,8.05144866,4.08220547,-54.3008356,-123.304391,-53.9290292,-122.613664,68.6846344,R003,P00003,S000,S212,13,R050,P32193,S222,S221,12
-2.15,-0.4,3.86924319,7.75144866,3.88220547,-52.6104857,-118.233341,-52.2386793,-117.542614,65.3039347,R003,P00003,S000,S212,13,R050,P32193,S222,S221,4
-2.1,-0.4,3.76924319,7.45144866,3.68220547,-50.9201359,-113.162292,-50.5483294,-112.471564,61.9232349,R003,P00003,S000,S212,17,R050,P32193,S222,S221,4
-2.05,-0.4,3.66924319,7.15144866,3.48220547,-49.229786,-108.091242,-48.8579795,-107.400515,58.5425351,R003,P00003,S000,S212,17,R050,P32193,S222,S221,4
-2,-0.4,3.56924319,6.85144866,3.28220547,-47.5394361,-103.020193,-47.1676296,-102.329465,55.1618353,R003,P00003,S000,S212,17,R050,P32193,S222,S221,4
-1.95,-0.4,3.46924319,6.55144866,3.08220547,-45.8490862,-97.9491428,-45.4772797,-97.2584153,51.7811356,R003,P00003,S000,S212,20,R050,P32193,S222,S221,4
-1.9,-0.4,3.34456469,6.29230144,2.94773675,-43.7415833,-93.5686481,-43.3697769,-92.8779206,49.5081437,R005,P00009,S000,S312,2,R046,P31982,S222,S100,28
-1.85,-0.4,3.19456469,6.04230144,2.84773675,-41.2060585,-89.3427734,-40.834252,-88.6520459,47.8177938,R005,P00009,S000,S312,2,R046,P31982,S222,S100,28
-1.8,-0.4,3.04456469,5.79230144,2.74773675,-38.6705337,-85.1168987,-38.2987272,-84.4261711,46.127444,R005,P00009,S000,S312,2,R046,P31982,S222,S100,28
-1.75,-0.4,2.89456469,5.54230144,2.64773675,-36.1350088,-80.891024,-35.7632024,-80.2002964,44.4370941,R005,P00009,S000,S312,2,R046,P31982,S222,S100,28
-1.7,-0.4,2.74456469,5.24754341,2.50297872,-33.599484,-75.9085819,-33.2276775,-75.2178544,41.9901768,R005,P00009,S000,S312,2,R014,P06106,S001,S534,24
-1.65,-0.4,2.59456469,4.95740866,2.36284397,-31.0639592,-71.0042895,-30.6921527,-70.313562,39.6214093,R005,P00009,S000,S312,2,R039,P30311,S212,S211,56
-1.6,-0.4,2.44456469,4.65740866,2.21284397,-28.5284343,-65.9332398,-28.1566279,-65.2425123,37.0858844,R005,P00009,S000,S312,2,R039,P30311,S212,S211,56
-1.55,-0.4,2.29456469,4.35740866,2.06284397,-25.9929095,-60.8621902,-25.621103,-60.1714626,34.5503596,R005,P00009,S000,S312,2,R039,P30311,S212,S211,56
-1.5,-0.4,2.14456469,4.05740866,1.91284397,-23.4573847,-55.7911405,-23.0855782,-55.100413,32.0148348,R005,P00009,S000,S312,2,R039,P30311,S212,S211,56
-1.45,-0.4,1.99456469,3.76043519,1.7658705,-20.9218598,-50.7712498,-20.5500534,-50.0805223,29.5304689,R005,P00009,S000,S312,2,R039,P30311,S212,S100,56
-1.4,-0.4,1.84456469,3.51043519,1.6658705,-18.386335,-46.5453751,-18.0145286,-45.8546476,27.840119,R005,P00009,S000,S312,1,R039,P30311,S212,S100,62
-1.35,-0.4,1.69456469,3.26043519,1.5658705,-15.8508102,-42.3195004,-15.4790037,-41.6287729,26.1497691,R005,P00009,S000,S312,1,R041,P30518,S212,S100,14
-1.3,-0.4,1.54456469,3.01043519,1.4658705,-13.3152854,-38.0936257,-12.9434789,-37.4028981,24.4594192,R005,P00009,S000,S312,1,R041,P30518,S212,S100,14
-1.25,-0.4,1.39456469,2.76043519,1.3658705,-10.7797605,-33.867751,-10.4079541,-33.1770234,22.7690694,R005,P00009,S000,S312,1,R035,P26753,S212,S100,28
-1.2,-0.4,1.24456469,2.51043519,1.2658705,-8.2442357,-29.6418763,-7.87242924,-28.9511487,21.0787195,R005,P00009,S000,S312,1,R035,P26753,S212,S100,28
-1.15,-0.4,1.09456469,2.26043519,1.1658705,-5.70871087,-25.4160015,-5.33690441,-24.725274,19.3883696,R005,P00009,S000,S312,1,R035,P26753,S212,S100,28
-1.1,-0.4,0.944564687,2.0142905,1.06972581,-3.17318604,-21.2552951,-2.80137959,-20.5645675,17.763188,R005,P00009,S000,S312,1,R035,P26753,S212,S432,28
-1.05,-0.4,0.794564687,1.78705866,0.992493969,-0.637661215,-17.4142819,-0.265854756,-16.7235543,16.4576996,R005,P00009,S000,S312,1,R043,P31028,S322,S321,77
-1,-0.4,0.649869719,1.57317369,0.923303968,1.80819001,-13.7988776,2.17999647,-13.10815,15.2881465,R005,P00009,S000,S101,1,R037,P27404,S000,S432,84
-0.95,-0.4,0.63278,1.37317369,0.740393687,2.09706606,-10.4181778,2.46887252,-9.72745024,12.1963228,R005,P00009,S000,S001,1,R043,P31028,S000,S432,77
-0.9,-0.4,0.63278,1.31895525,0.686175249,2.09706606,-9.50169648,2.46887252,-8.81096894,11.2798415,R005,P00009,S000,S001,1,R037,P27404,S322,S432,84
-0.85,-0.4,0.63278,1.26895525,0.636175249,2.09706606,-8.65652154,2.46887252,-7.965794,10.4346665,R005,P00009,S000,S001,2,R037,P27404,S322,S432,84
-0.8,-0.4,0.63278,1.21895525,0.586175249,2.09706606,-7.8113466,2.46887252,-7.12061905,9.58949157,R005,P00009,S000,S001,2,R037,P27404,S322,S432,120
-0.75,-0.4,0.63278,1.16895525,0.536175249,2.09706606,-6.96617165,2.46887252,-6.27544411,8.74431663,R005,P00009,S000,S001,6,R037,P27404,S322,S432,120
-0.7,-0.4,0.63278,1.11895525,0.486175249,2.09706606,-6.12099671,2.46887252,-5.43026917,7.89914168,R005,P00009,S000,S001,12,R037,P27404,S322,S432,120
-0.65,-0.4,0.63278,1.03808675,0.40530675,2.09706606,-4.75403613,2.46887252,-4.06330859,6.5321811,R005,P00009,S000,S001,22,R002,P00012,S324,S534,53
-0.6,-0.4,0.63278,0.93808675,0.30530675,2.09706606,-3.06368624,2.46887252,-2.3729587,4.84183122,R005,P00009,S000,S001,22,R002,P00012,S324,S534,33
-0.55,-0.4,0.63278,0.83808675,0.20530675,2.09706606,-1.37333636,2.46887252,-0.682608813,3.15148133,R005,P00009,S000,S001,22,R002,P00012,S324,S534,30
-0.5,-0.4,0.63278,0.73808675,0.10530675,2.09706606,0.317013529,2.46887252,1.00774107,1.46113144,R005,P00009,S000,S001,30,R002,P00012,S324,S534,29
-0.45,-0.4,0.63278,0.6839015,0.0511215,2.09706606,1.23293384,2.46887252,1.92366138,0.545211132,R005,P00009,S000,S001,30,R002,P00012,S324,S424,29
-0.4,-0.4,0.59365525,0.6339015,0.04024625,2.75841122,2.07810878,3.13021768,2.76883633,0.361381356,R022,P00213,S000,S110,7,R002,P00012,S324,S424,29
-0.35,-0.4,0.54365525,0.5839015,0.04024625,3.60358617,2.92328373,3.97539263,3.61401127,0.361381356,R023,P00216,S000,S110,5,R002,P00012,S324,S424,29
-0.3,-0.4,0.49365525,0.5339015,0.04024625,4.44876111,3.76845867,4.82056757,4.45918621,0.361381356,R023,P00216,S000,S110,5,R002,P00012,S324,S424,29
-0.25,-0.4,0.44365525,0.4839015,0.04024625,5.29393605,4.61363361,5.66574251,5.30436116,0.361381356,R023,P00216,S000,S110,5,R002,P00012,S324,S424,29
-0.2,-0.4,0.39365525,0.4339015,0.04024625,6.139111,5.45880856,6.51091746,6.1495361,0.361381356,R023,P00216,S000,S110,5,R002,P00012,S324,S424,29
-0.15,-0.4,0.34365525,0.3839015,0.04024625,6.98428594,6.3039835,7.3560924,6.99471104,0.361381356,R023,P00216,S000,S110,9,R002,P00012,S324,S424,29
-0.1,-0.4,0.29365525,0.3339015,0.04024625,7.82946088,7.14915844,8.20126734,7.83988599,0.361381356,R023,P00216,S000,S110,10,R001,P00007,S324,S424,58
-0.05,-0.4,0.24365525,0.2839015,0.04024625,8.67463583,7.99433339,9.04644228,8.68506093,0.361381356,R023,P00216,S000,S110,10,R001,P00007,S324,S424,58
0,-0.4,0.19365525,0.2339015,0.04024625,9.51981077,8.83950833,9.89161723,9.53023587,0.361381356,R023,P00216,S000,S110,14,R001,P00007,S324,S424,58
-4,-0.35,9.03825844,19.1264487,10.0881902,-139.984929,-310.510641,-139.613123,-309.819913,170.206791,R007,P00015,S111,S101,6,R050,P32193,S222,S221,12
-3.95,-0.35,8.88825844,18.8264487,9.93819022,-137.449404,-305.439591,-137.077598,-304.748864,167.671266,R007,P00015,S111,S101,6,R050,P32193,S222,S221,12
-3.9,-0.35,8.73825844,18.5264487,9.78819022,-134.913879,-300.368542,-134.542073,-299.677814,165.135741,R007,P00015,S111,S101,6,R050,P32193,S222,S221,12
-3.85,-0.35,8.58825844,18.2264487,9.63819022,-132.378355,-295.297492,-132.006548,-294.606764,162.600216,R007,P00015,S111,S101,6,R050,P32193,S222,S221,12
-3.8,-0.35,8.43825844,17.9264487,9.48819022,-129.84283,-290.226442,-129.471023,-289.535715,160.064691,R007,P00015,S111,S101,6,R050,P32193,S222,S221,12
-3.75,-0.35,8.28825844,17.6264487,9.33819022,-127.307305,-285.155393,-126.935499,-284.464665,157.529167,R007,P00015,S111,S101,6,R050,P32193,S222,S221,12
-3.7,-0.35,8.13825844,17.3264487,9.18819022,-124.77178,-280.084343,-124.399974,-279.393616,154.993642,R007,P00015,S111,S101,6,R050,P32193,S222,S221,12
-3.65,-0.35,7.98825844,17.0264487,9.03819022,-122.236255,-275.013293,-121.864449,-274.322566,152.458117,R007,P00015,S111,S101,6,R050,P32193,S222,S221,12
-3.6,-0.35,7.83825844,16.7264487,8.88819022,-119.700731,-269.942244,-119.328924,-269.251516,149.922592,R007,P00015,S111,S101,6,R050,P32193,S222,S221,12
-3.55,-0.35,7.68825844,16.4264487,8.73819022,-117.165206,-264.871194,-116.793399,-264.180467,147.387067,R007,P00015,S111,S101,6,R050,P32193,S222,S221,12
-3.5,-0.35,7.53825844,16.1264487,8.58819022,-114.629681,-259.800144,-114.257874,-259.109417,144.851542,R007,P00015,S111,S101,6,R050,P32193,S222,S221,12
-3.45,-0.35,7.38825844,15.8264487,8.43819022,-112.094156,-254.729095,-111.72235,-254.038367,142.316018,R007,P00015,S111,S101,6,R050,P32193,S222,S221,12
-3.4,-0.35,7.23825844,15.5264487,8.28819022,-109.558631,-249.658045,-109.186825,-248.967318,139.780493,R007,P00015,S111,S101,6,R050,P32193,S222,S221,12
-3.35,-0.35,7.08825844,15.2264487,8.13819022,-107.023106,-244.586995,-106.6513,-243.896268,137.244968,R007,P00015,S111,S101,6,R050,P32193,S222,S221,12
-3.3,-0.35,6.93825844,14.9264487,7.98819022,-104.487582,-239.515946,-104.115775,-238.825218,134.709443,R007,P00015,S111,S101,6,R050,P32193,S222,S221,12
-3.25,-0.35,6.78825844,14.6264487,7.83819022,-101.952057,-234.444896,-101.58025,-233.754169,132.173918,R007,P00015,S111,S101,6,R050,P32193,S222,S221,12
-3.2,-0.35,6.63825844,14.3264487,7.68819022,-99.4165319,-229.373846,-99.0447254,-228.683119,129.638394,R007,P00015,S111,S101,6,R050,P32193,S222,S221,12
-3.15,-0.35,6.48825844,14.0264487,7.53819022,-96.881007,-224.302797,-96.5092006,-223.612069,127.102869,R007,P00015,S111,S101,6,R050,P32193,S222,S221,12
-3.1,-0.35,6.33825844,13.7264487,7.38819022,-94.3454822,-219.231747,-93.9736758,-218.54102,124.567344,R007,P00015,S111,S101,6,R050,P32193,S222,S221,12
-3.05,-0.35,6.18825844,13.4264487,7.23819022,-91.8099574,-214.160698,-91.4381509,-213.46997,122.031819,R007,P00015,S111,S101,6,R050,P32193,S222,S221,12
-3,-0.35,6.03825844,13.1264487,7.08819022,-89.2744326,-209.089648,-88.9026261,-208.39892,119.496294,R007,P00015,S111,S101,6,R050,P32193,S222,S221,12
-2.95,-0.35,5.88825844,12.8264487,6.93819022,-86.7389077,-204.018598,-86.3671013,-203.327871,116.960769,R007,P00015,S000,S212,6,R050,P32193,S222,S221,12
-2.9,-0.35,5.73825844,12.5264487,6.78819022,-84.2033829,-198.947549,-83.8315764,-198.256821,114.425245,R007,P00015,S000,S212,6,R050,P32193,S222,S221,12
-2.85,-0.35,5.58825844,12.2264487,6.63819022,-81.6678581,-193.876499,-81.2960516,-193.185771,111.88972,R007,P00015,S000,S212,6,R050,P32193,S222,S221,12
-2.8,-0.35,5.43825844,11.9264487,6.48819022,-79.1323332,-188.805449,-78.7605268,-188.114722,109.354195,R007,P00015,S000,S212,6,R050,P32193,S222,S221,12
-2.75,-0.35,5.28825844,11.6264487,6.33819022,-76.5968084,-183.7344,-76.225002,-183.043672,106.81867,R007,P00015,S000,S212,6,R050,P32193,S222,S221,12
-2.7,-0.35,5.13825844,11.3264487,6.18819022,-74.0612836,-178.66335,-73.6894771,-177.972622,104.283145,R007,P00015,S000,S212,6,R050,P32193,S222,S221,12
-2.65,-0.35,4.98825844,11.0264487,6.03819022,-71.5257588,-173.5923,-71.1539523,-172.901573,101.74762,R007,P00015,S000,S212,6,R050,P32193,S222,S221,12
-2.6,-0.35,4.86924319,10.7264487,5.85720547,-69.5139846,-168.521251,-69.1421781,-167.830523,98.6883449,R007,P00015,S000,S212,6,R050,P32193,S222,S221,12
-2.55,-0.35,4.76924319,10.4264487,5.65720547,-67.8236347,-163.450201,-67.4518283,-162.759473,95.3076451,R007,P00015,S000,S212,6,R050,P32193,S222,S221,12
-2.5,-0.35,4.66924319,10.1264487,5.45720547,-66.1332848,-158.379151,-65.7614784,-157.688424,91.9269454,R003,P00003,S000,S212,9,R050,P32193,S222,S221,12
-2.45,-0.35,4.56924319,9.82644866,5.25720547,-64.4429349,-153.308102,-64.0711285,-152.617374,88.5462456,R003,P00003,S000,S212,9,R050,P32193,S222,S221,12
-2.4,-0.35,4.46924319,9.52644866,5.05720547,-62.7525851,-148.237052,-62.3807786,-147.546324,85.1655458,R003,P00003,S000,S212,13,R050,P32193,S222,S221,12
-2.35,-0.35,4.36924319,9.22644866,4.85720547,-61.0622352,-143.166002,-60.6904287,-142.475275,81.784846,R003,P00003,S000,S212,13,R050,P32193,S222,S221,12
-2.3,-0.35,4.26924319,8.92644866,4.65720547,-59.3718853,-138.094953,-59.0000788,-137.404225,78.4041463,R003,P00003,S000,S212,13,R050,P32193,S222,S221,12
-2.25,-0.35,4.16924319,8.62644866,4.45720547,-57.6815354,-133.023903,-57.3097289,-132.333175,75.0234465,R003,P00003,S000,S212,13,R050,P32193,S222,S221,12
-2.2,-0.35,4.06924319,8.32644866,4.25720547,-55.9911855,-127.952853,-55.6193791,-127.262126,71.6427467,R003,P00003,S000,S212,13,R050,P32193,S222,S221,12
-2.15,-0.35,3.96924319,8.02644866,4.05720547,-54.3008356,-122.881804,-53.9290292,-122.191076,68.262047,R003,P00003,S000,S212,13,R050,P32193,S222,S221,12
-2.1,-0.35,3.86924319,7.72644866,3.85720547,-52.6104857,-117.810754,-52.2386793,-117.120026,64.8813472,R003,P00003,S000,S212,13,R050,P32193,S222,S221,12
-2.05,-0.35,3.76924319,7.42644866,3.65720547,-50.9201359,-112.739704,-50.5483294,-112.048977,61.5006474,R003,P00003,S000,S212,17,R050,P32193,S222,S221,4
-2,-0.35,3.66924319,7.12644866,3.45720547,-49.229786,-107.668655,-48.8579795,-106.977927,58.1199476,R003,P00003,S000,S212,17,R050,P32193,S222,S221,4
-1.95,-0.35,3.56924319,6.82644866,3.25720547,-47.5394361,-102.597605,-47.1676296,-101.906877,54.7392479,R003,P00003,S000,S212,20,R050,P32193,S222,S221,4
-1.9,-0.35,3.44456469,6.52644866,3.08188397,-45.4319332,-97.5265554,-45.0601267,-96.8358278,51.7757011,R005,P00009,S000,S312,2,R050,P32193,S222,S221,4
-1.85,-0.35,3.29456469,6.22644866,2.93188397,-42.8964084,-92.4555057,-42.5246019,-91.7647782,49.2401763,R005,P00009,S000,S312,2,R050,P32193,S222,S221,4
-1.8,-0.35,3.14456469,5.94230144,2.79773675,-40.3608835,-87.6524235,-39.9890771,-86.961696,46.9726189,R005,P00009,S000,S312,2,R050,P32193,S222,S100,4
-1.75,-0.35,2.99456469,5.69230144,2.69773675,-37.8253587,-83.4265488,-37.4535522,-82.7358213,45.282269,R005,P00009,S000,S312,2,R046,P31982,S222,S100,28
-1.7,-0.35,2.84456469,5.44230144,2.59773675,-35.2898339,-79.2006741,-34.9180274,-78.5099465,43.5919191,R005,P00009,S000,S312,2,R046,P31982,S222,S100,28
-1.65,-0.35,2.69456469,5.19230144,2.49773675,-32.7543091,-74.9747994,-32.3825026,-74.2840718,41.9015692,R005,P00009,S000,S312,2,R046,P31982,S222,S100,28
-1.6,-0.35,2.54456469,4.93240866,2.38784397,-30.2187842,-70.581702,-29.8469778,-69.8909745,40.0439967,R005,P00009,S000,S312,2,R039,P30311,S212,S211,62
-1.55,-0.35,2.39456469,4.63240866,2.23784397,-27.6832594,-65.5106524,-27.3114529,-64.8199248,37.5084719,R005,P00009,S000,S312,2,R039,P30311,S212,S211,62
-1.5,-0.35,2.24456469,4.33240866,2.08784397,-25.1477346,-60.4396027,-24.7759281,-59.7488752,34.9729471,R005,P00009,S000,S312,2,R039,P30311,S212,S211,62
-1.45,-0.35,2.09456469,4.03240866,1.93784397,-22.6122097,-55.3685531,-22.2404033,-54.6778255,32.4374222,R005,P00009,S000,S312,2,R039,P30311,S212,S211,62
-1.4,-0.35,1.94456469,3.73240866,1.78784397,-20.0766849,-50.2975034,-19.7048784,-49.6067759,29.9018974,R005,P00009,S000,S312,1,R039,P30311,S212,S211,62
-1.35,-0.35,1.79456469,3.46043519,1.6658705,-17.5411601,-45.7002002,-17.1693536,-45.0094726,27.840119,R005,P00009,S000,S312,1,R039,P30311,S212,S100,62
-1.3,-0.35,1.64456469,3.21043519,1.5658705,-15.0056352,-41.4743255,-14.6338288,-40.7835979,26.1497691,R005,P00009,S000,S312,1,R039,P30311,S212,S100,62
-1.25,-0.35,1.49456469,2.96043519,1.4658705,-12.4701104,-37.2484507,-12.098304,-36.5577232,24.4594192,R005,P00009,S000,S312,1,R041,P30518,S212,S100,14
-1.2,-0.35,1.34456469,2.71043519,1.3658705,-9.93458559,-33.022576,-9.56277913,-32.3318485,22.7690694,R005,P00009,S000,S312,1,R035,P26753,S212,S100,28
-1.15,-0.35,1.19456469,2.46043519,1.2658705,-7.39906076,-28.7967013,-7.0272543,-28.1059738,21.0787195,R005,P00009,S000,S312,1,R035,P26753,S212,S100,28
-1.1,-0.35,1.04456469,2.21043519,1.1658705,-4.86353593,-24.5708266,-4.49172947,-23.8800991,19.3883696,R005,P00009,S000,S312,1,R035,P26753,S212,S100,28
-1.05,-0.35,0.894564687,2.0142905,1.11972581,-2.3280111,-21.2552951,-1.95620464,-20.5645675,18.6083629,R005,P00009,S000,S312,1,R035,P26753,S212,S432,28
-1,-0.35,0.744564687,1.77317369,1.028609,0.207513728,-17.1795773,0.579320187,-16.4888498,17.06817,R005,P00009,S000,S312,1,R037,P27404,S000,S432,84
-0.95,-0.35,0.65778,1.57317369,0.915393687,1.67447859,-13.7988776,2.04628504,-13.10815,15.1544351,R005,P00009,S000,S001,1,R037,P27404,S000,S432,84
-0.9,-0.35,0.65778,1.37317369,0.715393687,1.67447859,-10.4181778,2.04628504,-9.72745024,11.7737353,R005,P00009,S000,S001,1,R043,P31028,S000,S432,77
-0.85,-0.35,0.65778,1.31895525,0.661175249,1.67447859,-9.50169648,2.04628504,-8.81096894,10.857254,R005,P00009,S000,S001,2,R037,P27404,S322,S432,84
-0.8,-0.35,0.65778,1.26895525,0.611175249,1.67447859,-8.65652154,2.04628504,-7.965794,10.012079,R005,P00009,S000,S001,2,R037,P27404,S322,S432,120
-0.75,-0.35,0.65778,1.21895525,0.561175249,1.67447859,-7.8113466,2.04628504,-7.12061905,9.1669041,R005,P00009,S000,S001,6,R037,P27404,S322,S432,120
-0.7,-0.35,0.65778,1.16895525,0.511175249,1.67447859,-6.96617165,2.04628504,-6.27544411,8.32172915,R005,P00009,S000,S001,12,R037,P27404,S322,S432,120
-0.65,-0.35,0.65778,1.08808675,0.43030675,1.67447859,-5.59921107,2.04628504,-4.90848353,6.95476857,R005,P00009,S000,S001,12,R002,P00012,S324,S534,33
-0.6,-0.35,0.65778,0.98808675,0.33030675,1.67447859,-3.90886119,2.04628504,-3.21813364,5.26441869,R005,P00009,S000,S001,22,R002,P00012,S324,S534,33
-0.55,-0.35,0.65778,0.88808675,0.23030675,1.67447859,-2.2185113,2.04628504,-1.52778376,3.5740688,R005,P00009,S000,S001,22,R002,P00012,S324,S534,33
-0.5,-0.35,0.65778,0.78808675,0.13030675,1.67447859,-0.528161414,2.04628504,0.16256613,1.88371891,R005,P00009,S000,S001,22,R002,P00012,S324,S534,29
-0.45,-0.35,0.65778,0.68808675,0.03030675,1.67447859,1.16218847,2.04628504,1.85291602,0.193369029,R005,P00009,S000,S001,30,R002,P00012,S324,S534,29
-0.4,-0.35,0.62253,0.6339015,0.0113715,2.27032692,2.07810878,2.64213338,2.76883633,-0.126702948,R019,P00075,S000,S100,30,R002,P00012,S324,S424,29
-0.35,-0.35,0.57253,0.5839015,0.0113715,3.11550186,2.92328373,3.48730832,3.61401127,-0.126702948,R019,P00075,S000,S100,26,R002,P00012,S324,S424,29
-0.3,-0.35,0.52253,0.5339015,0.0113715,3.96067681,3.76845867,4.33248327,4.45918621,-0.126702948,R019,P00075,S000,S100,26,R002,P00012,S324,S424,29
-0.25,-0.35,0.47253,0.4839015,0.0113715,4.80585175,4.61363361,5.17765821,5.30436116,-0.126702948,R019,P00075,S000,S100,26,R002,P00012,S324,S424,29
-0.2,-0.35,0.42253,0.4339015,0.0113715,5.65102669,5.45880856,6.02283315,6.1495361,-0.126702948,R019,P00075,S000,S100,26,R002,P00012,S324,S424,29
-0.15,-0.35,0.37253,0.3839015,0.0113715,6.49620164,6.3039835,6.86800809,6.99471104,-0.126702948,R019,P00075,S000,S100,34,R002,P00012,S324,S424,29
-0.1,-0.35,0.32253,0.3339015,0.0113715,7.34137658,7.14915844,7.71318304,7.83988599,-0.126702948,R019,P00075,S000,S100,31,R001,P00007,S324,S424,58
-0.05,-0.35,0.27253,0.2839015,0.0113715,8.18655152,7.99433339,8.55835798,8.68506093,-0.126702948,R019,P00075,S000,S100,31,R001,P00007,S324,S424,58
0,-0.35,0.22253,0.2339015,0.0113715,9.03172647,8.83950833,9.40353292,9.53023587,-0.126702948,R019,P00075,S000,S100,26,R001,P00007,S324,S424,58
-4,-0.3,9.18825844,19.4014487,10.2131902,-142.520454,-315.159103,-142.148648,-314.468376,172.319728,R007,P00015,S111,S101,6,R050,P32193,S222,S221,12
-3.95,-0.3,9.03825844,19.1014487,10.0631902,-139.984929,-310.088054,-139.613123,-309.397326,169.784203,R007,P00015,S111,S101,6,R050,P32193,S222,S221,12
-3.9,-0.3,8.88825844,18.8014487,9.91319022,-137.449404,-305.017004,-137.077598,-304.326276,167.248678,R007,P00015,S111,S101,6,R050,P32193,S222,S221,12
-3.85,-0.3,8.73825844,18.5014487,9.76319022,-134.913879,-299.945954,-134.542073,-299.255227,164.713154,R007,P00015,S111,S101,6,R050,P32193,S222,S221,12
-3.8,-0.3,8.58825844,18.2014487,9.61319022,-132.378355,-294.874905,-132.006548,-294.184177,162.177629,R007,P00015,S111,S101,6,R050,P32193,S222,S221,12
-3.75,-0.3,8.43825844,17.9014487,9.46319022,-129.84283,-289.803855,-129.471023,-289.113127,159.642104,R007,P00015,S111,S101,6,R050,P32193,S222,S221,12
-3.7,-0.3,8.28825844,17.6014487,9.31319022,-127.307305,-284.732805,-126.935499,-284.042078,157.106579,R007,P00015,S111,S101,6,R050,P32193,S222,S221,12
-3.65,-0.3,8.13825844,17.3014487,9.16319022,-124.77178,-279.661756,-124.399974,-278.971028,154.571054,R007,P00015,S111,S101,6,R050,P32193,S222,S221,12
-3.6,-0.3,7.98825844,17.0014487,9.01319022,-122.236255,-274.590706,-121.864449,-273.899978,152.03553,R007,P00015,S111,S101,6,R050,P32193,S222,S221,12
-3.55,-0.3,7.83825844,16.7014487,8.86319022,-119.700731,-269.519656,-119.328924,-268.828929,149.500005,R007,P00015,S111,S101,6,R050,P32193,S222,S221,12
-3.5,-0.3,7.68825844,16.4014487,8.71319022,-117.165206,-264.448607,-116.793399,-263.757879,146.96448,R007,P00015,S111,S101,6,R050,P32193,S222,S221,12
-3.45,-0.3,7.53825844,16.1014487,8.56319022,-114.629681,-259.377557,-114.257874,-258.686829,144.428955,R007,P00015,S111,S101,6,R050,P32193,S222,S221,12
-3.4,-0.3,7.38825844,15.8014487,8.41319022,-112.094156,-254.306507,-111.72235,-253.61578,141.89343,R007,P00015,S111,S101,6,R050,P32193,S222,S221,12
-3.35,-0.3,7.23825844,15.5014487,8.26319022,-109.558631,-249.235458,-109.186825,-248.54473,139.357905,R007,P00015,S111,S101,6,R050,P32193,S222,S221,12
-3.3,-0.3,7.08825844,15.2014487,8.11319022,-107.023106,-244.164408,-106.6513,-243.47368,136.822381,R007,P00015,S111,S101,6,R050,P32193,S222,S221,12
-3.25,-0.3,6.93825844,14.9014487,7.96319022,-104.487582,-239.093358,-104.115775,-238.402631,134.286856,R007,P00015,S111,S101,6,R050,P32193,S222,S221,12
-3.2,-0.3,6.78825844,14.6014487,7.81319022,-101.952057,-234.022309,-101.58025,-233.331581,131.751331,R007,P00015,S111,S101,6,R050,P32193,S222,S221,12
-3.15,-0.3,6.63825844,14.3014487,7.66319022,-99.4165319,-228.951259,-99.0447254,-228.260531,129.215806,R007,P00015,S111,S101,6,R050,P32193,S222,S221,12
-3.1,-0.3,6.48825844,14.0014487,7.51319022,-96.881007,-223.880209,-96.5092006,-223.189482,126.680281,R007,P00015,S111,S101,6,R050,P32193,S222,S221,12
-3.05,-0.3,6.33825844,13.7014487,7.36319022,-94.3454822,-218.80916,-93.9736758,-218.118432,124.144756,R007,P00015,S111,S101,6,R050,P32193,S222,S221,12
-3,-0.3,6.18825844,13.4014487,7.21319022,-91.8099574,-213.73811,-91.4381509,-213.047382,121.609232,R007,P00015,S111,S101,6,R050,P32193,S222,S221,12
-2.95,-0.3,6.03825844,13.1014487,7.06319022,-89.2744326,-208.66706,-88.9026261,-207.976333,119.073707,R007,P00015,S000,S212,6,R050,P32193,S222,S221,12
-2.9,-0.3,5.88825844,12.8014487,6.91319022,-86.7389077,-203.596011,-86.3671013,-202.905283,116.538182,R007,P00015,S000,S212,6,R050,P32193,S222,S221,12
-2.85,-0.3,5.73825844,12.5014487,6.76319022,-84.2033829,-198.524961,-83.8315764,-197.834234,114.002657,R007,P00015,S000,S212,6,R050,P32193,S222,S221,12
-2.8,-0.3,5.58825844,12.2014487,6.61319022,-81.6678581,-193.453911,-81.2960516,-192.763184,111.467132,R007,P00015,S000,S212,6,R050,P32193,S222,S221,12
-2.75,-0.3,5.43825844,11.9014487,6.46319022,-79.1323332,-188.382862,-78.7605268,-187.692134,108.931607,R007,P00015,S000,S212,6,R050,P32193,S222,S221,12
-2.7,-0.3,5.28825844,11.6014487,6.31319022,-76.5968084,-183.311812,-76.225002,-182.621085,106.396083,R007,P00015,S000,S212,6,R050,P32193,S222,S221,12
-2.65,-0.3,5.13825844,11.3014487,6.16319022,-74.0612836,-178.240762,-73.6894771,-177.550035,103.860558,R007,P00015,S000,S212,6,R050,P32193,S222,S221,12
-2.6,-0.3,4.98825844,11.0014487,6.01319022,-71.5257588,-173.169713,-71.1539523,-172.478985,101.325033,R007,P00015,S000,S212,6,R050,P32193,S222,S221,12
-2.55,-0.3,4.86924319,10.7014487,5.83220547,-69.5139846,-168.098663,-69.1421781,-167.407936,98.2657574,R007,P00015,S000,S212,6,R050,P32193,S222,S221,12
-2.5,-0.3,4.76924319,10.4014487,5.63220547,-67.8236347,-163.027613,-67.4518283,-162.336886,94.8850577,R007,P00015,S000,S212,6,R050,P32193,S222,S221,12
-2.45,-0.3,4.66924319,10.1014487,5.43220547,-66.1332848,-157.956564,-65.7614784,-157.265836,91.5043579,R003,P00003,S000,S212,9,R050,P32193,S222,S221,12
-2.4,-0.3,4.56924319,9.80144866,5.23220547,-64.4429349,-152.885514,-64.0711285,-152.194787,88.1236581,R003,P00003,S000,S212,9,R050,P32193,S222,S221,12
-2.35,-0.3,4.46924319,9.50144866,5.03220547,-62.7525851,-147.814464,-62.3807786,-147.123737,84.7429583,R003,P00003,S000,S212,13,R050,P32193,S222,S221,12
-2.3,-0.3,4.36924319,9.20144866,4.83220547,-61.0622352,-142.743415,-60.6904287,-142.052687,81.3622586,R003,P00003,S000,S212,13,R050,P32193,S222,S221,12
-2.25,-0.3,4.26924319,8.90144866,4.63220547,-59.3718853,-137.672365,-59.0000788,-136.981638,77.9815588,R003,P00003,S000,S212,13,R050,P32193,S222,S221,12
-2.2,-0.3,4.16924319,8.60144866,4.43220547,-57.6815354,-132.601316,-57.3097289,-131.910588,74.600859,R003,P00003,S000,S212,13,R050,P32193,S222,S221,12
-2.15,-0.3,4.06924319,8.30144866,4.23220547,-55.9911855,-127.530266,-55.6193791,-126.839538,71.2201593,R003,P00003,S000,S212,13,R050,P32193,S222,S221,12
-2.1,-0.3,3.96924319,8.00144866,4.03220547,-54.3008356,-122.459216,-53.9290292,-121.768489,67.8394595,R003,P00003,S000,S212,13,R050,P32193,S222,S221,12
-2.05,-0.3,3.86924319,7.70144866,3.83220547,-52.6104857,-117.388167,-52.2386793,-116.697439,64.4587597,R003,P00003,S000,S212,17,R050,P32193,S222,S221,12
-2,-0.3,3.76924319,7.40144866,3.63220547,-50.9201359,-112.317117,-50.5483294,-111.626389,61.0780599,R003,P00003,S000,S212,17,R050,P32193,S222,S221,4
-1.95,-0.3,3.66924319,7.10144866,3.43220547,-49.229786,-107.246067,-48.8579795,-106.55534,57.6973602,R003,P00003,S000,S212,20,R050,P32193,S222,S221,4
-1.9,-0.3,3.54456469,6.80144866,3.25688397,-47.1222831,-102.175018,-46.7504766,-101.48429,54.7338134,R005,P00009,S000,S312,2,R050,P32193,S222,S221,4
-1.85,-0.3,3.39456469,6.50144866,3.10688397,-44.5867583,-97.1039679,-44.2149518,-96.4132404,52.1982886,R005,P00009,S000,S312,2,R050,P32193,S222,S221,4
-1.8,-0.3,3.24456469,6.20144866,2.95688397,-42.0512334,-92.0329182,-41.679427,-91.3421907,49.6627637,R005,P00009,S000,S312,2,R050,P32193,S222,S221,4
-1.75,-0.3,3.09456469,5.90144866,2.80688397,-39.5157086,-86.9618686,-39.1439021,-86.271141,47.1272389,R005,P00009,S000,S312,2,R050,P32193,S222,S221,4
-1.7,-0.3,2.94456469,5.60144866,2.65688397,-36.9801838,-81.8908189,-36.6083773,-81.2000914,44.5917141,R005,P00009,S000,S312,2,R050,P32193,S222,S221,4
-1.65,-0.3,2.79456469,5.34230144,2.54773675,-34.4446589,-77.5103242,-34.0728525,-76.8195967,42.7467442,R005,P00009,S000,S312,2,R046,P31982,S222,S100,28
-1.6,-0.3,2.64456469,5.09230144,2.44773675,-31.9091341,-73.2844495,-31.5373276,-72.5937219,41.0563943,R005,P00009,S000,S312,2,R046,P31982,S222,S100,28
-1.55,-0.3,2.49456469,4.84230144,2.34773675,-29.3736093,-69.0585748,-29.0018028,-68.3678472,39.3660444,R005,P00009,S000,S312,2,R046,P31982,S222,S100,28
-1.5,-0.3,2.34456469,4.59230144,2.24773675,-26.8380844,-64.8327001,-26.466278,-64.1419725,37.6756945,R005,P00009,S000,S312,2,R046,P31982,S222,S100,31
-1.45,-0.3,2.19456469,4.30740866,2.11284397,-24.3025596,-60.0170152,-23.9307532,-59.3262877,35.3955345,R005,P00009,S000,S312,2,R039,P30311,S212,S211,62
-1.4,-0.3,2.04456469,4.00740866,1.96284397,-21.7670348,-54.9459656,-21.3952283,-54.255238,32.8600097,R005,P00009,S000,S312,1,R039,P30311,S212,S211,62
-1.35,-0.3,1.89456469,3.70740866,1.81284397,-19.23151,-49.8749159,-18.8597035,-49.1841884,30.3244849,R005,P00009,S000,S312,1,R039,P30311,S212,S211,62
-1.3,-0.3,1.74456469,3.41043519,1.6658705,-16.6959851,-44.8550252,-16.3241787,-44.1642977,27.840119,R005,P00009,S000,S312,1,R039,P30311,S212,S100,62
-1.25,-0.3,1.59456469,3.16043519,1.5658705,-14.1604603,-40.6291505,-13.7886538,-39.938423,26.1497691,R005,P00009,S000,S312,1,R039,P30311,S212,S100,62
-1.2,-0.3,1.44456469,2.91043519,1.4658705,-11.6249355,-36.4032758,-11.253129,-35.7125483,24.4594192,R005,P00009,S000,S312,1,R041,P30518,S212,S100,14
-1.15,-0.3,1.29456469,2.66043519,1.3658705,-9.08941064,-32.1774011,-8.71760419,-31.4866735,22.7690694,R005,P00009,S000,S312,1,R035,P26753,S212,S100,28
-1.1,-0.3,1.14456469,2.41043519,1.2658705,-6.55388582,-27.9515264,-6.18207936,-27.2607988,21.0787195,R005,P00009,S000,S312,1,R035,P26753,S212,S100,28
-1.05,-0.3,0.994564687,2.17317369,1.178609,-4.01836099,-23.9409769,-3.64655453,-23.2502493,19.6036948,R005,P00009,S000,S312,1,R035,P26753,S000,S432,28
-1,-0.3,0.844564687,1.99286313,1.14829844,-1.48283616,-20.8930975,-1.1110297,-20.20237,19.0913403,R005,P00009,S000,S312,1,R037,P27404,S322,S312,7
-0.95,-0.3,0.694564687,1.77317369,1.078609,1.05268867,-17.1795773,1.42449513,-16.4888498,17.9133449,R005,P00009,S000,S312,1,R037,P27404,S000,S432,84
-0.9,-0.3,0.68278,1.57317369,0.890393687,1.25189111,-13.7988776,1.62369757,-13.10815,14.7318476,R005,P00009,S000,S001,1,R037,P27404,S000,S432,84
-0.85,-0.3,0.68278,1.37317369,0.690393687,1.25189111,-10.4181778,1.62369757,-9.72745024,11.3511478,R005,P00009,S000,S001,2,R043,P31028,S000,S432,77
-0.8,-0.3,0.68278,1.31895525,0.636175249,1.25189111,-9.50169648,1.62369757,-8.81096894,10.4346665,R005,P00009,S000,S001,2,R037,P27404,S322,S432,84
-0.75,-0.3,0.68278,1.2666115,0.5838315,1.25189111,-8.61690398,1.62369757,-7.92617644,9.54987401,R005,P00009,S000,S001,2,R003,P00019,S323,S423,99
-0.7,-0.3,0.68278,1.2166115,0.5338315,1.25189111,-7.77172904,1.62369757,-7.08100149,8.70469907,R005,P00009,S000,S001,12,R003,P00019,S323,S423,99
-0.65,-0.3,0.68278,1.13808675,0.45530675,1.25189111,-6.44438602,1.62369757,-5.75365847,7.37735604,R005,P00009,S000,S001,12,R002,P00012,S324,S534,33
-0.6,-0.3,0.68278,1.03808675,0.35530675,1.25189111,-4.75403613,1.62369757,-4.06330859,5.68700616,R005,P00009,S000,S001,12,R002,P00012,S324,S534,33
-0.55,-0.3,0.68278,0.93808675,0.25530675,1.25189111,-3.06368624,1.62369757,-2.3729587,3.99665627,R005,P00009,S000,S001,22,R002,P00012,S324,S534,33
-0.5,-0.3,0.68278,0.83808675,0.15530675,1.25189111,-1.37333636,1.62369757,-0.682608813,2.30630639,R005,P00009,S000,S001,22,R002,P00012,S324,S534,32
-0.45,-0.3,0.67253,0.73808675,0.06555675,1.42515198,0.317013529,1.79695844,1.00774107,0.789217364,R019,P00075,S000,S100,23,R002,P00012,S324,S534,29
-0.4,-0.3,0.62253,0.63808675,0.01555675,2.27032692,2.00736342,2.64213338,2.69809096,-0.0559575795,R019,P00075,S000,S100,30,R002,P00012,S324,S534,29
-0.35,-0.3,0.57253,0.5839015,0.0113715,3.11550186,2.92328373,3.48730832,3.61401127,-0.126702948,R019,P00075,S000,S100,26,R002,P00012,S324,S424,29
-0.3,-0.3,0.52253,0.5339015,0.0113715,3.96067681,3.76845867,4.33248327,4.45918621,-0.126702948,R019,P00075,S000,S100,26,R002,P00012,S324,S424,29
-0.25,-0.3,0.47253,0.4839015,0.0113715,4.80585175,4.61363361,5.17765821,5.30436116,-0.126702948,R019,P00075,S000,S100,26,R002,P00012,S324,S424,29
-0.2,-0.3,0.42253,0.4339015,0.0113715,5.65102669,5.45880856,6.02283315,6.1495361,-0.126702948,R019,P00075,S000,S100,26,R002,P00012,S324,S424,29
-0.15,-0.3,0.37253,0.3839015,0.0113715,6.49620164,6.3039835,6.86800809,6.99471104,-0.126702948,R019,P00075,S000,S100,21,R002,P00012,S324,S424,29
-0.1,-0.3,0.32253,0.3339015,0.0113715,7.34137658,7.14915844,7.71318304,7.83988599,-0.126702948,R019,P00075,S000,S100,29,R001,P00007,S324,S424,58
-0.05,-0.3,0.27253,0.2839015,0.0113715,8.18655152,7.99433339,8.55835798,8.68506093,-0.126702948,R019,P00075,S000,S100,26,R001,P00007,S324,S424,58
0,-0.3,0.22253,0.2339015,0.0113715,9.03172647,8.83950833,9.40353292,9.53023587,-0.126702948,R019,P00075,S000,S100,26,R001,P00007,S324,S424,58
-4,-0.25,9.33825844,19.6764487,10.3381902,-145.055979,-319.807565,-144.684172,-319.116838,174.432666,R007,P00015,S111,S101,6,R050,P32193,S222,S221,12
-3.95,-0.25,9.18825844,19.3764487,10.1881902,-142.520454,-314.736516,-142.148648,-314.045788,171.897141,R007,P00015,S111,S101,6,R050,P32193,S222,S221,12
-3.9,-0.25,9.03825844,19.0764487,10.0381902,-139.984929,-309.665466,-139.613123,-308.974739,169.361616,R007,P00015,S111,S101,6,R050,P32193,S222,S221,12
-3.85,-0.25,8.88825844,18.7764487,9.88819022,-137.449404,-304.594416,-137.077598,-303.903689,166.826091,R007,P00015,S111,S101,6,R050,P32193,S222,S221,12
-3.8,-0.25,8.73825844,18.4764487,9.73819022,-134.913879,-299.523367,-134.542073,-298.832639,164.290566,R007,P00015,S111,S101,6,R050,P32193,S222,S221,12
-3.75,-0.25,8.58825844,18.1764487,9.58819022,-132.378355,-294.452317,-132.006548,-293.76159,161.755041,R007,P00015,S111,S101,6,R050,P32193,S222,S221,12
-3.7,-0.25,8.43825844,17.8764487,9.43819022,-129.84283,-289.381267,-129.471023,-288.69054,159.219517,R007,P00015,S111,S101,6,R050,P32193,S222,S221,12
-3.65,-0.25,8.28825844,17.5764487,9.28819022,-127.307305,-284.310218,-126.935499,-283.61949,156.683992,R007,P00015,S111,S101,6,R050,P32193,S222,S221,12
-3.6,-0.25,8.13825844,17.2764487,9.13819022,-124.77178,-279.239168,-124.399974,-278.548441,154.148467,R007,P00015,S111,S101,6,R050,P32193,S222,S221,12
-3.55,-0.25,7.98825844,16.9764487,8.98819022,-122.236255,-274.168118,-121.864449,-273.477391,151.612942,R007,P00015,S111,S101,6,R050,P32193,S222,S221,12
-3.5,-0.25,7.83825844,16.6764487,8.83819022,-119.700731,-269.097069,-119.328924,-268.406341,149.077417,R007,P00015,S111,S101,6,R050,P32193,S222,S221,12
-3.45,-0.25,7.68825844,16.3764487,8.68819022,-117.165206,-264.026019,-116.793399,-263.335292,146.541892,R007,P00015,S111,S101,6,R050,P32193,S222,S221,12
-3.4,-0.25,7.53825844,16.0764487,8.53819022,-114.629681,-258.954969,-114.257874,-258.264242,144.006368,R007,P00015,S111,S101,6,R050,P32193,S222,S221,12
-3.35,-0.25,7.38825844,15.7764487,8.38819022,-112.094156,-253.88392,-111.72235,-253.193192,141.470843,R007,P00015,S111,S101,6,R050,P32193,S222,S221,12
-3.3,-0.25,7.23825844,15.4764487,8.23819022,-109.558631,-248.81287,-109.186825,-248.122143,138.935318,R007,P00015,S111,S101,6,R050,P32193,S222,S221,12
-3.25,-0.25,7.08825844,15.1764487,8.08819022,-107.023106,-243.741821,-106.6513,-243.051093,136.399793,R007,P00015,S111,S101,6,R050,P32193,S222,S221,12
-3.2,-0.25,6.93825844,14.8764487,7.93819022,-104.487582,-238.670771,-104.115775,-237.980043,133.864268,R007,P00015,S111,S101,6,R050,P32193,S222,S221,12
-3.15,-0.25,6.78825844,14.5764487,7.78819022,-101.952057,-233.599721,-101.58025,-232.908994,131.328743,R007,P00015,S111,S101,6,R050,P32193,S222,S221,12
-3.1,-0.25,6.63825844,14.2764487,7.63819022,-99.4165319,-228.528672,-99.0447254,-227.837944,128.793219,R007,P00015,S111,S101,6,R050,P32193,S222,S221,12
-3.05,-0.25,6.48825844,13.9764487,7.48819022,-96.881007,-223.457622,-96.5092006,-222.766894,126.257694,R007,P00015,S111,S101,6,R050,P32193,S222,S221,12
-3,-0.25,6.33825844,13.6764487,7.33819022,-94.3454822,-218.386572,-93.9736758,-217.695845,123.722169,R007,P00015,S111,S101,6,R050,P32193,S222,S221,12
-2.95,-0.25,6.18825844,13.3764487,7.18819022,-91.8099574,-213.315523,-91.4381509,-212.624795,121.186644,R007,P00015,S000,S212,6,R050,P32193,S222,S221,12
-2.9,-0.25,6.03825844,13.0764487,7.03819022,-89.2744326,-208.244473,-88.9026261,-207.553745,118.651119,R007,P00015,S000,S212,6,R050,P32193,S222,S221,12
-2.85,-0.25,5.88825844,12.7764487,6.88819022,-86.7389077,-203.173423,-86.3671013,-202.482696,116.115594,R007,P00015,S000,S212,6,R050,P32193,S222,S221,12
-2.8,-0.25,5.73825844,12.4764487,6.73819022,-84.2033829,-198.102374,-83.8315764,-197.411646,113.58007,R007,P00015,S000,S212,6,R050,P32193,S222,S221,12
-2.75,-0.25,5.58825844,12.1764487,6.58819022,-81.6678581,-193.031324,-81.2960516,-192.340596,111.044545,R007,P00015,S000,S212,6,R050,P32193,S222,S221,12
-2.7,-0.25,5.43825844,11.8764487,6.43819022,-79.1323332,-187.960274,-78.7605268,-187.269547,108.50902,R007,P00015,S000,S212,6,R050,P32193,S222,S221,12
-2.65,-0.25,5.28825844,11.5764487,6.28819022,-76.5968084,-182.889225,-76.225002,-182.198497,105.973495,R007,P00015,S000,S212,6,R050,P32193,S222,S221,12
-2.6,-0.25,5.13825844,11.2764487,6.13819022,-74.0612836,-177.818175,-73.6894771,-177.127447,103.43797,R007,P00015,S000,S212,6,R050,P32193,S222,S221,12
-2.55,-0.25,4.98825844,10.9764487,5.98819022,-71.5257588,-172.747125,-71.1539523,-172.056398,100.902445,R007,P00015,S000,S212,6,R050,P32193,S222,S221,12
-2.5,-0.25,4.86924319,10.6764487,5.80720547,-69.5139846,-167.676076,-69.1421781,-166.985348,97.84317,R007,P00015,S000,S212,6,R050,P32193,S222,S221,12
-2.45,-0.25,4.76924319,10.3764487,5.60720547,-67.8236347,-162.605026,-67.4518283,-161.914298,94.4624702,R003,P00003,S000,S212,9,R050,P32193,S222,S221,12
-2.4,-0.25,4.66924319,10.0764487,5.40720547,-66.1332848,-157.533976,-65.7614784,-156.843249,91.0817704,R003,P00003,S000,S212,9,R050,P32193,S222,S221,12
-2.35,-0.25,4.56924319,9.77644866,5.20720547,-64.4429349,-152.462927,-64.0711285,-151.772199,87.7010706,R003,P00003,S000,S212,13,R050,P32193,S222,S221,12
-2.3,-0.25,4.46924319,9.47644866,5.00720547,-62.7525851,-147.391877,-62.3807786,-146.701149,84.3203709,R003,P00003,S000,S212,13,R050,P32193,S222,S221,12
-2.25,-0.25,4.36924319,9.17644866,4.80720547,-61.0622352,-142.320827,-60.6904287,-141.6301,80.9396711,R003,P00003,S000,S212,13,R050,P32193,S222,S221,12
-2.2,-0.25,4.26924319,8.87644866,4.60720547,-59.3718853,-137.249778,-59.0000788,-136.55905,77.5589713,R003,P00003,S000,S212,13,R050,P32193,S222,S221,12
-2.15,-0.25,4.16924319,8.57644866,4.40720547,-57.6815354,-132.178728,-57.3097289,-131.488,74.1782716,R003,P00003,S000,S212,13,R050,P32193,S222,S221,12
-2.1,-0.25,4.06924319,8.27644866,4.20720547,-55.9911855,-127.107678,-55.6193791,-126.416951,70.7975718,R003,P00003,S000,S212,13,R050,P32193,S222,S221,12
-2.05,-0.25,3.96924319,7.97644866,4.00720547,-54.3008356,-122.036629,-53.9290292,-121.345901,67.416872,R003,P00003,S000,S212,13,R050,P32193,S222,S221,12
-2,-0.25,3.86924319,7.67644866,3.80720547,-52.6104857,-116.965579,-52.2386793,-116.274852,64.0361722,R003,P00003,S000,S212,17,R050,P32193,S222,S221,12
-1.95,-0.25,3.76924319,7.37644866,3.60720547,-50.9201359,-111.894529,-50.5483294,-111.203802,60.6554725,R003,P00003,S000,S212,20,R050,P32193,S222,S221,12
-1.9,-0.25,3.64456469,7.07644866,3.43188397,-48.812633,-106.82348,-48.4408265,-106.132752,57.6919257,R005,P00009,S000,S312,2,R050,P32193,S222,S221,4
-1.85,-0.25,3.49456469,6.77644866,3.28188397,-46.2771081,-101.75243,-45.9053017,-101.061703,55.1564009,R005,P00009,S000,S312,2,R050,P32193,S222,S221,4
-1.8,-0.25,3.34456469,6.47644866,3.13188397,-43.7415833,-96.6813804,-43.3697769,-95.9906529,52.620876,R005,P00009,S000,S312,2,R050,P32193,S222,S221,4
-1.75,-0.25,3.19456469,6.17644866,2.98188397,-41.2060585,-91.6103308,-40.834252,-90.9196032,50.0853512,R005,P00009,S000,S312,2,R050,P32193,S222,S221,4
-1.7,-0.25,3.04456469,5.87644866,2.83188397,-38.6705337,-86.5392811,-38.2987272,-85.8485536,47.5498264,R005,P00009,S000,S312,2,R050,P32193,S222,S221,4
-1.65,-0.25,2.89456469,5.57644866,2.68188397,-36.1350088,-81.4682315,-35.7632024,-80.7775039,45.0143015,R005,P00009,S000,S312,2,R050,P32193,S222,S221,4
-1.6,-0.25,2.74456469,5.27644866,2.53188397,-33.599484,-76.3971818,-33.2276775,-75.7064543,42.4787767,R005,P00009,S000,S312,2,R050,P32193,S222,S221,4
-1.55,-0.25,2.59456469,4.99230144,2.39773675,-31.0639592,-71.5940996,-30.6921527,-70.9033721,40.2112194,R005,P00009,S000,S312,2,R050,P32193,S222,S100,4
-1.5,-0.25,2.44456469,4.74230144,2.29773675,-28.5284343,-67.3682249,-28.1566279,-66.6774973,38.5208695,R005,P00009,S000,S312,2,R046,P31982,S222,S100,28
-1.45,-0.25,2.29456469,4.49230144,2.19773675,-25.9929095,-63.1423502,-25.621103,-62.4516226,36.8305196,R005,P00009,S000,S312,2,R046,P31982,S222,S100,28
-1.4,-0.25,2.14456469,4.24230144,2.09773675,-23.4573847,-58.9164755,-23.0855782,-58.2257479,35.1401697,R005,P00009,S000,S312,1,R046,P31982,S222,S100,31
-1.35,-0.25,1.99456469,3.98240866,1.98784397,-20.9218598,-54.5233781,-20.5500534,-53.8326506,33.2825972,R005,P00009,S000,S312,1,R039,P30311,S212,S211,62
-1.3,-0.25,1.84456469,3.68240866,1.83784397,-18.386335,-49.4523285,-18.0145286,-48.7616009,30.7470724,R005,P00009,S000,S312,1,R039,P30311,S212,S211,62
-1.25,-0.25,1.69456469,3.38240866,1.68784397,-15.8508102,-44.3812788,-15.4790037,-43.6905513,28.2115475,R005,P00009,S000,S312,1,R039,P30311,S212,S211,62
-1.2,-0.25,1.54456469,3.11043519,1.5658705,-13.3152854,-39.7839756,-12.9434789,-39.093248,26.1497691,R005,P00009,S000,S312,1,R039,P30311,S212,S100,62
-1.15,-0.25,1.39456469,2.86043519,1.4658705,-10.7797605,-35.5581009,-10.4079541,-34.8673733,24.4594192,R005,P00009,S000,S312,1,R039,P30311,S212,S100,62
-1.1,-0.25,1.24456469,2.61043519,1.3658705,-8.2442357,-31.3322261,-7.87242924,-30.6414986,22.7690694,R005,P00009,S000,S312,1,R035,P26753,S212,S100,28
-1.05,-0.25,1.09456469,2.37317369,1.278609,-5.70871087,-27.3216766,-5.33690441,-26.6309491,21.2940447,R005,P00009,S000,S312,1,R035,P26753,S000,S432,28
-1,-0.25,0.944564687,2.17317369,1.228609,-3.17318604,-23.9409769,-2.80137959,-23.2502493,20.4488697,R005,P00009,S000,S312,1,R035,P26753,S000,S432,28
-0.95,-0.25,0.799629,1.97317369,1.17354469,-0.723265824,-20.5602771,-0.351459365,-19.8695496,19.5180902,R005,P00009,S202,S001,1,R037,P27404,S000,S432,7
-0.9,-0.25,0.749629,1.77317369,1.02354469,0.121909119,-17.1795773,0.493715578,-16.4888498,16.9825654,R005,P00009,S202,S001,1,R037,P27404,S000,S432,84
-0.85,-0.25,0.70778,1.57317369,0.865393687,0.829303643,-13.7988776,1.2011101,-13.10815,14.3092601,R005,P00009,S000,S001,2,R037,P27404,S000,S432,84
-0.8,-0.25,0.70778,1.37317369,0.665393687,0.829303643,-10.4181778,1.2011101,-9.72745024,10.9285603,R005,P00009,S000,S001,2,R043,P31028,S000,S432,77
-0.75,-0.25,0.70778,1.2666115,0.5588315,0.829303643,-8.61690398,1.2011101,-7.92617644,9.12728654,R005,P00009,S000,S001,2,R030,P24736,S323,S423,51
-0.7,-0.25,0.70778,1.2166115,0.5088315,0.829303643,-7.77172904,1.2011101,-7.08100149,8.2821116,R005,P00009,S000,S001,2,R003,P00019,S323,S423,99
-0.65,-0.25,0.70778,1.1666115,0.4588315,0.829303643,-6.92655409,1.2011101,-6.23582655,7.43693665,R005,P00009,S000,S001,12,R003,P00019,S323,S423,99
-0.6,-0.25,0.70778,1.08808675,0.38030675,0.829303643,-5.59921107,1.2011101,-4.90848353,6.10959363,R005,P00009,S000,S001,12,R002,P00012,S324,S534,33
-0.55,-0.25,0.70778,0.98808675,0.28030675,0.829303643,-3.90886119,1.2011101,-3.21813364,4.41924374,R005,P00009,S000,S001,12,R002,P00012,S324,S534,33
-0.5,-0.25,0.70778,0.88808675,0.18030675,0.829303643,-2.2185113,1.2011101,-1.52778376,2.72889386,R005,P00009,S000,S001,22,R002,P00012,S324,S534,32
-0.45,-0.25,0.67253,0.78808675,0.11555675,1.42515198,-0.528161414,1.79695844,0.16256613,1.63439231,R019,P00075,S000,S100,17,R002,P00012,S324,S534,32
-0.4,-0.25,0.62253,0.68808675,0.06555675,2.27032692,1.16218847,2.64213338,1.85291602,0.789217364,R019,P00075,S000,S100,24,R002,P00012,S324,S534,29
-0.35,-0.25,0.57253,0.58808675,0.01555675,3.11550186,2.85253836,3.48730832,3.5432659,-0.0559575795,R019,P00075,S000,S100,26,R002,P00012,S324,S534,29
-0.3,-0.25,0.52253,0.5339015,0.0113715,3.96067681,3.76845867,4.33248327,4.45918621,-0.126702948,R019,P00075,S000,S100,26,R002,P00012,S324,S424,29
-0.25,-0.25,0.47253,0.4839015,0.0113715,4.80585175,4.61363361,5.17765821,5.30436116,-0.126702948,R019,P00075,S000,S100,26,R002,P00012,S324,S424,29
-0.2,-0.25,0.42253,0.4339015,0.0113715,5.65102669,5.45880856,6.02283315,6.1495361,-0.126702948,R019,P00075,S000,S100,21,R002,P00012,S324,S424,29
-0.15,-0.25,0.37253,0.3839015,0.0113715,6.49620164,6.3039835,6.86800809,6.99471104,-0.126702948,R019,P00075,S000,S100,21,R002,P00012,S324,S424,29
-0.1,-0.25,0.32253,0.3339015,0.0113715,7.34137658,7.14915844,7.71318304,7.83988599,-0.126702948,R019,P00075,S000,S100,21,R001,P00007,S324,S424,58
-0.05,-0.25,0.27253,0.2839015,0.0113715,8.18655152,7.99433339,8.55835798,8.68506093,-0.126702948,R019,P00075,S000,S100,25,R001,P00007,S324,S424,58
0,-0.25,0.22253,0.2339015,0.0113715,9.03172647,8.83950833,9.40353292,9.53023587,-0.126702948,R019,P00075,S000,S100,18,R001,P00007,S324,S424,58
-4,-0.2,9.48825844,19.9514487,10.4631902,-147.591504,-324.456028,-147.219697,-323.7653,176.545603,R007,P00015,S111,S101,6,R050,P32193,S222,S221,12
-3.95,-0.2,9.33825844,19.6514487,10.3131902,-145.055979,-319.384978,-144.684172,-318.69425,174.010078,R007,P00015,S111,S101,6,R050,P32193,S222,S221,12
-3.9,-0.2,9.18825844,19.3514487,10.1631902,-142.520454,-314.313928,-142.148648,-313.623201,171.474553,R007,P00015,S111,S101,6,R050,P32193,S222,S221,12
-3.85,-0.2,9.03825844,19.0514487,10.0131902,-139.984929,-309.242879,-139.613123,-308.552151,168.939028,R007,P00015,S111,S101,6,R050,P32193,S222,S221,12
-3.8,-0.2,8.88825844,18.7514487,9.86319022,-137.449404,-304.171829,-137.077598,-303.481101,166.403504,R007,P00015,S111,S101,6,R050,P32193,S222,S221,12
-3.75,-0.2,8.73825844,18.4514487,9.71319022,-134.913879,-299.100779,-134.542073,-298.410052,163.867979,R007,P00015,S111,S101,6,R050,P32193,S222,S221,12
-3.7,-0.2,8.58825844,18.1514487,9.56319022,-132.378355,-294.02973,-132.006548,-293.339002,161.332454,R007,P00015,S111,S101,6,R050,P32193,S222,S221,12
-3.65,-0.2,8.43825844,17.8514487,9.41319022,-129.84283,-288.95868,-129.471023,-288.267952,158.796929,R007,P00015,S111,S101,6,R050,P32193,S222,S221,12
-3.6,-0.2,8.28825844,17.5514487,9.26319022,-127.307305,-283.88763,-126.935499,-283.196903,156.261404,R007,P00015,S111,S101,6,R050,P32193,S222,S221,12
-3.55,-0.2,8.13825844,17.2514487,9.11319022,-124.77178,-278.816581,-124.399974,-278.125853,153.725879,R007,P00015,S111,S101,6,R050,P32193,S222,S221,12
-3.5,-0.2,7.98825844,16.9514487,8.96319022,-122.236255,-273.745531,-121.864449,-273.054803,151.190355,R007,P00015,S111,S101,6,R050,P32193,S222,S221,12
-3.45,-0.2,7.83825844,16.6514487,8.81319022,-119.700731,-268.674481,-119.328924,-267.983754,148.65483,R007,P00015,S111,S101,6,R050,P32193,S222,S221,12
-3.4,-0.2,7.68825844,16.3514487,8.66319022,-117.165206,-263.603432,-116.793399,-262.912704,146.119305,R007,P00015,S111,S101,6,R050,P32193,S222,S221,12
-3.35,-0.2,7.53825844,16.0514487,8.51319022,-114.629681,-258.532382,-114.257874,-257.841654,143.58378,R007,P00015,S111,S101,6,R050,P32193,S222,S221,12
-3.3,-0.2,7.38825844,15.7514487,8.36319022,-112.094156,-253.461332,-111.72235,-252.770605,141.048255,R007,P00015,S111,S101,6,R050,P32193,S222,S221,12
-3.25,-0.2,7.23825844,15.4514487,8.21319022,-109.558631,-248.390283,-109.186825,-247.699555,138.51273,R007,P00015,S111,S101,6,R050,P32193,S222,S221,12
-3.2,-0.2,7.08825844,15.1514487,8.06319022,-107.023106,-243.319233,-106.6513,-242.628506,135.977206,R007,P00015,S111,S101,6,R050,P32193,S222,S221,12
-3.15,-0.2,6.93825844,14.8514487,7.91319022,-104.487582,-238.248183,-104.115775,-237.557456,133.441681,R007,P00015,S111,S101,6,R050,P32193,S222,S221,12
-3.1,-0.2,6.78825844,14.5514487,7.76319022,-101.952057,-233.177134,-101.58025,-232.486406,130.906156,R007,P00015,S111,S101,6,R050,P32193,S222,S221,12
-3.05,-0.2,6.63825844,14.2514487,7.61319022,-99.4165319,-228.106084,-99.0447254,-227.415357,128.370631,R007,P00015,S111,S101,6,R050,P32193,S222,S221,12
-3,-0.2,6.48825844,13.9514487,7.46319022,-96.881007,-223.035034,-96.5092006,-222.344307,125.835106,R007,P00015,S111,S101,6,R050,P32193,S222,S221,12
-2.95,-0.2,6.33825844,13.6514487,7.31319022,-94.3454822,-217.963985,-93.9736758,-217.273257,123.299581,R007,P00015,S000,S212,6,R050,P32193,S222,S221,12
-2.9,-0.2,6.18825844,13.3514487,7.16319022,-91.8099574,-212.892935,-91.4381509,-212.202208,120.764057,R007,P00015,S000,S212,6,R050,P32193,S222,S221,12
-2.85,-0.2,6.03825844,13.0514487,7.01319022,-89.2744326,-207.821885,-88.9026261,-207.131158,118.228532,R007,P00015,S000,S212,6,R050,P32193,S222,S221,12
-2.8,-0.2,5.88825844,12.7514487,6.86319022,-86.7389077,-202.750836,-86.3671013,-202.060108,115.693007,R007,P00015,S000,S212,6,R050,P32193,S222,S221,12
-2.75,-0.2,5.73825844,12.4514487,6.71319022,-84.2033829,-197.679786,-83.8315764,-196.989059,113.157482,R007,P00015,S000,S212,6,R050,P32193,S222,S221,12
-2.7,-0.2,5.58825844,12.1514487,6.56319022,-81.6678581,-192.608736,-81.2960516,-191.918009,110.621957,R007,P00015,S000,S212,6,R050,P32193,S222,S221,12
-2.65,-0.2,5.43825844,11.8514487,6.41319022,-79.1323332,-187.537687,-78.7605268,-186.846959,108.086432,R007,P00015,S000,S212,6,R050,P32193,S222,S221,12
-2.6,-0.2,5.28825844,11.5514487,6.26319022,-76.5968084,-182.466637,-76.225002,-181.77591,105.550908,R007,P00015,S000,S212,6,R050,P32193,S222,S221,12
-2.55,-0.2,5.13825844,11.2514487,6.11319022,-74.0612836,-177.395587,-73.6894771,-176.70486,103.015383,R007,P00015,S000,S212,6,R050,P32193,S222,S221,12
-2.5,-0.2,4.98825844,10.9514487,5.96319022,-71.5257588,-172.324538,-71.1539523,-171.63381,100.479858,R007,P00015,S000,S212,6,R050,P32193,S222,S221,12
-2.45,-0.2,4.86924319,10.6514487,5.78220547,-69.5139846,-167.253488,-69.1421781,-166.562761,97.4205825,R007,P00015,S000,S212,6,R050,P32193,S222,S221,12
-2.4,-0.2,4.76924319,10.3514487,5.58220547,-67.8236347,-162.182439,-67.4518283,-161.491711,94.0398827,R003,P00003,S000,S212,9,R050,P32193,S222,S221,12
-2.35,-0.2,4.66924319,10.0514487,5.38220547,-66.1332848,-157.111389,-65.7614784,-156.420661,90.6591829,R003,P00003,S000,S212,9,R050,P32193,S222,S221,12
-2.3,-0.2,4.56924319,9.75144866,5.18220547,-64.4429349,-152.040339,-64.0711285,-151.349612,87.2784832,R003,P00003,S000,S212,13,R050,P32193,S222,S221,12
-2.25,-0.2,4.46924319,9.45144866,4.98220547,-62.7525851,-146.96929,-62.3807786,-146.278562,83.8977834,R003,P00003,S000,S212,13,R050,P32193,S222,S221,12
-2.2,-0.2,4.36924319,9.15144866,4.78220547,-61.0622352,-141.89824,-60.6904287,-141.207512,80.5170836,R003,P00003,S000,S212,13,R050,P32193,S222,S221,12
-2.15,-0.2,4.26924319,8.85144866,4.58220547,-59.3718853,-136.82719,-59.0000788,-136.136463,77.1363839,R003,P00003,S000,S212,13,R050,P32193,S222,S221,12
-2.1,-0.2,4.16924319,8.55144866,4.38220547,-57.6815354,-131.756141,-57.3097289,-131.065413,73.7556841,R003,P00003,S000,S212,13,R050,P32193,S222,S221,12
-2.05,-0.2,4.06924319,8.25144866,4.18220547,-55.9911855,-126.685091,-55.6193791,-125.994363,70.3749843,R003,P00003,S000,S212,13,R050,P32193,S222,S221,12
-2,-0.2,3.96924319,7.95144866,3.98220547,-54.3008356,-121.614041,-53.9290292,-120.923314,66.9942845,R003,P00003,S000,S212,17,R050,P32193,S222,S221,12
-1.95,-0.2,3.86924319,7.65144866,3.78220547,-52.6104857,-116.542992,-52.2386793,-115.852264,63.6135848,R003,P00003,S000,S212,20,R050,P32193,S222,S221,12
-1.9,-0.2,3.74456469,7.35144866,3.60688397,-50.5029829,-111.471942,-50.1311764,-110.781214,60.650038,R005,P00009,S000,S312,2,R050,P32193,S222,S221,12
-1.85,-0.2,3.59456469,7.05144866,3.45688397,-47.967458,-106.400892,-47.5956516,-105.710165,58.1145132,R005,P00009,S000,S312,2,R050,P32193,S222,S221,4
-1.8,-0.2,3.44456469,6.75144866,3.30688397,-45.4319332,-101.329843,-45.0601267,-100.639115,55.5789883,R005,P00009,S000,S312,2,R050,P32193,S222,S221,4
-1.75,-0.2,3.29456469,6.45144866,3.15688397,-42.8964084,-96.258793,-42.5246019,-95.5680654,53.0434635,R005,P00009,S000,S312,2,R050,P32193,S222,S221,4
-1.7,-0.2,3.14456469,6.15144866,3.00688397,-40.3608835,-91.1877433,-39.9890771,-90.4970158,50.5079387,R005,P00009,S000,S312,2,R050,P32193,S222,S221,4
-1.65,-0.2,2.99456469,5.85144866,2.85688397,-37.8253587,-86.1166936,-37.4535522,-85.4259661,47.9724138,R005,P00009,S000,S312,2,R050,P32193,S222,S221,4
-1.6,-0.2,2.84456469,5.55144866,2.70688397,-35.2898339,-81.045644,-34.9180274,-80.3549164,45.436889,R005,P00009,S000,S312,2,R050,P32193,S222,S221,4
-1.55,-0.2,2.69456469,5.25144866,2.55688397,-32.7543091,-75.9745943,-32.3825026,-75.2838668,42.9013642,R005,P00009,S000,S312,2,R050,P32193,S222,S221,4
-1.5,-0.2,2.54456469,4.95144866,2.40688397,-30.2187842,-70.9035447,-29.8469778,-70.2128171,40.3658394,R005,P00009,S000,S312,2,R050,P32193,S222,S221,4
-1.45,-0.2,2.39456469,4.65144866,2.25688397,-27.6832594,-65.832495,-27.3114529,-65.1417675,37.8303145,R005,P00009,S000,S312,2,R050,P32193,S222,S221,4
-1.4,-0.2,2.24456469,4.39230144,2.14773675,-25.1477346,-61.4520003,-24.7759281,-60.7612727,35.9853446,R005,P00009,S000,S312,1,R047,P31984,S222,S100,9
-1.35,-0.2,2.09456469,4.14230144,2.04773675,-22.6122097,-57.2261256,-22.2404033,-56.535398,34.2949948,R005,P00009,S000,S312,1,R047,P31984,S222,S100,9
-1.3,-0.2,1.94456469,3.89230144,1.94773675,-20.0766849,-53.0002509,-19.7048784,-52.3095233,32.6046449,R005,P00009,S000,S312,1,R047,P31984,S222,S100,10
-1.25,-0.2,1.79456469,3.64230144,1.84773675,-17.5411601,-48.7743761,-17.1693536,-48.0836486,30.914295,R005,P00009,S000,S312,1,R047,P31984,S222,S100,11
-1.2,-0.2,1.64456469,3.35740866,1.71284397,-15.0056352,-43.9586913,-14.6338288,-43.2679638,28.634135,R005,P00009,S000,S312,1,R040,P30313,S212,S211,20
-1.15,-0.2,1.49456469,3.06043519,1.5658705,-12.4701104,-38.9388006,-12.098304,-38.2480731,26.1497691,R005,P00009,S000,S312,1,R040,P30313,S212,S100,20
-1.1,-0.2,1.34456469,2.81043519,1.4658705,-9.93458559,-34.7129259,-9.56277913,-34.0221984,24.4594192,R005,P00009,S000,S312,1,R040,P30313,S212,S100,20
-1.05,-0.2,1.19456469,2.57317369,1.378609,-7.39906076,-30.7023764,-7.0272543,-30.0116489,22.9843946,R005,P00009,S000,S312,1,R036,P26755,S000,S432,8
-1,-0.2,1.04456469,2.37317369,1.328609,-4.86353593,-27.3216766,-4.49172947,-26.6309491,22.1392196,R005,P00009,S000,S312,1,R036,P26755,S000,S432,8
-0.95,-0.2,0.924629,2.17317369,1.24854469,-2.83620318,-23.9409769,-2.46439672,-23.2502493,20.7858526,R005,P00009,S202,S001,1,R035,P26753,S000,S432,28
-0.9,-0.2,0.874629,1.97317369,1.09854469,-1.99102824,-20.5602771,-1.61922178,-19.8695496,18.2503278,R005,P00009,S202,S001,1,R037,P27404,S000,S432,7
-0.85,-0.2,0.824629,1.77317369,0.948544687,-1.1458533,-17.1795773,-0.774046837,-16.4888498,15.714803,R005,P00009,S202,S001,2,R037,P27404,S000,S432,84
-0.8,-0.2,0.774629,1.57317369,0.798544687,-0.300678352,-13.7988776,0.0711281064,-13.10815,13.1792781,R005,P00009,S202,S001,2,R037,P27404,S000,S432,84
-0.75,-0.2,0.73278,1.37317369,0.640393687,0.406716172,-10.4181778,0.77852263,-9.72745024,10.5059729,R005,P00009,S000,S001,2,R043,P31028,S000,S432,77
-0.7,-0.2,0.73278,1.2166115,0.4838315,0.406716172,-7.77172904,0.77852263,-7.08100149,7.85952412,R005,P00009,S000,S001,2,R032,P24745,S323,S423,34
-0.65,-0.2,0.73278,1.1666115,0.4338315,0.406716172,-6.92655409,0.77852263,-6.23582655,7.01434918,R005,P00009,S000,S001,12,R005,P00028,S323,S423,66
-0.6,-0.2,0.73278,1.1166115,0.3838315,0.406716172,-6.08137915,0.77852263,-5.39065161,6.16917424,R005,P00009,S000,S001,12,R004,P00023,S323,S423,99
-0.55,-0.2,0.73278,1.03808675,0.30530675,0.406716172,-4.75403613,0.77852263,-4.06330859,4.84183122,R005,P00009,S000,S001,12,R002,P00012,S324,S534,33
-0.5,-0.2,0.72253,0.93808675,0.21555675,0.579977035,-3.06368624,0.951783494,-2.3729587,3.32474219,R019,P00075,S000,S100,12,R002,P00012,S324,S534,32
-0.45,-0.2,0.67253,0.83808675,0.16555675,1.42515198,-1.37333636,1.79695844,-0.682608813,2.47956725,R019,P00075,S000,S100,12,R002,P00012,S324,S534,32
-0.4,-0.2,0.62253,0.73808675,0.11555675,2.27032692,0.317013529,2.64213338,1.00774107,1.63439231,R019,P00075,S000,S100,19,R002,P00012,S324,S534,32
-0.35,-0.2,0.57253,0.63808675,0.06555675,3.11550186,2.00736342,3.48730832,2.69809096,0.789217364,R019,P00075,S000,S100,19,R002,P00012,S324,S534,29
-0.3,-0.2,0.52253,0.53808675,0.01555675,3.96067681,3.6977133,4.33248327,4.38844085,-0.0559575795,R019,P00075,S000,S100,19,R002,P00012,S324,S534,29
-0.25,-0.2,0.47253,0.4839015,0.0113715,4.80585175,4.61363361,5.17765821,5.30436116,-0.126702948,R019,P00075,S000,S100,19,R002,P00012,S324,S424,29
-0.2,-0.2,0.42253,0.4339015,0.0113715,5.65102669,5.45880856,6.02283315,6.1495361,-0.126702948,R019,P00075,S000,S100,19,R002,P00012,S324,S424,29
-0.15,-0.2,0.37253,0.3839015,0.0113715,6.49620164,6.3039835,6.86800809,6.99471104,-0.126702948,R019,P00075,S000,S100,19,R002,P00012,S324,S424,29
-0.1,-0.2,0.32253,0.3339015,0.0113715,7.34137658,7.14915844,7.71318304,7.83988599,-0.126702948,R019,P00075,S000,S100,17,R001,P00007,S324,S424,58
-0.05,-0.2,0.27253,0.2839015,0.0113715,8.18655152,7.99433339,8.55835798,8.68506093,-0.126702948,R019,P00075,S000,S100,11,R001,P00007,S324,S424,58
0,-0.2,0.22253,0.2339015,0.0113715,9.03172647,8.83950833,9.40353292,9.53023587,-0.126702948,R019,P00075,S000,S100,15,R001,P00007,S324,S424,58
-4,-0.15,9.63825844,20.2264487,10.5881902,-150.127028,-329.10449,-149.755222,-328.413762,178.65854,R007,P00015,S111,S101,6,R050,P32193,S222,S221,12
-3.95,-0.15,9.48825844,19.9264487,10.4381902,-147.591504,-324.03344,-147.219697,-323.342713,176.123015,R007,P00015,S111,S101,6,R050,P32193,S222,S221,12
-3.9,-0.15,9.33825844,19.6264487,10.2881902,-145.055979,-318.96239,-144.684172,-318.271663,173.587491,R007,P00015,S111,S101,6,R050,P32193,S222,S221,12
-3.85,-0.15,9.18825844,19.3264487,10.1381902,-142.520454,-313.891341,-142.148648,-313.200613,171.051966,R007,P00015,S111,S101,6,R050,P32193,S222,S221,12
-3.8,-0.15,9.03825844,19.0264487,9.98819022,-139.984929,-308.820291,-139.613123,-308.129564,168.516441,R007,P00015,S111,S101,6,R050,P32193,S222,S221,12
-3.75,-0.15,8.88825844,18.7264487,9.83819022,-137.449404,-303.749241,-137.077598,-303.058514,165.980916,R007,P00015,S111,S101,6,R050,P32193,S222,S221,12
-3.7,-0.15,8.73825844,18.4264487,9.68819022,-134.913879,-298.678192,-134.542073,-297.987464,163.445391,R007,P00015,S111,S101,6,R050,P32193,S222,S221,12
-3.65,-0.15,8.58825844,18.1264487,9.53819022,-132.378355,-293.607142,-132.006548,-292.916415,160.909866,R007,P00015,S111,S101,6,R050,P32193,S222,S221,12
-3.6,-0.15,8.43825844,17.8264487,9.38819022,-129.84283,-288.536092,-129.471023,-287.845365,158.374342,R007,P00015,S111,S101,6,R050,P32193,S222,S221,12
-3.55,-0.15,8.28825844,17.5264487,9.23819022,-127.307305,-283.465043,-126.935499,-282.774315,155.838817,R007,P00015,S111,S101,6,R050,P32193,S222,S221,12
-3.5,-0.15,8.13825844,17.2264487,9.08819022,-124.77178,-278.393993,-124.399974,-277.703266,153.303292,R007,P00015,S111,S101,6,R050,P32193,S222,S221,12
-3.45,-0.15,7.98825844,16.9264487,8.93819022,-122.236255,-273.322944,-121.864449,-272.632216,150.767767,R007,P00015,S111,S101,6,R050,P32193,S222,S221,12
-3.4,-0.15,7.83825844,16.6264487,8.78819022,-119.700731,-268.251894,-119.328924,-267.561166,148.232242,R007,P00015,S111,S101,6,R050,P32193,S222,S221,12
-3.35,-0.15,7.68825844,16.3264487,8.63819022,-117.165206,-263.180844,-116.793399,-262.490117,145.696717,R007,P00015,S111,S101,6,R050,P32193,S222,S221,12
-3.3,-0.15,7.53825844,16.0264487,8.48819022,-114.629681,-258.109795,-114.257874,-257.419067,143.161193,R007,P00015,S111,S101,6,R050,P32193,S222,S221,12
-3.25,-0.15,7.38825844,15.7264487,8.33819022,-112.094156,-253.038745,-111.72235,-252.348017,140.625668,R007,P00015,S111,S101,6,R050,P32193,S222,S221,12
-3.2,-0.15,7.23825844,15.4264487,8.18819022,-109.558631,-247.967695,-109.186825,-247.276968,138.090143,R007,P00015,S111,S101,6,R050,P32193,S222,S221,12
-3.15,-0.15,7.08825844,15.1264487,8.03819022,-107.023106,-242.896646,-106.6513,-242.205918,135.554618,R007,P00015,S111,S101,6,R050,P32193,S222,S221,12
-3.1,-0.15,6.93825844,14.8264487,7.88819022,-104.487582,-237.825596,-104.115775,-237.134868,133.019093,R007,P00015,S111,S101,6,R050,P32193,S222,S221,12
-3.05,-0.15,6.78825844,14.5264487,7.73819022,-101.952057,-232.754546,-101.58025,-232.063819,130.483568,R007,P00015,S111,S101,6,R050,P32193,S222,S221,12
-3,-0.15,6.63825844,14.2264487,7.58819022,-99.4165319,-227.683497,-99.0447254,-226.992769,127.948044,R007,P00015,S111,S101,6,R050,P32193,S222,S221,12
-2.95,-0.15,6.48825844,13.9264487,7.43819022,-96.881007,-222.612447,-96.5092006,-221.921719,125.412519,R007,P00015,S000,S212,6,R050,P32193,S222,S221,12
-2.9,-0.15,6.33825844,13.6264487,7.28819022,-94.3454822,-217.541397,-93.9736758,-216.85067,122.876994,R007,P00015,S000,S212,6,R050,P32193,S222,S221,12
-2.85,-0.15,6.18825844,13.3264487,7.13819022,-91.8099574,-212.470348,-91.4381509,-211.77962,120.341469,R007,P00015,S000,S212,6,R050,P32193,S222,S221,12
-2.8,-0.15,6.03825844,13.0264487,6.98819022,-89.2744326,-207.399298,-88.9026261,-206.70857,117.805944,R007,P00015,S000,S212,6,R050,P32193,S222,S221,12
-2.75,-0.15,5.88825844,12.7264487,6.83819022,-86.7389077,-202.328248,-86.3671013,-201.637521,115.270419,R007,P00015,S000,S212,6,R050,P32193,S222,S221,12
-2.7,-0.15,5.73825844,12.4264487,6.68819022,-84.2033829,-197.257199,-83.8315764,-196.566471,112.734895,R007,P00015,S000,S212,6,R050,P32193,S222,S221,12
-2.65,-0.15,5.58825844,12.1264487,6.53819022,-81.6678581,-192.186149,-81.2960516,-191.495421,110.19937,R007,P00015,S000,S212,6,R050,P32193,S222,S221,12
-2.6,-0.15,5.43825844,11.8264487,6.38819022,-79.1323332,-187.115099,-78.7605268,-186.424372,107.663845,R007,P00015,S000,S212,6,R050,P32193,S222,S221,12
-2.55,-0.15,5.28825844,11.5264487,6.23819022,-76.5968084,-182.04405,-76.225002,-181.353322,105.12832,R007,P00015,S000,S212,6,R050,P32193,S222,S221,12
-2.5,-0.15,5.13825844,11.2264487,6.08819022,-74.0612836,-176.973,-73.6894771,-176.282272,102.592795,R007,P00015,S000,S212,6,R050,P32193,S222,S221,12
-2.45,-0.15,4.98825844,10.9264487,5.93819022,-71.5257588,-171.90195,-71.1539523,-171.211223,100.057271,R007,P00015,S000,S212,6,R050,P32193,S222,S221,12
-2.4,-0.15,4.86924319,10.6264487,5.75720547,-69.5139846,-166.830901,-69.1421781,-166.140173,96.997995,R003,P00003,S000,S212,9,R050,P32193,S222,S221,12
-2.35,-0.15,4.76924319,10.3264487,5.55720547,-67.8236347,-161.759851,-67.4518283,-161.069123,93.6172952,R003,P00003,S000,S212,9,R050,P32193,S222,S221,12
-2.3,-0.15,4.66924319,10.0264487,5.35720547,-66.1332848,-156.688801,-65.7614784,-155.998074,90.2365955,R003,P00003,S000,S212,13,R050,P32193,S222,S221,12
-2.25,-0.15,4.56924319,9.72644866,5.15720547,-64.4429349,-151.617752,-64.0711285,-150.927024,86.8558957,R003,P00003,S000,S212,13,R050,P32193,S222,S221,12
-2.2,-0.15,4.46924319,9.42644866,4.95720547,-62.7525851,-146.546702,-62.3807786,-145.855975,83.4751959,R003,P00003,S000,S212,13,R050,P32193,S222,S221,12
-2.15,-0.15,4.36924319,9.12644866,4.75720547,-61.0622352,-141.475652,-60.6904287,-140.784925,80.0944962,R003,P00003,S000,S212,13,R050,P32193,S222,S221,12
-2.1,-0.15,4.26924319,8.82644866,4.55720547,-59.3718853,-136.404603,-59.0000788,-135.713875,76.7137964,R003,P00003,S000,S212,13,R050,P32193,S222,S221,12
-2.05,-0.15,4.16924319,8.52644866,4.35720547,-57.6815354,-131.333553,-57.3097289,-130.642826,73.3330966,R003,P00003,S000,S212,13,R050,P32193,S222,S221,12
-2,-0.15,4.06924319,8.22644866,4.15720547,-55.9911855,-126.262503,-55.6193791,-125.571776,69.9523968,R003,P00003,S000,S212,13,R050,P32193,S222,S221,12
-1.95,-0.15,3.96924319,7.92644866,3.95720547,-54.3008356,-121.191454,-53.9290292,-120.500726,66.5716971,R003,P00003,S000,S212,20,R050,P32193,S222,S221,12
-1.9,-0.15,3.84456469,7.62644866,3.78188397,-52.1933327,-116.120404,-51.8215263,-115.429677,63.6081503,R005,P00009,S000,S312,2,R050,P32193,S222,S221,12
-1.85,-0.15,3.69456469,7.32644866,3.63188397,-49.6578079,-111.049354,-49.2860015,-110.358627,61.0726255,R005,P00009,S000,S312,2,R050,P32193,S222,S221,12
-1.8,-0.15,3.54456469,7.02644866,3.48188397,-47.1222831,-105.978305,-46.7504766,-105.287577,58.5371006,R005,P00009,S000,S312,2,R050,P32193,S222,S221,12
-1.75,-0.15,3.39456469,6.72644866,3.33188397,-44.5867583,-100.907255,-44.2149518,-100.216528,56.0015758,R005,P00009,S000,S312,2,R050,P32193,S222,S221,4
-1.7,-0.15,3.24456469,6.42644866,3.18188397,-42.0512334,-95.8362055,-41.679427,-95.1454779,53.466051,R005,P00009,S000,S312,2,R050,P32193,S222,S221,4
-1.65,-0.15,3.09456469,6.12644866,3.03188397,-39.5157086,-90.7651558,-39.1439021,-90.0744283,50.9305261,R005,P00009,S000,S312,2,R050,P32193,S222,S221,4
-1.6,-0.15,2.94456469,5.82644866,2.88188397,-36.9801838,-85.6941062,-36.6083773,-85.0033786,48.3950013,R005,P00009,S000,S312,2,R050,P32193,S222,S221,4
-1.55,-0.15,2.79456469,5.52644866,2.73188397,-34.4446589,-80.6230565,-34.0728525,-79.932329,45.8594765,R005,P00009,S000,S312,2,R050,P32193,S222,S221,4
-1.5,-0.15,2.64456469,5.22644866,2.58188397,-31.9091341,-75.5520069,-31.5373276,-74.8612793,43.3239517,R005,P00009,S000,S312,2,R050,P32193,S222,S221,4
-1.45,-0.15,2.49456469,4.92644866,2.43188397,-29.3736093,-70.4809572,-29.0018028,-69.7902297,40.7884268,R005,P00009,S000,S312,2,R051,P32195,S222,S221,1
-1.4,-0.15,2.34456469,4.62644866,2.28188397,-26.8380844,-65.4099075,-26.466278,-64.71918,38.252902,R005,P00009,S000,S312,1,R051,P32195,S222,S221,1
-1.35,-0.15,2.19456469,4.32644866,2.13188397,-24.3025596,-60.3388579,-23.9307532,-59.6481303,35.7173772,R005,P00009,S000,S312,1,R051,P32195,S222,S221,1
-1.3,-0.15,2.04456469,4.04230144,1.99773675,-21.7670348,-55.5357757,-21.3952283,-54.8450481,33.4498198,R005,P00009,S000,S312,1,R051,P32195,S222,S100,1
-1.25,-0.15,1.89456469,3.79230144,1.89773675,-19.23151,-51.309901,-18.8597035,-50.6191734,31.7594699,R005,P00009,S000,S312,1,R047,P31984,S222,S100,9
-1.2,-0.15,1.74456469,3.54230144,1.79773675,-16.6959851,-47.0840263,-16.3241787,-46.3932987,30.06912,R005,P00009,S000,S312,1,R047,P31984,S222,S100,10
-1.15,-0.15,1.59456469,3.29230144,1.69773675,-14.1604603,-42.8581515,-13.7886538,-42.167424,28.3787702,R005,P00009,S000,S312,1,R047,P31984,S222,S100,10
-1.1,-0.15,1.44456469,3.03240866,1.58784397,-11.6249355,-38.4650542,-11.253129,-37.7743267,26.5211976,R005,P00009,S000,S312,1,R040,P30313,S212,S211,20
-1.05,-0.15,1.29456469,2.76043519,1.4658705,-9.08941064,-33.867751,-8.71760419,-33.1770234,24.4594192,R005,P00009,S000,S312,1,R040,P30313,S212,S100,16
-1,-0.15,1.14456469,2.51043519,1.3658705,-6.55388582,-29.6418763,-6.18207936,-28.9511487,22.7690694,R005,P00009,S000,S312,1,R034,P26548,S212,S100,32
-0.95,-0.15,1.049629,2.29948172,1.24985272,-4.94914054,-26.0760246,-4.57733408,-25.385297,20.8079629,R005,P00009,S202,S001,1,R033,P25897,S323,S100,88
-0.9,-0.15,0.999629,2.09948172,1.09985272,-4.1039656,-22.6953248,-3.73215914,-22.0045972,18.2724381,R005,P00009,S202,S001,1,R033,P25897,S323,S100,88
-0.85,-0.15,0.949629,1.89948172,0.949852719,-3.25879065,-19.314625,-2.88698419,-18.6238975,15.7369133,R005,P00009,S202,S001,2,R033,P25897,S323,S100,88
-0.8,-0.15,0.899629,1.69948172,0.799852719,-2.41361571,-15.9339252,-2.04180925,-15.2431977,13.2013884,R005,P00009,S202,S001,2,R030,P24736,S323,S100,136
-0.75,-0.15,0.849629,1.49948172,0.649852719,-1.56844077,-12.5532255,-1.19663431,-11.8624979,10.6658636,R005,P00009,S202,S001,2,R030,P24736,S323,S100,68
-0.7,-0.15,0.799629,1.29948172,0.499852719,-0.723265824,-9.17252569,-0.351459365,-8.48179815,8.13033878,R005,P00009,S202,S001,2,R032,P24745,S323,S100,34
-0.65,-0.15,0.75778,1.1666115,0.4088315,-0.0158712998,-6.92655409,0.355935159,-6.23582655,6.59176171,R005,P00009,S000,S001,5,R032,P24745,S323,S423,34
-0.6,-0.15,0.75778,1.1166115,0.3588315,-0.0158712998,-6.08137915,0.355935159,-5.39065161,5.74658677,R005,P00009,S000,S001,12,R005,P00028,S323,S423,64
-0.55,-0.15,0.75778,1.0666115,0.3088315,-0.0158712998,-5.23620421,0.355935159,-4.54547666,4.90141182,R005,P00009,S000,S001,12,R004,P00023,S323,S423,96
-0.5,-0.15,0.72253,0.98808675,0.26555675,0.579977035,-3.90886119,0.951783494,-3.21813364,4.16991714,R019,P00075,S000,S100,12,R002,P00012,S324,S534,32
-0.45,-0.15,0.67253,0.88808675,0.21555675,1.42515198,-2.2185113,1.79695844,-1.52778376,3.32474219,R019,P00075,S000,S100,12,R002,P00012,S324,S534,32
-0.4,-0.15,0.62253,0.78808675,0.16555675,2.27032692,-0.528161414,2.64213338,0.16256613,2.47956725,R019,P00075,S000,S100,19,R002,P00012,S324,S534,32
-0.35,-0.15,0.57253,0.68808675,0.11555675,3.11550186,1.16218847,3.48730832,1.85291602,1.63439231,R019,P00075,S000,S100,19,R002,P00012,S324,S534,32
-0.3,-0.15,0.52253,0.58808675,0.06555675,3.96067681,2.85253836,4.33248327,3.5432659,0.789217364,R019,P00075,S000,S100,19,R002,P00012,S324,S534,29
-0.25,-0.15,0.47253,0.48808675,0.01555675,4.80585175,4.54288824,5.17765821,5.23361579,-0.0559575795,R019,P00075,S000,S100,19,R002,P00012,S324,S534,29
-0.2,-0.15,0.42253,0.4339015,0.0113715,5.65102669,5.45880856,6.02283315,6.1495361,-0.126702948,R019,P00075,S000,S100,17,R002,P00012,S324,S424,29
-0.15,-0.15,0.37253,0.3839015,0.0113715,6.49620164,6.3039835,6.86800809,6.99471104,-0.126702948,R019,P00075,S000,S100,17,R002,P00012,S324,S424,29
-0.1,-0.15,0.32253,0.3339015,0.0113715,7.34137658,7.14915844,7.71318304,7.83988599,-0.126702948,R019,P00075,S000,S100,11,R001,P00007,S324,S424,58
-0.05,-0.15,0.27253,0.2839015,0.0113715,8.18655152,7.99433339,8.55835798,8.68506093,-0.126702948,R019,P00075,S000,S100,11,R001,P00007,S324,S424,58
0,-0.15,0.22253,0.2339015,0.0113715,9.03172647,8.83950833,9.40353292,9.53023587,-0.126702948,R019,P00075,S000,S100,11,R001,P00007,S324,S424,58
-4,-0.1,9.78825844,20.5014487,10.7131902,-152.662553,-333.752952,-152.290747,-333.062224,180.771478,R003,P00003,S102,S101,9,R050,P32193,S222,S221,12
-3.95,-0.1,9.63825844,20.2014487,10.5631902,-150.127028,-328.681902,-149.755222,-327.991175,178.235953,R003,P00003,S102,S101,9,R050,P32193,S222,S221,12
-3.9,-0.1,9.48825844,19.9014487,10.4131902,-147.591504,-323.610853,-147.219697,-322.920125,175.700428,R003,P00003,S102,S101,9,R050,P32193,S222,S221,12
-3.85,-0.1,9.33825844,19.6014487,10.2631902,-145.055979,-318.539803,-144.684172,-317.849075,173.164903,R003,P00003,S102,S101,9,R050,P32193,S222,S221,12
-3.8,-0.1,9.18825844,19.3014487,10.1131902,-142.520454,-313.468753,-142.148648,-312.778026,170.629378,R003,P00003,S102,S101,9,R050,P32193,S222,S221,12
-3.75,-0.1,9.03825844,19.0014487,9.96319022,-139.984929,-308.397704,-139.613123,-307.706976,168.093853,R003,P00003,S102,S101,9,R050,P32193,S222,S221,12
-3.7,-0.1,8.88825844,18.7014487,9.81319022,-137.449404,-303.326654,-137.077598,-302.635926,165.558329,R003,P00003,S102,S101,9,R050,P32193,S222,S221,12
-3.65,-0.1,8.73825844,18.4014487,9.66319022,-134.913879,-298.255604,-134.542073,-297.564877,163.022804,R003,P00003,S102,S101,9,R050,P32193,S222,S221,12
-3.6,-0.1,8.58825844,18.1014487,9.51319022,-132.378355,-293.184555,-132.006548,-292.493827,160.487279,R003,P00003,S102,S101,9,R050,P32193,S222,S221,12
-3.55,-0.1,8.43825844,17.8014487,9.36319022,-129.84283,-288.113505,-129.471023,-287.422777,157.951754,R003,P00003,S102,S101,9,R050,P32193,S222,S221,12
-3.5,-0.1,8.28825844,17.5014487,9.21319022,-127.307305,-283.042455,-126.935499,-282.351728,155.416229,R003,P00003,S102,S101,9,R050,P32193,S222,S221,12
-3.45,-0.1,8.13825844,17.2014487,9.06319022,-124.77178,-277.971406,-124.399974,-277.280678,152.880704,R003,P00003,S102,S101,9,R050,P32193,S222,S221,12
-3.4,-0.1,7.98825844,16.9014487,8.91319022,-122.236255,-272.900356,-121.864449,-272.209629,150.34518,R003,P00003,S102,S101,9,R050,P32193,S222,S221,12
-3.35,-0.1,7.83825844,16.6014487,8.76319022,-119.700731,-267.829306,-119.328924,-267.138579,147.809655,R003,P00003,S102,S101,9,R050,P32193,S222,S221,12
-3.3,-0.1,7.68825844,16.3014487,8.61319022,-117.165206,-262.758257,-116.793399,-262.067529,145.27413,R003,P00003,S102,S101,9,R050,P32193,S222,S221,12
-3.25,-0.1,7.53825844,16.0014487,8.46319022,-114.629681,-257.687207,-114.257874,-256.99648,142.738605,R003,P00003,S102,S101,9,R050,P32193,S222,S221,12
-3.2,-0.1,7.38825844,15.7014487,8.31319022,-112.094156,-252.616157,-111.72235,-251.92543,140.20308,R003,P00003,S102,S101,9,R050,P32193,S222,S221,12
-3.15,-0.1,7.23825844,15.4014487,8.16319022,-109.558631,-247.545108,-109.186825,-246.85438,137.667555,R003,P00003,S102,S101,9,R050,P32193,S222,S221,12
-3.1,-0.1,7.08825844,15.1014487,8.01319022,-107.023106,-242.474058,-106.6513,-241.783331,135.132031,R003,P00003,S102,S101,9,R050,P32193,S222,S221,12
-3.05,-0.1,6.93825844,14.8014487,7.86319022,-104.487582,-237.403008,-104.115775,-236.712281,132.596506,R003,P00003,S102,S101,9,R050,P32193,S222,S221,12
-3,-0.1,6.78825844,14.5014487,7.71319022,-101.952057,-232.331959,-101.58025,-231.641231,130.060981,R003,P00003,S102,S101,9,R050,P32193,S222,S221,12
-2.95,-0.1,6.63825844,14.2014487,7.56319022,-99.4165319,-227.260909,-99.0447254,-226.570182,127.525456,R003,P00003,S102,S101,9,R050,P32193,S222,S221,12
-2.9,-0.1,6.48825844,13.9014487,7.41319022,-96.881007,-222.189859,-96.5092006,-221.499132,124.989931,R003,P00003,S102,S101,9,R050,P32193,S222,S221,12
-2.85,-0.1,6.33825844,13.6014487,7.26319022,-94.3454822,-217.11881,-93.9736758,-216.428082,122.454407,R003,P00003,S102,S101,9,R050,P32193,S222,S221,12
-2.8,-0.1,6.18825844,13.3014487,7.11319022,-91.8099574,-212.04776,-91.4381509,-211.357033,119.918882,R003,P00003,S102,S101,9,R050,P32193,S222,S221,12
-2.75,-0.1,6.03825844,13.0014487,6.96319022,-89.2744326,-206.97671,-88.9026261,-206.285983,117.383357,R003,P00003,S102,S101,9,R050,P32193,S222,S221,12
-2.7,-0.1,5.88825844,12.7014487,6.81319022,-86.7389077,-201.905661,-86.3671013,-201.214933,114.847832,R003,P00003,S102,S101,9,R050,P32193,S222,S221,12
-2.65,-0.1,5.73825844,12.4014487,6.66319022,-84.2033829,-196.834611,-83.8315764,-196.143884,112.312307,R003,P00003,S102,S101,9,R050,P32193,S222,S221,12
-2.6,-0.1,5.58825844,12.1014487,6.51319022,-81.6678581,-191.763562,-81.2960516,-191.072834,109.776782,R003,P00003,S102,S101,9,R050,P32193,S222,S221,12
-2.55,-0.1,5.43825844,11.8014487,6.36319022,-79.1323332,-186.692512,-78.7605268,-186.001784,107.241258,R003,P00003,S102,S101,9,R050,P32193,S222,S221,12
-2.5,-0.1,5.28825844,11.5014487,6.21319022,-76.5968084,-181.621462,-76.225002,-180.930735,104.705733,R003,P00003,S102,S101,9,R050,P32193,S222,S221,12
-2.45,-0.1,5.13825844,11.2014487,6.06319022,-74.0612836,-176.550413,-73.6894771,-175.859685,102.170208,R003,P00003,S102,S101,9,R050,P32193,S222,S221,12
-2.4,-0.1,4.98825844,10.9014487,5.91319022,-71.5257588,-171.479363,-71.1539523,-170.788635,99.634683,R003,P00003,S102,S101,9,R050,P32193,S222,S221,12
-2.35,-0.1,4.86924319,10.6014487,5.73220547,-69.5139846,-166.408313,-69.1421781,-165.717586,96.5754075,R003,P00003,S000,S212,9,R050,P32193,S222,S221,12
-2.3,-0.1,4.76924319,10.3014487,5.53220547,-67.8236347,-161.337264,-67.4518283,-160.646536,93.1947078,R003,P00003,S000,S212,9,R050,P32193,S222,S221,12
-2.25,-0.1,4.66924319,10.0014487,5.33220547,-66.1332848,-156.266214,-65.7614784,-155.575486,89.814008,R003,P00003,S000,S212,13,R050,P32193,S222,S221,12
-2.2,-0.1,4.56924319,9.70144866,5.13220547,-64.4429349,-151.195164,-64.0711285,-150.504437,86.4333082,R003,P00003,S000,S212,13,R050,P32193,S222,S221,12
-2.15,-0.1,4.46924319,9.40144866,4.93220547,-62.7525851,-146.124115,-62.3807786,-145.433387,83.0526085,R003,P00003,S000,S212,13,R050,P32193,S222,S221,12
-2.1,-0.1,4.36924319,9.10144866,4.73220547,-61.0622352,-141.053065,-60.6904287,-140.362337,79.6719087,R003,P00003,S000,S212,13,R050,P32193,S222,S221,12
-2.05,-0.1,4.26924319,8.80144866,4.53220547,-59.3718853,-135.982015,-59.0000788,-135.291288,76.2912089,R003,P00003,S000,S212,13,R050,P32193,S222,S221,12
-2,-0.1,4.16924319,8.50144866,4.33220547,-57.6815354,-130.910966,-57.3097289,-130.220238,72.9105091,R003,P00003,S000,S212,13,R050,P32193,S222,S221,12
-1.95,-0.1,4.06924319,8.20144866,4.13220547,-55.9911855,-125.839916,-55.6193791,-125.149188,69.5298094,R003,P00003,S000,S212,20,R050,P32193,S222,S221,12
-1.9,-0.1,3.94456469,7.90144866,3.95688397,-53.8836826,-120.768866,-53.5118762,-120.078139,66.5662626,R005,P00009,S000,S312,2,R050,P32193,S222,S221,12
-1.85,-0.1,3.79456469,7.60144866,3.80688397,-51.3481578,-115.697817,-50.9763513,-115.007089,64.0307378,R005,P00009,S000,S312,2,R050,P32193,S222,S221,12
-1.8,-0.1,3.64456469,7.30144866,3.65688397,-48.812633,-110.626767,-48.4408265,-109.936039,61.4952129,R005,P00009,S000,S312,2,R050,P32193,S222,S221,12
-1.75,-0.1,3.49456469,7.00144866,3.50688397,-46.2771081,-105.555717,-45.9053017,-104.86499,58.9596881,R005,P00009,S000,S312,2,R050,P32193,S222,S221,12
-1.7,-0.1,3.34456469,6.70144866,3.35688397,-43.7415833,-100.484668,-43.3697769,-99.7939401,56.4241633,R005,P00009,S000,S312,2,R050,P32193,S222,S221,4
-1.65,-0.1,3.19456469,6.40144866,3.20688397,-41.2060585,-95.413618,-40.834252,-94.7228905,53.8886384,R005,P00009,S000,S312,2,R050,P32193,S222,S221,4
-1.6,-0.1,3.04456469,6.10144866,3.05688397,-38.6705337,-90.3425684,-38.2987272,-89.6518408,51.3531136,R005,P00009,S000,S312,2,R050,P32193,S222,S221,4
-1.55,-0.1,2.89456469,5.80144866,2.90688397,-36.1350088,-85.2715187,-35.7632024,-84.5807912,48.8175888,R005,P00009,S000,S312,2,R050,P32193,S222,S221,4
-1.5,-0.1,2.74456469,5.50144866,2.75688397,-33.599484,-80.200469,-33.2276775,-79.5097415,46.282064,R005,P00009,S000,S312,2,R050,P32193,S222,S221,4
-1.45,-0.1,2.59456469,5.20144866,2.60688397,-31.0639592,-75.1294194,-30.6921527,-74.4386918,43.7465391,R005,P00009,S000,S312,2,R051,P32195,S222,S221,1
-1.4,-0.1,2.44456469,4.90144866,2.45688397,-28.5284343,-70.0583697,-28.1566279,-69.3676422,41.2110143,R005,P00009,S000,S312,1,R051,P32195,S222,S221,1
-1.35,-0.1,2.29456469,4.60144866,2.30688397,-25.9929095,-64.9873201,-25.621103,-64.2965925,38.6754895,R005,P00009,S000,S312,1,R051,P32195,S222,S221,1
-1.3,-0.1,2.14456469,4.30144866,2.15688397,-23.4573847,-59.9162704,-23.0855782,-59.2255429,36.1399646,R005,P00009,S000,S312,1,R051,P32195,S222,S221,1
-1.25,-0.1,1.99456469,4.00144866,2.00688397,-20.9218598,-54.8452207,-20.5500534,-54.1544932,33.6044398,R005,P00009,S000,S312,1,R051,P32195,S222,S221,1
-1.2,-0.1,1.84456469,3.72366341,1.87909872,-18.386335,-50.1496781,-18.0145286,-49.4589505,31.444422,R005,P00009,S000,S312,1,R051,P32195,S222,S111,1
-1.15,-0.1,1.69456469,3.47366341,1.77909872,-15.8508102,-45.9238034,-15.4790037,-45.2330758,29.7540721,R005,P00009,S000,S312,1,R047,P31984,S222,S111,10
-1.1,-0.1,1.54456469,3.22366341,1.67909872,-13.3152854,-41.6979287,-12.9434789,-41.0072011,28.0637222,R005,P00009,S000,S312,1,R047,P31984,S222,S111,10
-1.05,-0.1,1.39456469,2.97366341,1.57909872,-10.7797605,-37.4720539,-10.4079541,-36.7813264,26.3733723,R005,P00009,S000,S312,1,R047,P31984,S222,S111,10
-1,-0.1,1.24573694,2.69230144,1.4465645,-8.26405085,-32.7160522,-7.89224439,-32.0253247,24.1330803,R005,P00009,S202,S102,1,R052,P39118,S222,S100,8
-0.95,-0.1,1.174629,2.44230144,1.26767244,-7.0620779,-28.4901775,-6.69027144,-27.79945,21.1091785,R005,P00009,S202,S001,1,R052,P39118,S222,S100,8
-0.9,-0.1,1.124629,2.22448172,1.09985272,-6.21690295,-24.8082621,-5.84509649,-24.1175346,18.2724381,R005,P00009,S202,S001,1,R033,P25897,S323,S100,56
-0.85,-0.1,1.074629,2.02448172,0.949852719,-5.37172801,-21.4275624,-4.99992155,-20.7368348,15.7369133,R005,P00009,S202,S001,2,R033,P25897,S323,S100,56
-0.8,-0.1,1.024629,1.82448172,0.799852719,-4.52655307,-18.0468626,-4.15474661,-17.356135,13.2013884,R005,P00009,S202,S001,2,R033,P25897,S323,S100,56
-0.75,-0.1,0.974629,1.62448172,0.649852719,-3.68137812,-14.6661628,-3.30957167,-13.9754353,10.6658636,R005,P00009,S202,S001,2,R030,P24736,S323,S100,80
-0.7,-0.1,0.924629,1.42448172,0.499852719,-2.83620318,-11.285463,-2.46439672,-10.5947355,8.13033878,R005,P00009,S202,S001,2,R030,P24736,S323,S100,40
-0.65,-0.1,0.813466469,1.22448172,0.41101525,-0.957167465,-7.90476328,-0.585361007,-7.21403573,6.62867472,R008,P00037,S000,S311,3,R032,P24745,S323,S100,20
-0.6,-0.1,0.78278,1.1166115,0.3338315,-0.438458771,-6.08137915,-0.0666523128,-5.39065161,5.32399929,R008,P00037,S000,S001,3,R032,P24745,S323,S423,34
-0.55,-0.1,0.77253,1.0666115,0.2940815,-0.265197908,-5.23620421,0.106608551,-4.54547666,4.65208521,R019,P00075,S000,S100,12,R004,P00023,S323,S423,96
-0.5,-0.1,0.72253,1.0166115,0.2940815,0.579977035,-4.39102927,0.951783494,-3.70030172,4.65208521,R019,P00075,S000,S100,12,R004,P00023,S323,S423,96
-0.45,-0.1,0.67253,0.93808675,0.26555675,1.42515198,-3.06368624,1.79695844,-2.3729587,4.16991714,R019,P00075,S000,S100,12,R002,P00012,S324,S534,32
-0.4,-0.1,0.62253,0.83808675,0.21555675,2.27032692,-1.37333636,2.64213338,-0.682608813,3.32474219,R019,P00075,S000,S100,19,R002,P00012,S324,S534,32
-0.35,-0.1,0.57253,0.73808675,0.16555675,3.11550186,0.317013529,3.48730832,1.00774107,2.47956725,R019,P00075,S000,S100,19,R002,P00012,S324,S534,32
-0.3,-0.1,0.52253,0.63808675,0.11555675,3.96067681,2.00736342,4.33248327,2.69809096,1.63439231,R019,P00075,S000,S100,17,R002,P00012,S324,S534,32
-0.25,-0.1,0.47253,0.53808675,0.06555675,4.80585175,3.6977133,5.17765821,4.38844085,0.789217364,R019,P00075,S000,S100,17,R002,P00012,S324,S534,29
-0.2,-0.1,0.42253,0.43808675,0.01555675,5.65102669,5.38806319,6.02283315,6.07879073,-0.0559575795,R019,P00075,S000,S100,17,R002,P00012,S324,S534,29
-0.15,-0.1,0.37253,0.3839015,0.0113715,6.49620164,6.3039835,6.86800809,6.99471104,-0.126702948,R019,P00075,S000,S100,11,R002,P00012,S324,S424,29
-0.1,-0.1,0.32253,0.3339015,0.0113715,7.34137658,7.14915844,7.71318304,7.83988599,-0.126702948,R019,P00075,S000,S100,11,R001,P00007,S324,S424,58
-0.05,-0.1,0.27253,0.2839015,0.0113715,8.18655152,7.99433339,8.55835798,8.68506093,-0.126702948,R019,P00075,S000,S100,11,R001,P00007,S324,S424,58
0,-0.1,0.22253,0.2339015,0.0113715,9.03172647,8.83950833,9.40353292,9.53023587,-0.126702948,R019,P00075,S000,S100,11,R001,P00007,S324,S424,58
-4,-0.05,9.93825844,20.7764487,10.8381902,-155.198078,-338.401414,-154.826272,-337.710687,182.884415,R003,P00003,S102,S101,9,R050,P32193,S222,S221,12
-3.95,-0.05,9.78825844,20.4764487,10.6881902,-152.662553,-333.330364,-152.290747,-332.639637,180.34889,R003,P00003,S102,S101,9,R050,P32193,S222,S221,12
-3.9,-0.05,9.63825844,20.1764487,10.5381902,-150.127028,-328.259315,-149.755222,-327.568587,177.813365,R003,P00003,S102,S101,9,R050,P32193,S222,S221,12
-3.85,-0.05,9.48825844,19.8764487,10.3881902,-147.591504,-323.188265,-147.219697,-322.497538,175.27784,R003,P00003,S102,S101,9,R050,P32193,S222,S221,12
-3.8,-0.05,9.33825844,19.5764487,10.2381902,-145.055979,-318.117216,-144.684172,-317.426488,172.742316,R003,P00003,S102,S101,9,R050,P32193,S222,S221,12
-3.75,-0.05,9.18825844,19.2764487,10.0881902,-142.520454,-313.046166,-142.148648,-312.355438,170.206791,R003,P00003,S102,S101,9,R050,P32193,S222,S221,12
-3.7,-0.05,9.03825844,18.9764487,9.93819022,-139.984929,-307.975116,-139.613123,-307.284389,167.671266,R003,P00003,S102,S101,9,R050,P32193,S222,S221,12
-3.65,-0.05,8.88825844,18.6764487,9.78819022,-137.449404,-302.904067,-137.077598,-302.213339,165.135741,R003,P00003,S102,S101,9,R050,P32193,S222,S221,12
-3.6,-0.05,8.73825844,18.3764487,9.63819022,-134.913879,-297.833017,-134.542073,-297.142289,162.600216,R003,P00003,S102,S101,9,R050,P32193,S222,S221,12
-3.55,-0.05,8.58825844,18.0764487,9.48819022,-132.378355,-292.761967,-132.006548,-292.07124,160.064691,R003,P00003,S102,S101,9,R050,P32193,S222,S221,12
-3.5,-0.05,8.43825844,17.7764487,9.33819022,-129.84283,-287.690918,-129.471023,-287.00019,157.529167,R003,P00003,S102,S101,9,R050,P32193,S222,S221,12
-3.45,-0.05,8.28825844,17.4764487,9.18819022,-127.307305,-282.619868,-126.935499,-281.92914,154.993642,R003,P00003,S102,S101,9,R050,P32193,S222,S221,12
-3.4,-0.05,8.13825844,17.1764487,9.03819022,-124.77178,-277.548818,-124.399974,-276.858091,152.458117,R003,P00003,S102,S101,9,R050,P32193,S222,S221,12
-3.35,-0.05,7.98825844,16.8764487,8.88819022,-122.236255,-272.477769,-121.864449,-271.787041,149.922592,R003,P00003,S102,S101,9,R050,P32193,S222,S221,12
-3.3,-0.05,7.83825844,16.5764487,8.73819022,-119.700731,-267.406719,-119.328924,-266.715991,147.387067,R003,P00003,S102,S101,9,R050,P32193,S222,S221,12
-3.25,-0.05,7.68825844,16.2764487,8.58819022,-117.165206,-262.335669,-116.793399,-261.644942,144.851542,R003,P00003,S102,S101,9,R050,P32193,S222,S221,12
-3.2,-0.05,7.53825844,15.9764487,8.43819022,-114.629681,-257.26462,-114.257874,-256.573892,142.316018,R003,P00003,S102,S101,9,R050,P32193,S222,S221,12
-3.15,-0.05,7.38825844,15.6764487,8.28819022,-112.094156,-252.19357,-111.72235,-251.502842,139.780493,R003,P00003,S102,S101,9,R050,P32193,S222,S221,12
-3.1,-0.05,7.23825844,15.3764487,8.13819022,-109.558631,-247.12252,-109.186825,-246.431793,137.244968,R003,P00003,S102,S101,9,R050,P32193,S222,S221,12
-3.05,-0.05,7.08825844,15.0764487,7.98819022,-107.023106,-242.051471,-106.6513,-241.360743,134.709443,R003,P00003,S102,S101,9,R050,P32193,S222,S221,12
-3,-0.05,6.93825844,14.7764487,7.83819022,-104.487582,-236.980421,-104.115775,-236.289693,132.173918,R003,P00003,S102,S101,9,R050,P32193,S222,S221,12
-2.95,-0.05,6.78825844,14.4764487,7.68819022,-101.952057,-231.909371,-101.58025,-231.218644,129.638394,R003,P00003,S102,S101,9,R050,P32193,S222,S221,12
-2.9,-0.05,6.63825844,14.1764487,7.53819022,-99.4165319,-226.838322,-99.0447254,-226.147594,127.102869,R003,P00003,S102,S101,9,R050,P32193,S222,S221,12
-2.85,-0.05,6.48825844,13.8764487,7.38819022,-96.881007,-221.767272,-96.5092006,-221.076544,124.567344,R003,P00003,S102,S101,9,R050,P32193,S222,S221,12
-2.8,-0.05,6.33825844,13.5764487,7.23819022,-94.3454822,-216.696222,-93.9736758,-216.005495,122.031819,R003,P00003,S102,S101,9,R050,P32193,S222,S221,12
-2.75,-0.05,6.18825844,13.2764487,7.08819022,-91.8099574,-211.625173,-91.4381509,-210.934445,119.496294,R003,P00003,S102,S101,9,R050,P32193,S222,S221,12
-2.7,-0.05,6.03825844,12.9764487,6.93819022,-89.2744326,-206.554123,-88.9026261,-205.863395,116.960769,R003,P00003,S102,S101,9,R050,P32193,S222,S221,12
-2.65,-0.05,5.88825844,12.6764487,6.78819022,-86.7389077,-201.483073,-86.3671013,-200.792346,114.425245,R003,P00003,S102,S101,9,R050,P32193,S222,S221,12
-2.6,-0.05,5.73825844,12.3764487,6.63819022,-84.2033829,-196.412024,-83.8315764,-195.721296,111.88972,R003,P00003,S102,S101,9,R050,P32193,S222,S221,12
-2.55,-0.05,5.58825844,12.0764487,6.48819022,-81.6678581,-191.340974,-81.2960516,-190.650247,109.354195,R003,P00003,S102,S101,9,R050,P32193,S222,S221,12
-2.5,-0.05,5.43825844,11.7764487,6.33819022,-79.1323332,-186.269924,-78.7605268,-185.579197,106.81867,R003,P00003,S102,S101,9,R050,P32193,S222,S221,12
-2.45,-0.05,5.28825844,11.4764487,6.18819022,-76.5968084,-181.198875,-76.225002,-180.508147,104.283145,R003,P00003,S102,S101,9,R050,P32193,S222,S221,12
-2.4,-0.05,5.13825844,11.1764487,6.03819022,-74.0612836,-176.127825,-73.6894771,-175.437098,101.74762,R003,P00003,S102,S101,9,R050,P32193,S222,S221,12
-2.35,-0.05,4.98825844,10.8764487,5.88819022,-71.5257588,-171.056775,-71.1539523,-170.366048,99.2120956,R003,P00003,S000,S212,9,R050,P32193,S222,S221,12
-2.3,-0.05,4.86924319,10.5764487,5.70720547,-69.5139846,-165.985726,-69.1421781,-165.294998,96.1528201,R003,P00003,S000,S212,9,R050,P32193,S222,S221,12
-2.25,-0.05,4.76924319,10.2764487,5.50720547,-67.8236347,-160.914676,-67.4518283,-160.223949,92.7721203,R003,P00003,S000,S212,13,R050,P32193,S222,S221,12
-2.2,-0.05,4.66924319,9.97644866,5.30720547,-66.1332848,-155.843626,-65.7614784,-155.152899,89.3914205,R003,P00003,S000,S212,13,R050,P32193,S222,S221,12
-2.15,-0.05,4.56924319,9.67644866,5.10720547,-64.4429349,-150.772577,-64.0711285,-150.081849,86.0107208,R003,P00003,S000,S212,13,R050,P32193,S222,S221,12
-2.1,-0.05,4.46924319,9.37644866,4.90720547,-62.7525851,-145.701527,-62.3807786,-145.0108,82.630021,R003,P00003,S000,S212,13,R050,P32193,S222,S221,12
-2.05,-0.05,4.36924319,9.07644866,4.70720547,-61.0622352,-140.630477,-60.6904287,-139.93975,79.2493212,R003,P00003,S000,S212,13,R050,P32193,S222,S221,12
-2,-0.05,4.26924319,8.77644866,4.50720547,-59.3718853,-135.559428,-59.0000788,-134.8687,75.8686214,R003,P00003,S000,S212,13,R050,P32193,S222,S221,12
-1.95,-0.05,4.16924319,8.47644866,4.30720547,-57.6815354,-130.488378,-57.3097289,-129.797651,72.4879217,R003,P00003,S000,S212,13,R050,P32193,S222,S221,12
-1.9,-0.05,4.04456469,8.17644866,4.13188397,-55.5740325,-125.417328,-55.2022261,-124.726601,69.5243749,R005,P00009,S000,S312,2,R050,P32193,S222,S221,12
-1.85,-0.05,3.89456469,7.87644866,3.98188397,-53.0385077,-120.346279,-52.6667012,-119.655551,66.9888501,R005,P00009,S000,S312,2,R050,P32193,S222,S221,12
-1.8,-0.05,3.74456469,7.57644866,3.83188397,-50.5029829,-115.275229,-50.1311764,-114.584502,64.4533252,R005,P00009,S000,S312,2,R050,P32193,S222,S221,12
-1.75,-0.05,3.59456469,7.27644866,3.68188397,-47.967458,-110.20418,-47.5956516,-109.513452,61.9178004,R005,P00009,S000,S312,2,R050,P32193,S222,S221,12
-1.7,-0.05,3.44456469,6.97644866,3.53188397,-45.4319332,-105.13313,-45.0601267,-104.442402,59.3822756,R005,P00009,S000,S312,2,R050,P32193,S222,S221,12
-1.65,-0.05,3.29456469,6.67644866,3.38188397,-42.8964084,-100.06208,-42.5246019,-99.3713527,56.8467507,R005,P00009,S000,S312,2,R050,P32193,S222,S221,12
-1.6,-0.05,3.14456469,6.37644866,3.23188397,-40.3608835,-94.9910305,-39.9890771,-94.300303,54.3112259,R005,P00009,S000,S312,2,R050,P32193,S222,S221,4
-1.55,-0.05,2.99456469,6.07644866,3.08188397,-37.8253587,-89.9199809,-37.4535522,-89.2292533,51.7757011,R005,P00009,S000,S312,2,R050,P32193,S222,S221,4
-1.5,-0.05,2.84456469,5.77644866,2.93188397,-35.2898339,-84.8489312,-34.9180274,-84.1582037,49.2401763,R005,P00009,S000,S312,2,R051,P32195,S222,S221,1
-1.45,-0.05,2.69456469,5.47644866,2.78188397,-32.7543091,-79.7778816,-32.3825026,-79.087154,46.7046514,R005,P00009,S000,S312,2,R051,P32195,S222,S221,1
-1.4,-0.05,2.54456469,5.17644866,2.63188397,-30.2187842,-74.7068319,-29.8469778,-74.0161044,44.1691266,R005,P00009,S000,S312,1,R051,P32195,S222,S221,1
-1.35,-0.05,2.39456469,4.87644866,2.48188397,-27.6832594,-69.6357823,-27.3114529,-68.9450547,41.6336018,R005,P00009,S000,S312,1,R051,P32195,S222,S221,1
-1.3,-0.05,2.24456469,4.57644866,2.33188397,-25.1477346,-64.5647326,-24.7759281,-63.874005,39.0980769,R005,P00009,S000,S312,1,R051,P32195,S222,S221,1
-1.25,-0.05,2.09456469,4.27644866,2.18188397,-22.6122097,-59.4936829,-22.2404033,-58.8029554,36.5625521,R005,P00009,S000,S312,1,R051,P32195,S222,S221,1
-1.2,-0.05,1.94456469,3.97644866,2.03188397,-20.0766849,-54.4226333,-19.7048784,-53.7319057,34.0270273,R005,P00009,S000,S312,1,R051,P32195,S222,S221,1
-1.15,-0.05,1.79456469,3.69866341,1.90409872,-17.5411601,-49.7270906,-17.1693536,-49.0363631,31.8670095,R005,P00009,S000,S312,1,R049,P32106,S222,S111,2
-1.1,-0.05,1.64456469,3.44866341,1.80409872,-15.0056352,-45.5012159,-14.6338288,-44.8104884,30.1766596,R005,P00009,S000,S312,1,R047,P31984,S222,S111,10
-1.05,-0.05,1.49573694,3.19866341,1.70292647,-12.4899256,-41.2753412,-12.1181191,-40.5846136,28.4664945,R005,P00009,S202,S102,1,R047,P31984,S222,S111,10
-1,-0.05,1.39573694,2.91427491,1.51853797,-10.7995757,-36.4681805,-10.4277692,-35.777453,25.3496837,R005,P00009,S202,S102,1,R052,P39118,S222,S211,8
-0.95,-0.05,1.299629,2.61427491,1.31464591,-9.17501525,-31.3971308,-8.8032088,-30.7064033,21.9031945,R005,P00009,S202,S001,1,R052,P39118,S222,S211,8
-0.9,-0.05,1.249629,2.34948172,1.09985272,-8.32984031,-26.9211995,-7.95803385,-26.2304719,18.2724381,R005,P00009,S202,S001,1,R052,P39118,S323,S100,8
-0.85,-0.05,1.199629,2.14948172,0.949852719,-7.48466537,-23.5404997,-7.11285891,-22.8497722,15.7369133,R005,P00009,S202,S001,2,R052,P39118,S323,S100,8
-0.8,-0.05,1.149629,1.94948172,0.799852719,-6.63949042,-20.1597999,-6.26768397,-19.4690724,13.2013884,R005,P00009,S202,S001,2,R033,P25897,S323,S100,56
-0.75,-0.05,1.099629,1.74948172,0.649852719,-5.79431548,-16.7791002,-5.42250902,-16.0883726,10.6658636,R005,P00009,S202,S001,2,R033,P25897,S323,S100,56
-0.7,-0.05,1.03846647,1.54948172,0.51101525,-4.76045471,-13.3984004,-4.38864825,-12.7076729,8.31902461,R008,P00037,S000,S311,6,R030,P24736,S323,S100,40
-0.65,-0.05,0.888466469,1.34948172,0.46101525,-2.22492988,-10.0177006,-1.85312342,-9.32697309,7.47384967,R008,P00037,S000,S311,6,R031,P24740,S323,S100,30
-0.6,-0.05,0.80778,1.16027497,0.352494969,-0.861046243,-6.81944455,-0.489239784,-6.12871701,5.63947722,R008,P00037,S000,S001,3,R032,P24745,S323,S534,20
-0.55,-0.05,0.77253,1.0666115,0.2940815,-0.265197908,-5.23620421,0.106608551,-4.54547666,4.65208521,R020,P00103,S000,S100,3,R032,P24745,S323,S423,34
-0.5,-0.05,0.72253,1.0166115,0.2940815,0.579977035,-4.39102927,0.951783494,-3.70030172,4.65208521,R020,P00103,S000,S100,8,R004,P00023,S323,S423,96
-0.45,-0.05,0.67253,0.9666115,0.2940815,1.42515198,-3.54585432,1.79695844,-2.85512678,4.65208521,R019,P00075,S000,S100,12,R004,P00023,S323,S423,96
-0.4,-0.05,0.62253,0.88808675,0.26555675,2.27032692,-2.2185113,2.64213338,-1.52778376,4.16991714,R019,P00075,S000,S100,17,R002,P00012,S324,S534,32
-0.35,-0.05,0.57253,0.78808675,0.21555675,3.11550186,-0.528161414,3.48730832,0.16256613,3.32474219,R019,P00075,S000,S100,17,R002,P00012,S324,S534,32
-0.3,-0.05,0.52253,0.68808675,0.16555675,3.96067681,1.16218847,4.33248327,1.85291602,2.47956725,R019,P00075,S000,S100,17,R002,P00012,S324,S534,32
-0.25,-0.05,0.47253,0.58808675,0.11555675,4.80585175,2.85253836,5.17765821,3.5432659,1.63439231,R019,P00075,S000,S100,17,R002,P00012,S324,S534,32
-0.2,-0.05,0.42253,0.48808675,0.06555675,5.65102669,4.54288824,6.02283315,5.23361579,0.789217364,R019,P00075,S000,S100,11,R002,P00012,S324,S534,29
-0.15,-0.05,0.37253,0.38808675,0.01555675,6.49620164,6.23323813,6.86800809,6.92396567,-0.0559575795,R019,P00075,S000,S100,11,R002,P00012,S324,S534,21
-0.1,-0.05,0.32253,0.3339015,0.0113715,7.34137658,7.14915844,7.71318304,7.83988599,-0.126702948,R019,P00075,S000,S100,11,R001,P00007,S324,S424,42
-0.05,-0.05,0.27253,0.2839015,0.0113715,8.18655152,7.99433339,8.55835798,8.68506093,-0.126702948,R019,P00075,S000,S100,11,R001,P00007,S324,S424,42
0,-0.05,0.22253,0.2339015,0.0113715,9.03172647,8.83950833,9.40353292,9.53023587,-0.126702948,R019,P00075,S000,S100,11,R001,P00007,S324,S424,42
-4,0,10.0882584,21.0514487,10.9631902,-157.733603,-343.049876,-157.361796,-342.359149,184.997352,R003,P00003,S102,S101,9,R048,P32104,S222,S221,24
-3.95,0,9.93825844,20.7514487,10.8131902,-155.198078,-337.978827,-154.826272,-337.288099,182.461827,R003,P00003,S102,S101,9,R048,P32104,S222,S221,24
-3.9,0,9.78825844,20.4514487,10.6631902,-152.662553,-332.907777,-152.290747,-332.217049,179.926303,R003,P00003,S102,S101,9,R048,P32104,S222,S221,24
-3.85,0,9.63825844,20.1514487,10.5131902,-150.127028,-327.836727,-149.755222,-327.146,177.390778,R003,P00003,S102,S101,9,R048,P32104,S222,S221,24
-3.8,0,9.48825844,19.8514487,10.3631902,-147.591504,-322.765678,-147.219697,-322.07495,174.855253,R003,P00003,S102,S101,9,R048,P32104,S222,S221,24
-3.75,0,9.33825844,19.5514487,10.2131902,-145.055979,-317.694628,-144.684172,-317.0039,172.319728,R003,P00003,S102,S101,9,R048,P32104,S222,S221,24
-3.7,0,9.18825844,19.2514487,10.0631902,-142.520454,-312.623578,-142.148648,-311.932851,169.784203,R003,P00003,S102,S101,9,R048,P32104,S222,S221,24
-3.65,0,9.03825844,18.9514487,9.91319022,-139.984929,-307.552529,-139.613123,-306.861801,167.248678,R003,P00003,S102,S101,9,R048,P32104,S222,S221,24
-3.6,0,8.88825844,18.6514487,9.76319022,-137.449404,-302.481479,-137.077598,-301.790752,164.713154,R003,P00003,S102,S101,9,R048,P32104,S222,S221,24
-3.55,0,8.73825844,18.3514487,9.61319022,-134.913879,-297.410429,-134.542073,-296.719702,162.177629,R003,P00003,S102,S101,9,R048,P32104,S222,S221,24
-3.5,0,8.58825844,18.0514487,9.46319022,-132.378355,-292.33938,-132.006548,-291.648652,159.642104,R003,P00003,S102,S101,9,R048,P32104,S222,S221,24
-3.45,0,8.43825844,17.7514487,9.31319022,-129.84283,-287.26833,-129.471023,-286.577603,157.106579,R003,P00003,S102,S101,9,R048,P32104,S222,S221,24
-3.4,0,8.28825844,17.4514487,9.16319022,-127.307305,-282.19728,-126.935499,-281.506553,154.571054,R003,P00003,S102,S101,9,R048,P32104,S222,S221,24
-3.35,0,8.13825844,17.1514487,9.01319022,-124.77178,-277.126231,-124.399974,-276.435503,152.03553,R003,P00003,S102,S101,9,R048,P32104,S222,S221,24
-3.3,0,7.98825844,16.8514487,8.86319022,-122.236255,-272.055181,-121.864449,-271.364454,149.500005,R003,P00003,S102,S101,9,R048,P32104,S222,S221,24
-3.25,0,7.83825844,16.5514487,8.71319022,-119.700731,-266.984131,-119.328924,-266.293404,146.96448,R003,P00003,S102,S101,9,R048,P32104,S222,S221,24
-3.2,0,7.68825844,16.2514487,8.56319022,-117.165206,-261.913082,-116.793399,-261.222354,144.428955,R003,P00003,S102,S101,9,R048,P32104,S222,S221,24
-3.15,0,7.53825844,15.9514487,8.41319022,-114.629681,-256.842032,-114.257874,-256.151305,141.89343,R003,P00003,S102,S101,9,R048,P32104,S222,S221,24
-3.1,0,7.38825844,15.6514487,8.26319022,-112.094156,-251.770982,-111.72235,-251.080255,139.357905,R003,P00003,S102,S101,9,R048,P32104,S222,S221,24
-3.05,0,7.23825844,15.3514487,8.11319022,-109.558631,-246.699933,-109.186825,-246.009205,136.822381,R003,P00003,S102,S101,9,R048,P32104,S222,S221,24
-3,0,7.08825844,15.0514487,7.96319022,-107.023106,-241.628883,-106.6513,-240.938156,134.286856,R003,P00003,S102,S101,9,R048,P32104,S222,S221,24
-2.95,0,6.93825844,14.7514487,7.81319022,-104.487582,-236.557834,-104.115775,-235.867106,131.751331,R003,P00003,S102,S101,9,R048,P32104,S222,S221,24
-2.9,0,6.78825844,14.4514487,7.66319022,-101.952057,-231.486784,-101.58025,-230.796056,129.215806,R003,P00003,S102,S101,9,R048,P32104,S222,S221,24
-2.85,0,6.63825844,14.1514487,7.51319022,-99.4165319,-226.415734,-99.0447254,-225.725007,126.680281,R003,P00003,S102,S101,9,R048,P32104,S222,S221,24
-2.8,0,6.48825844,13.8514487,7.36319022,-96.881007,-221.344685,-96.5092006,-220.653957,124.144756,R003,P00003,S102,S101,9,R048,P32104,S222,S221,24
-2.75,0,6.33825844,13.5514487,7.21319022,-94.3454822,-216.273635,-93.9736758,-215.582907,121.609232,R003,P00003,S102,S101,9,R048,P32104,S222,S221,24
-2.7,0,6.18825844,13.2514487,7.06319022,-91.8099574,-211.202585,-91.4381509,-210.511858,119.073707,R003,P00003,S102,S101,9,R048,P32104,S222,S221,24
-2.65,0,6.03825844,12.9514487,6.91319022,-89.2744326,-206.131536,-88.9026261,-205.440808,116.538182,R003,P00003,S102,S101,9,R048,P32104,S222,S221,24
-2.6,0,5.88825844,12.6514487,6.76319022,-86.7389077,-201.060486,-86.3671013,-200.369758,114.002657,R003,P00003,S102,S101,9,R048,P32104,S222,S221,24
-2.55,0,5.73825844,12.3514487,6.61319022,-84.2033829,-195.989436,-83.8315764,-195.298709,111.467132,R003,P00003,S102,S101,9,R048,P32104,S222,S221,24
-2.5,0,5.58825844,12.0514487,6.46319022,-81.6678581,-190.918387,-81.2960516,-190.227659,108.931607,R003,P00003,S102,S101,9,R048,P32104,S222,S221,24
-2.45,0,5.43825844,11.7514487,6.31319022,-79.1323332,-185.847337,-78.7605268,-185.156609,106.396083,R003,P00003,S102,S101,9,R048,P32104,S222,S221,24
-2.4,0,5.28825844,11.4514487,6.16319022,-76.5968084,-180.776287,-76.225002,-180.08556,103.860558,R003,P00003,S102,S101,9,R048,P32104,S222,S221,24
-2.35,0,5.13825844,11.1514487,6.01319022,-74.0612836,-175.705238,-73.6894771,-175.01451,101.325033,R003,P00003,S102,S101,9,R048,P32104,S222,S221,24
-2.3,0,4.98825844,10.8514487,5.86319022,-71.5257588,-170.634188,-71.1539523,-169.94346,98.7895081,R003,P00003,S000,S212,9,R048,P32104,S222,S221,24
-2.25,0,4.86924319,10.5514487,5.68220547,-69.5139846,-165.563138,-69.1421781,-164.872411,95.7302326,R003,P00003,S000,S212,9,R048,P32104,S222,S221,24
-2.2,0,4.76924319,10.2514487,5.48220547,-67.8236347,-160.492089,-67.4518283,-159.801361,92.3495328,R003,P00003,S000,S212,13,R048,P32104,S222,S221,24
-2.15,0,4.66924319,9.95144866,5.28220547,-66.1332848,-155.421039,-65.7614784,-154.730311,88.9688331,R003,P00003,S000,S212,13,R048,P32104,S222,S221,24
-2.1,0,4.56924319,9.65144866,5.08220547,-64.4429349,-150.349989,-64.0711285,-149.659262,85.5881333,R003,P00003,S000,S212,13,R048,P32104,S222,S221,24
-2.05,0,4.46924319,9.35144866,4.88220547,-62.7525851,-145.27894,-62.3807786,-144.588212,82.2074335,R003,P00003,S000,S212,13,R048,P32104,S222,S221,24
-2,0,4.36924319,9.05144866,4.68220547,-61.0622352,-140.20789,-60.6904287,-139.517162,78.8267337,R003,P00003,S000,S212,13,R048,P32104,S222,S221,24
-1.95,0,4.26924319,8.75144866,4.48220547,-59.3718853,-135.13684,-59.0000788,-134.446113,75.446034,R003,P00003,S000,S212,13,R048,P32104,S222,S221,24
-1.9,0,4.14456469,8.45144866,4.30688397,-57.2643824,-130.065791,-56.8925759,-129.375063,72.4824872,R005,P00009,S000,S312,1,R048,P32104,S222,S221,24
-1.85,0,3.99456469,8.15144866,4.15688397,-54.7288576,-124.994741,-54.3570511,-124.304013,69.9469624,R005,P00009,S000,S312,1,R048,P32104,S222,S221,24
-1.8,0,3.84456469,7.85144866,4.00688397,-52.1933327,-119.923691,-51.8215263,-119.232964,67.4114375,R005,P00009,S000,S312,1,R048,P32104,S222,S221,24
-1.75,0,3.69456469,7.55144866,3.85688397,-49.6578079,-114.852642,-49.2860015,-114.161914,64.8759127,R005,P00009,S000,S312,1,R048,P32104,S222,S221,24
-1.7,0,3.54456469,7.25144866,3.70688397,-47.1222831,-109.781592,-46.7504766,-109.090865,62.3403879,R005,P00009,S000,S312,1,R048,P32104,S222,S221,24
-1.65,0,3.39456469,6.95144866,3.55688397,-44.5867583,-104.710542,-44.2149518,-104.019815,59.804863,R005,P00009,S000,S312,1,R048,P32104,S222,S221,24
-1.6,0,3.24456469,6.65144866,3.40688397,-42.0512334,-99.6394927,-41.679427,-98.9487652,57.2693382,R005,P00009,S000,S312,1,R048,P32104,S222,S221,24
-1.55,0,3.09456469,6.35144866,3.25688397,-39.5157086,-94.5684431,-39.1439021,-93.8777155,54.7338134,R005,P00009,S000,S312,1,R048,P32104,S222,S221,8
-1.5,0,2.94456469,6.05144866,3.10688397,-36.9801838,-89.4973934,-36.6083773,-88.8066659,52.1982886,R005,P00009,S000,S312,1,R049,P32106,S222,S221,2
-1.45,0,2.79456469,5.75144866,2.95688397,-34.4446589,-84.4263438,-34.0728525,-83.7356162,49.6627637,R005,P00009,S000,S312,1,R049,P32106,S222,S221,2
-1.4,0,2.64456469,5.45144866,2.80688397,-31.9091341,-79.3552941,-31.5373276,-78.6645666,47.1272389,R005,P00009,S000,S312,1,R049,P32106,S222,S221,2
-1.35,0,2.49456469,5.15144866,2.65688397,-29.3736093,-74.2842444,-29.0018028,-73.5935169,44.5917141,R005,P00009,S000,S312,1,R049,P32106,S222,S221,2
-1.3,0,2.34456469,4.85144866,2.50688397,-26.8380844,-69.2131948,-26.466278,-68.5224672,42.0561892,R005,P00009,S000,S312,1,R049,P32106,S222,S221,2
-1.25,0,2.19456469,4.55144866,2.35688397,-24.3025596,-64.1421451,-23.9307532,-63.4514176,39.5206644,R005,P00009,S000,S312,1,R049,P32106,S222,S221,2
-1.2,0,2.04456469,4.25144866,2.20688397,-21.7670348,-59.0710955,-21.3952283,-58.3803679,36.9851396,R005,P00009,S000,S312,1,R049,P32106,S222,S221,2
-1.15,0,1.89456469,3.95144866,2.05688397,-19.23151,-54.0000458,-18.8597035,-53.3093183,34.4496148,R005,P00009,S000,S312,1,R049,P32106,S222,S221,2
-1.1,0,1.74573694,3.67366341,1.92792647,-16.7158003,-49.3045031,-16.3439938,-48.6137756,32.2697818,R005,P00009,S202,S102,1,R049,P32106,S222,S111,3
-1.05,0,1.64573694,3.42366341,1.77792647,-15.0254504,-45.0786284,-14.6536439,-44.3879009,29.734257,R005,P00009,S202,S102,1,R047,P31984,S222,S111,10
-1,0,1.54573694,3.13927491,1.59353797,-13.3351005,-40.2714677,-12.963294,-39.5807402,26.6174462,R005,P00009,S202,S102,1,R052,P39118,S222,S211,8
-0.95,0,1.44573694,2.83927491,1.39353797,-11.6447506,-35.2004181,-11.2729442,-34.5096905,23.2367464,R005,P00009,S202,S102,1,R052,P39118,S222,S211,8
-0.9,0,1.374629,2.53927491,1.16464591,-10.4427777,-30.1293684,-10.0709712,-29.4386409,19.3676697,R005,P00009,S202,S001,1,R052,P39118,S222,S211,8
-0.85,0,1.324629,2.27448172,0.949852719,-9.59760273,-25.6534371,-9.22579627,-24.9627095,15.7369133,R005,P00009,S202,S001,2,R052,P39118,S323,S100,8
-0.8,0,1.274629,2.07448172,0.799852719,-8.75242778,-22.2727373,-8.38062132,-21.5820098,13.2013884,R005,P00009,S202,S001,2,R052,P39118,S323,S100,8
-0.75,0,1.224629,1.87448172,0.649852719,-7.90725284,-18.8920375,-7.53544638,-18.20131,10.6658636,R005,P00009,S202,S001,2,R033,P25897,S323,S100,56
-0.7,0,1.11346647,1.67448172,0.56101525,-6.02821712,-15.5113378,-5.65641066,-14.8206102,9.16419955,R008,P00037,S000,S311,6,R030,P24736,S323,S100,80
-0.65,0,0.963466469,1.47448172,0.51101525,-3.49269229,-12.130638,-3.12088584,-11.4399104,8.31902461,R008,P00037,S000,S311,6,R031,P24740,S323,S100,30
-0.6,0,0.82253,1.27448172,0.451951719,-1.11037285,-8.74993822,-0.738566393,-8.05921067,7.32064428,R020,P00103,S000,S100,3,R031,P24740,S323,S100,30
-0.55,0,0.77253,1.13527497,0.362744969,-0.265197908,-6.39685708,0.106608551,-5.70612953,5.81273808,R020,P00103,S000,S100,3,R031,P24740,S323,S534,30
-0.5,0,0.72253,1.03527497,0.312744969,0.579977035,-4.70650719,0.951783494,-4.01577965,4.96756314,R020,P00103,S000,S100,3,R031,P24740,S323,S534,30
-0.45,0,0.67253,0.9666115,0.2940815,1.42515198,-3.54585432,1.79695844,-2.85512678,4.65208521,R020,P00103,S000,S100,8,R004,P00023,S323,S423,96
-0.4,0,0.62253,0.9166115,0.2940815,2.27032692,-2.70067938,2.64213338,-2.00995184,4.65208521,R020,P00103,S000,S100,13,R004,P00023,S323,S423,96
-0.35,0,0.57253,0.83808675,0.26555675,3.11550186,-1.37333636,3.48730832,-0.682608813,4.16991714,R019,P00075,S000,S100,17,R001,P00007,S324,S534,64
-0.3,0,0.52253,0.73808675,0.21555675,3.96067681,0.317013529,4.33248327,1.00774107,3.32474219,R019,P00075,S000,S100,17,R001,P00007,S324,S534,64
-0.25,0,0.47253,0.63808675,0.16555675,4.80585175,2.00736342,5.17765821,2.69809096,2.47956725,R019,P00075,S000,S100,11,R001,P00007,S324,S534,64
-0.2,0,0.42253,0.53808675,0.11555675,5.65102669,3.6977133,6.02283315,4.38844085,1.63439231,R019,P00075,S000,S100,11,R001,P00007,S324,S534,64
-0.15,0,0.37253,0.43808675,0.06555675,6.49620164,5.38806319,6.86800809,6.07879073,0.789217364,R019,P00075,S000,S100,11,R001,P00007,S324,S534,42
-0.1,0,0.32253,0.33808675,0.01555675,7.34137658,7.07841307,7.71318304,7.76914062,-0.0559575795,R019,P00075,S000,S100,11,R001,P00007,S324,S534,42
-0.05,0,0.27253,0.2839015,0.0113715,8.18655152,7.99433339,8.55835798,8.68506093,-0.126702948,R019,P00075,S000,S100,11,R001,P00007,S324,S424,42
0,0,0.22253,0.2339015,0.0113715,9.03172647,8.83950833,9.40353292,9.53023587,-0.126702948,R019,P00075,S000,S100,7,R001,P00007,S324,S424,42
