surface,x1_mu_MnOH2_eV,y1_mu_H2O_eV,x2_mu_MnOH2_eV,y2_mu_H2O_eV,region_a,region_b
001,-3.525,-4.025,-3.525,-3.975,R017,R013
001,-1.025,-4.025,-1.025,-3.975,R013,R010
001,-0.975,-4.025,-0.975,-3.975,R010,R001
001,-3.525,-3.975,-3.525,-3.925,R017,R013
001,-1.025,-3.975,-1.025,-3.925,R013,R010
001,-0.975,-3.975,-0.975,-3.925,R010,R001
001,-3.475,-3.925,-3.475,-3.875,R017,R013
001,-1.025,-3.925,-1.025,-3.875,R013,R010
001,-0.975,-3.925,-0.975,-3.875,R010,R001
001,-3.475,-3.875,-3.475,-3.825,R017,R013
001,-1.025,-3.875,-1.025,-3.825,R013,R010
001,-0.975,-3.875,-0.975,-3.825,R010,R001
001,-3.425,-3.825,-3.425,-3.775,R017,R013
001,-1.025,-3.825,-1.025,-3.775,R013,R010
001,-0.975,-3.825,-0.975,-3.775,R010,R001
001,-3.425,-3.775,-3.425,-3.725,R017,R013
001,-1.025,-3.775,-1.025,-3.725,R013,R010
001,-0.975,-3.775,-0.975,-3.725,R010,R001
001,-3.375,-3.725,-3.375,-3.675,R017,R013
001,-1.025,-3.725,-1.025,-3.675,R013,R010
001,-0.975,-3.725,-0.975,-3.675,R010,R001
001,-3.375,-3.675,-3.375,-3.625,R017,R013
001,-1.025,-3.675,-1.025,-3.625,R013,R010
001,-0.975,-3.675,-0.975,-3.625,R010,R001
001,-3.325,-3.625,-3.325,-3.575,R017,R013
001,-1.025,-3.625,-1.025,-3.575,R013,R010
001,-0.975,-3.625,-0.975,-3.575,R010,R001
001,-3.325,-3.575,-3.325,-3.525,R017,R013
001,-1.025,-3.575,-1.025,-3.525,R013,R010
001,-0.975,-3.575,-0.975,-3.525,R010,R001
001,-3.275,-3.525,-3.275,-3.475,R017,R013
001,-1.025,-3.525,-1.025,-3.475,R013,R010
001,-0.975,-3.525,-0.975,-3.475,R010,R001
001,-3.275,-3.475,-3.275,-3.425,R017,R013
001,-1.025,-3.475,-1.025,-3.425,R013,R010
001,-0.975,-3.475,-0.975,-3.425,R010,R001
001,-3.225,-3.425,-3.225,-3.375,R017,R013
001,-1.025,-3.425,-1.025,-3.375,R013,R010
001,-0.975,-3.425,-0.975,-3.375,R010,R001
001,-3.225,-3.375,-3.225,-3.325,R017,R013
001,-1.025,-3.375,-1.025,-3.325,R013,R010
001,-0.975,-3.375,-0.975,-3.325,R010,R001
001,-3.175,-3.325,-3.175,-3.275,R017,R013
001,-1.025,-3.325,-1.025,-3.275,R013,R010
001,-0.975,-3.325,-0.975,-3.275,R010,R001
001,-3.175,-3.275,-3.175,-3.225,R017,R013
001,-1.025,-3.275,-1.025,-3.225,R013,R010
001,-0.975,-3.275,-0.975,-3.225,R010,R001
001,-3.125,-3.225,-3.125,-3.175,R017,R013
001,-1.025,-3.225,-1.025,-3.175,R013,R010
001,-0.975,-3.225,-0.975,-3.175,R010,R001
001,-3.125,-3.175,-3.125,-3.125,R017,R013
001,-1.025,-3.175,-1.025,-3.125,R013,R010
001,-0.975,-3.175,-0.975,-3.125,R010,R001
001,-3.825,-3.125,-3.825,-3.075,R017,R025
001,-3.575,-3.125,-3.575,-3.075,R025,R017
001,-3.075,-3.125,-3.075,-3.075,R017,R013
001,-1.025,-3.125,-1.025,-3.075,R013,R010
001,-0.975,-3.125,-0.975,-3.075,R010,R001
001,-3.825,-3.075,-3.825,-3.025,R017,R025
001,-3.525,-3.075,-3.525,-3.025,R025,R017
001,-3.075,-3.075,-3.075,-3.025,R017,R013
001,-1.025,-3.075,-1.025,-3.025,R013,R010
001,-0.975,-3.075,-0.975,-3.025,R010,R001
001,-3.925,-3.025,-3.925,-2.975,R013,R017
001,-3.825,-3.025,-3.825,-2.975,R017,R025
001,-3.475,-3.025,-3.475,-2.975,R025,R017
001,-3.025,-3.025,-3.025,-2.975,R017,R013
001,-1.025,-3.025,-1.025,-2.975,R013,R010
001,-0.975,-3.025,-0.975,-2.975,R010,R001
001,-3.875,-2.975,-3.875,-2.925,R013,R017
001,-3.825,-2.975,-3.825,-2.925,R017,R025
001,-3.425,-2.975,-3.425,-2.925,R025,R017
001,-3.025,-2.975,-3.025,-2.925,R017,R013
001,-1.025,-2.975,-1.025,-2.925,R013,R010
001,-0.975,-2.975,-0.975,-2.925,R010,R001
001,-3.825,-2.925,-3.825,-2.875,R013,R025
001,-3.375,-2.925,-3.375,-2.875,R025,R017
001,-2.975,-2.925,-2.975,-2.875,R017,R013
001,-1.025,-2.925,-1.025,-2.875,R013,R010
001,-0.975,-2.925,-0.975,-2.875,R010,R001
001,-3.825,-2.875,-3.825,-2.825,R013,R025
001,-3.325,-2.875,-3.325,-2.825,R025,R017
001,-2.975,-2.875,-2.975,-2.825,R017,R013
001,-1.025,-2.875,-1.025,-2.825,R013,R010
001,-0.975,-2.875,-0.975,-2.825,R010,R001
001,-3.825,-2.825,-3.825,-2.775,R013,R025
001,-3.275,-2.825,-3.275,-2.775,R025,R017
001,-2.925,-2.825,-2.925,-2.775,R017,R013
001,-1.025,-2.825,-1.025,-2.775,R013,R010
001,-0.975,-2.825,-0.975,-2.775,R010,R001
001,-3.825,-2.775,-3.825,-2.725,R013,R025
001,-3.225,-2.775,-3.225,-2.725,R025,R017
001,-2.925,-2.775,-2.925,-2.725,R017,R013
001,-1.025,-2.775,-1.025,-2.725,R013,R010
001,-0.975,-2.775,-0.975,-2.725,R010,R001
001,-3.825,-2.725,-3.825,-2.675,R013,R025
001,-3.175,-2.725,-3.175,-2.675,R025,R017
001,-2.875,-2.725,-2.875,-2.675,R017,R013
001,-1.025,-2.725,-1.025,-2.675,R013,R010
001,-0.975,-2.725,-0.975,-2.675,R010,R001
001,-3.825,-2.675,-3.825,-2.625,R013,R025
001,-3.125,-2.675,-3.125,-2.625,R025,R017
001,-2.875,-2.675,-2.875,-2.625,R017,R013
001,-1.025,-2.675,-1.025,-2.625,R013,R010
001,-0.975,-2.675,-0.975,-2.625,R010,R001
001,-3.825,-2.625,-3.825,-2.575,R013,R025
001,-3.075,-2.625,-3.075,-2.575,R025,R017
001,-2.825,-2.625,-2.825,-2.575,R017,R013
001,-1.025,-2.625,-1.025,-2.575,R013,R010
001,-0.975,-2.625,-0.975,-2.575,R010,R001
001,-3.825,-2.575,-3.825,-2.525,R013,R025
001,-3.025,-2.575,-3.025,-2.525,R025,R017
001,-2.825,-2.575,-2.825,-2.525,R017,R013
001,-1.025,-2.575,-1.025,-2.525,R013,R010
001,-0.975,-2.575,-0.975,-2.525,R010,R001
001,-3.825,-2.525,-3.825,-2.475,R013,R025
001,-2.975,-2.525,-2.975,-2.475,R025,R017
001,-2.775,-2.525,-2.775,-2.475,R017,R013
001,-1.025,-2.525,-1.025,-2.475,R013,R010
001,-0.975,-2.525,-0.975,-2.475,R010,R001
001,-3.825,-2.475,-3.825,-2.425,R013,R025
001,-2.925,-2.475,-2.925,-2.425,R025,R017
001,-2.775,-2.475,-2.775,-2.425,R017,R013
001,-1.025,-2.475,-1.025,-2.425,R013,R010
001,-0.975,-2.475,-0.975,-2.425,R010,R001
001,-3.925,-2.425,-3.925,-2.375,R012,R006
001,-3.825,-2.425,-3.825,-2.375,R006,R025
001,-2.875,-2.425,-2.875,-2.375,R025,R017
001,-2.775,-2.425,-2.775,-2.375,R017,R012
001,-1.925,-2.425,-1.925,-2.375,R012,R011
001,-0.975,-2.425,-0.975,-2.375,R011,R002
001,-3.875,-2.375,-3.875,-2.325,R012,R006
001,-3.775,-2.375,-3.775,-2.325,R006,R025
001,-2.825,-2.375,-2.825,-2.325,R025,R017
001,-2.775,-2.375,-2.775,-2.325,R017,R012
001,-1.925,-2.375,-1.925,-2.325,R012,R011
001,-0.975,-2.375,-0.975,-2.325,R011,R002
001,-3.825,-2.325,-3.825,-2.275,R012,R006
001,-3.725,-2.325,-3.725,-2.275,R006,R025
001,-3.225,-2.325,-3.225,-2.275,R025,R021
001,-3.075,-2.325,-3.075,-2.275,R021,R025
001,-2.825,-2.325,-2.825,-2.275,R025,R012
001,-1.925,-2.325,-1.925,-2.275,R012,R011
001,-0.975,-2.325,-0.975,-2.275,R011,R002
001,-3.775,-2.275,-3.775,-2.225,R012,R006
001,-3.675,-2.275,-3.675,-2.225,R006,R025
001,-3.275,-2.275,-3.275,-2.225,R025,R021
001,-2.925,-2.275,-2.925,-2.225,R021,R025
001,-2.825,-2.275,-2.825,-2.225,R025,R012
001,-1.925,-2.275,-1.925,-2.225,R012,R011
001,-0.975,-2.275,-0.975,-2.225,R011,R002
001,-3.725,-2.225,-3.725,-2.175,R012,R006
001,-3.625,-2.225,-3.625,-2.175,R006,R025
001,-3.325,-2.225,-3.325,-2.175,R025,R021
001,-2.725,-2.225,-2.725,-2.175,R021,R012
001,-1.925,-2.225,-1.925,-2.175,R012,R011
001,-0.975,-2.225,-0.975,-2.175,R011,R002
001,-3.675,-2.175,-3.675,-2.125,R012,R006
001,-3.325,-2.175,-3.325,-2.125,R006,R021
001,-2.675,-2.175,-2.675,-2.125,R021,R012
001,-1.925,-2.175,-1.925,-2.125,R012,R011
001,-0.975,-2.175,-0.975,-2.125,R011,R002
001,-3.625,-2.125,-3.625,-2.075,R012,R006
001,-3.325,-2.125,-3.325,-2.075,R006,R021
001,-2.575,-2.125,-2.575,-2.075,R021,R012
001,-1.925,-2.125,-1.925,-2.075,R012,R011
001,-0.975,-2.125,-0.975,-2.075,R011,R002
001,-3.575,-2.075,-3.575,-2.025,R012,R006
001,-3.275,-2.075,-3.275,-2.025,R006,R021
001,-2.525,-2.075,-2.525,-2.025,R021,R012
001,-1.925,-2.075,-1.925,-2.025,R012,R011
001,-0.975,-2.075,-0.975,-2.025,R011,R002
001,-3.525,-2.025,-3.525,-1.975,R012,R006
001,-3.275,-2.025,-3.275,-1.975,R006,R021
001,-2.425,-2.025,-2.425,-1.975,R021,R012
001,-1.925,-2.025,-1.925,-1.975,R012,R011
001,-0.975,-2.025,-0.975,-1.975,R011,R002
001,-3.475,-1.975,-3.475,-1.925,R012,R006
001,-3.225,-1.975,-3.225,-1.925,R006,R021
001,-2.375,-1.975,-2.375,-1.925,R021,R012
001,-1.925,-1.975,-1.925,-1.925,R012,R011
001,-0.975,-1.975,-0.975,-1.925,R011,R002
001,-3.425,-1.925,-3.425,-1.875,R012,R004
001,-3.225,-1.925,-3.225,-1.875,R004,R021
001,-2.275,-1.925,-2.275,-1.875,R021,R012
001,-1.925,-1.925,-1.925,-1.875,R012,R011
001,-0.975,-1.925,-0.975,-1.875,R011,R002
001,-3.375,-1.875,-3.375,-1.825,R012,R004
001,-3.175,-1.875,-3.175,-1.825,R004,R021
001,-2.225,-1.875,-2.225,-1.825,R021,R012
001,-1.925,-1.875,-1.925,-1.825,R012,R011
001,-0.975,-1.875,-0.975,-1.825,R011,R002
001,-3.325,-1.825,-3.325,-1.775,R012,R004
001,-3.175,-1.825,-3.175,-1.775,R004,R021
001,-2.125,-1.825,-2.125,-1.775,R021,R012
001,-1.925,-1.825,-1.925,-1.775,R012,R011
001,-0.975,-1.825,-0.975,-1.775,R011,R002
001,-3.275,-1.775,-3.275,-1.725,R012,R004
001,-3.125,-1.775,-3.125,-1.725,R004,R021
001,-2.075,-1.775,-2.075,-1.725,R021,R012
001,-1.925,-1.775,-1.925,-1.725,R012,R011
001,-0.975,-1.775,-0.975,-1.725,R011,R002
001,-3.225,-1.725,-3.225,-1.675,R012,R004
001,-3.125,-1.725,-3.125,-1.675,R004,R021
001,-1.975,-1.725,-1.975,-1.675,R021,R012
001,-1.925,-1.725,-1.925,-1.675,R012,R011
001,-0.975,-1.725,-0.975,-1.675,R011,R002
001,-3.175,-1.675,-3.175,-1.625,R012,R004
001,-3.025,-1.675,-3.025,-1.625,R004,R003
001,-1.975,-1.675,-1.975,-1.625,R003,R012
001,-1.925,-1.675,-1.925,-1.625,R012,R011
001,-0.975,-1.675,-0.975,-1.625,R011,R002
001,-0.925,-1.675,-0.925,-1.625,R002,R022
001,-3.125,-1.625,-3.125,-1.575,R012,R004
001,-3.025,-1.625,-3.025,-1.575,R004,R003
001,-1.925,-1.625,-1.925,-1.575,R003,R005
001,-1.875,-1.625,-1.875,-1.575,R005,R011
001,-0.975,-1.625,-0.975,-1.575,R011,R022
001,-3.125,-1.575,-3.125,-1.525,R012,R004
001,-3.075,-1.575,-3.075,-1.525,R004,R003
001,-1.925,-1.575,-1.925,-1.525,R003,R005
001,-1.825,-1.575,-1.825,-1.525,R005,R011
001,-1.025,-1.575,-1.025,-1.525,R011,R014
001,-0.975,-1.575,-0.975,-1.525,R014,R022
001,-3.075,-1.525,-3.075,-1.475,R009,R003
001,-1.925,-1.525,-1.925,-1.475,R003,R005
001,-1.725,-1.525,-1.725,-1.475,R005,R016
001,-1.025,-1.525,-1.025,-1.475,R016,R014
001,-0.975,-1.525,-0.975,-1.475,R014,R022
001,-0.925,-1.525,-0.925,-1.475,R022,R024
001,-0.625,-1.525,-0.625,-1.475,R024,R023
001,-3.075,-1.475,-3.075,-1.425,R009,R003
001,-1.925,-1.475,-1.925,-1.425,R003,R005
001,-1.675,-1.475,-1.675,-1.425,R005,R016
001,-1.025,-1.475,-1.025,-1.425,R016,R014
001,-0.975,-1.475,-0.975,-1.425,R014,R022
001,-0.875,-1.475,-0.875,-1.425,R022,R024
001,-0.625,-1.475,-0.625,-1.425,R024,R023
001,-3.025,-1.425,-3.025,-1.375,R009,R003
001,-1.925,-1.425,-1.925,-1.375,R003,R005
001,-1.625,-1.425,-1.625,-1.375,R005,R016
001,-1.025,-1.425,-1.025,-1.375,R016,R014
001,-0.975,-1.425,-0.975,-1.375,R014,R002
001,-0.925,-1.425,-0.925,-1.375,R002,R022
001,-0.875,-1.425,-0.875,-1.375,R022,R024
001,-0.625,-1.425,-0.625,-1.375,R024,R023
001,-3.025,-1.375,-3.025,-1.325,R009,R003
001,-1.925,-1.375,-1.925,-1.325,R003,R005
001,-1.575,-1.375,-1.575,-1.325,R005,R016
001,-1.025,-1.375,-1.025,-1.325,R016,R014
001,-0.975,-1.375,-0.975,-1.325,R014,R002
001,-0.925,-1.375,-0.925,-1.325,R002,R022
001,-0.825,-1.375,-0.825,-1.325,R022,R024
001,-0.625,-1.375,-0.625,-1.325,R024,R023
001,-2.975,-1.325,-2.975,-1.275,R009,R003
001,-1.925,-1.325,-1.925,-1.275,R003,R005
001,-1.525,-1.325,-1.525,-1.275,R005,R016
001,-1.025,-1.325,-1.025,-1.275,R016,R014
001,-0.975,-1.325,-0.975,-1.275,R014,R005
001,-0.875,-1.325,-0.875,-1.275,R005,R022
001,-0.825,-1.325,-0.825,-1.275,R022,R024
001,-0.625,-1.325,-0.625,-1.275,R024,R023
001,-2.975,-1.275,-2.975,-1.225,R009,R003
001,-1.925,-1.275,-1.925,-1.225,R003,R005
001,-1.475,-1.275,-1.475,-1.225,R005,R016
001,-1.025,-1.275,-1.025,-1.225,R016,R014
001,-0.975,-1.275,-0.975,-1.225,R014,R005
001,-0.875,-1.275,-0.875,-1.225,R005,R022
001,-0.775,-1.275,-0.775,-1.225,R022,R024
001,-0.625,-1.275,-0.625,-1.225,R024,R023
001,-2.975,-1.225,-2.975,-1.175,R009,R007
001,-2.925,-1.225,-2.925,-1.175,R007,R003
001,-1.925,-1.225,-1.925,-1.175,R003,R005
001,-1.425,-1.225,-1.425,-1.175,R005,R016
001,-1.025,-1.225,-1.025,-1.175,R016,R014
001,-0.975,-1.225,-0.975,-1.175,R014,R005
001,-0.825,-1.225,-0.825,-1.175,R005,R022
001,-0.775,-1.225,-0.775,-1.175,R022,R024
001,-0.625,-1.225,-0.625,-1.175,R024,R023
001,-2.975,-1.175,-2.975,-1.125,R009,R007
001,-2.925,-1.175,-2.925,-1.125,R007,R003
001,-1.925,-1.175,-1.925,-1.125,R003,R005
001,-1.375,-1.175,-1.375,-1.125,R005,R016
001,-1.025,-1.175,-1.025,-1.125,R016,R014
001,-0.975,-1.175,-0.975,-1.125,R014,R005
001,-0.825,-1.175,-0.825,-1.125,R005,R022
001,-0.725,-1.175,-0.725,-1.125,R022,R023
001,-2.975,-1.125,-2.975,-1.075,R009,R007
001,-2.875,-1.125,-2.875,-1.075,R007,R003
001,-1.925,-1.125,-1.925,-1.075,R003,R005
001,-1.325,-1.125,-1.325,-1.075,R005,R016
001,-1.025,-1.125,-1.025,-1.075,R016,R014
001,-0.975,-1.125,-0.975,-1.075,R014,R005
001,-0.775,-1.125,-0.775,-1.075,R005,R022
001,-0.725,-1.125,-0.725,-1.075,R022,R023
001,-2.975,-1.075,-2.975,-1.025,R009,R007
001,-2.875,-1.075,-2.875,-1.025,R007,R003
001,-1.925,-1.075,-1.925,-1.025,R003,R005
001,-1.275,-1.075,-1.275,-1.025,R005,R016
001,-1.025,-1.075,-1.025,-1.025,R016,R014
001,-0.975,-1.075,-0.975,-1.025,R014,R005
001,-0.775,-1.075,-0.775,-1.025,R005,R022
001,-0.675,-1.075,-0.675,-1.025,R022,R023
001,-2.975,-1.025,-2.975,-0.975,R009,R007
001,-2.825,-1.025,-2.825,-0.975,R007,R003
001,-1.925,-1.025,-1.925,-0.975,R003,R005
001,-1.225,-1.025,-1.225,-0.975,R005,R016
001,-0.975,-1.025,-0.975,-0.975,R016,R005
001,-0.725,-1.025,-0.725,-0.975,R005,R022
001,-0.675,-1.025,-0.675,-0.975,R022,R023
001,-2.975,-0.975,-2.975,-0.925,R009,R007
001,-2.825,-0.975,-2.825,-0.925,R007,R003
001,-1.925,-0.975,-1.925,-0.925,R003,R005
001,-1.175,-0.975,-1.175,-0.925,R005,R016
001,-0.975,-0.975,-0.975,-0.925,R016,R005
001,-0.725,-0.975,-0.725,-0.925,R005,R022
001,-0.625,-0.975,-0.625,-0.925,R022,R023
001,-2.975,-0.925,-2.975,-0.875,R009,R007
001,-2.775,-0.925,-2.775,-0.875,R007,R003
001,-1.925,-0.925,-1.925,-0.875,R003,R005
001,-1.175,-0.925,-1.175,-0.875,R005,R018
001,-1.125,-0.925,-1.125,-0.875,R018,R016
001,-0.975,-0.925,-0.975,-0.875,R016,R005
001,-0.675,-0.925,-0.675,-0.875,R005,R022
001,-0.625,-0.925,-0.625,-0.875,R022,R023
001,-2.975,-0.875,-2.975,-0.825,R009,R007
001,-2.775,-0.875,-2.775,-0.825,R007,R003
001,-1.925,-0.875,-1.925,-0.825,R003,R005
001,-1.125,-0.875,-1.125,-0.825,R005,R018
001,-1.075,-0.875,-1.075,-0.825,R018,R016
001,-1.025,-0.875,-1.025,-0.825,R016,R015
001,-0.975,-0.875,-0.975,-0.825,R015,R005
001,-0.675,-0.875,-0.675,-0.825,R005,R022
001,-0.575,-0.875,-0.575,-0.825,R022,R023
001,-2.975,-0.825,-2.975,-0.775,R009,R007
001,-2.725,-0.825,-2.725,-0.775,R007,R003
001,-1.925,-0.825,-1.925,-0.775,R003,R005
001,-1.075,-0.825,-1.075,-0.775,R005,R018
001,-1.025,-0.825,-1.025,-0.775,R018,R015
001,-0.975,-0.825,-0.975,-0.775,R015,R005
001,-0.625,-0.825,-0.625,-0.775,R005,R022
001,-0.575,-0.825,-0.575,-0.775,R022,R023
001,-2.975,-0.775,-2.975,-0.725,R009,R007
001,-2.725,-0.775,-2.725,-0.725,R007,R003
001,-1.925,-0.775,-1.925,-0.725,R003,R005
001,-1.025,-0.775,-1.025,-0.725,R005,R018
001,-0.975,-0.775,-0.975,-0.725,R018,R005
001,-0.625,-0.775,-0.625,-0.725,R005,R022
001,-0.525,-0.775,-0.525,-0.725,R022,R023
001,-2.675,-0.725,-2.675,-0.675,R007,R003
001,-1.925,-0.725,-1.925,-0.675,R003,R005
001,-0.575,-0.725,-0.575,-0.675,R005,R022
001,-0.525,-0.725,-0.525,-0.675,R022,R023
001,-2.675,-0.675,-2.675,-0.625,R007,R003
001,-1.925,-0.675,-1.925,-0.625,R003,R005
001,-0.575,-0.675,-0.575,-0.625,R005,R022
001,-0.475,-0.675,-0.475,-0.625,R022,R023
001,-2.625,-0.625,-2.625,-0.575,R007,R003
001,-1.925,-0.625,-1.925,-0.575,R003,R005
001,-0.525,-0.625,-0.525,-0.575,R005,R022
001,-0.475,-0.625,-0.475,-0.575,R022,R023
001,-2.625,-0.575,-2.625,-0.525,R007,R003
001,-1.925,-0.575,-1.925,-0.525,R003,R005
001,-0.525,-0.575,-0.525,-0.525,R005,R022
001,-0.425,-0.575,-0.425,-0.525,R022,R023
001,-2.575,-0.525,-2.575,-0.475,R007,R003
001,-1.925,-0.525,-1.925,-0.475,R003,R005
001,-0.475,-0.525,-0.475,-0.475,R005,R022
001,-0.425,-0.525,-0.425,-0.475,R022,R023
001,-2.575,-0.475,-2.575,-0.425,R007,R003
001,-1.925,-0.475,-1.925,-0.425,R003,R005
001,-0.475,-0.475,-0.475,-0.425,R005,R022
001,-0.375,-0.475,-0.375,-0.425,R022,R023
001,-2.525,-0.425,-2.525,-0.375,R007,R003
001,-1.925,-0.425,-1.925,-0.375,R003,R005
001,-0.425,-0.425,-0.425,-0.375,R005,R022
001,-0.375,-0.425,-0.375,-0.375,R022,R023
001,-2.525,-0.375,-2.525,-0.325,R007,R003
001,-1.925,-0.375,-1.925,-0.325,R003,R005
001,-0.425,-0.375,-0.425,-0.325,R005,R019
001,-2.475,-0.325,-2.475,-0.275,R007,R003
001,-1.925,-0.325,-1.925,-0.275,R003,R005
001,-0.475,-0.325,-0.475,-0.275,R005,R019
001,-2.475,-0.275,-2.475,-0.225,R007,R003
001,-1.925,-0.275,-1.925,-0.225,R003,R005
001,-0.475,-0.275,-0.475,-0.225,R005,R019
001,-2.425,-0.225,-2.425,-0.175,R007,R003
001,-1.925,-0.225,-1.925,-0.175,R003,R005
001,-0.525,-0.225,-0.525,-0.175,R005,R019
001,-2.425,-0.175,-2.425,-0.125,R007,R003
001,-1.925,-0.175,-1.925,-0.125,R003,R005
001,-0.525,-0.175,-0.525,-0.125,R005,R019
001,-1.925,-0.125,-1.925,-0.075,R003,R005
001,-0.675,-0.125,-0.675,-0.075,R005,R008
001,-0.575,-0.125,-0.575,-0.075,R008,R019
001,-1.925,-0.075,-1.925,-0.025,R003,R005
001,-0.725,-0.075,-0.725,-0.025,R005,R008
001,-0.575,-0.075,-0.575,-0.025,R008,R020
001,-0.475,-0.075,-0.475,-0.025,R020,R019
001,-1.925,-0.025,-1.925,0.025,R003,R005
001,-0.725,-0.025,-0.725,0.025,R005,R008
001,-0.625,-0.025,-0.625,0.025,R008,R020
001,-0.375,-0.025,-0.375,0.025,R020,R019
001,-3.525,-3.925,-3.475,-3.925,R013,R017
001,-3.475,-3.825,-3.425,-3.825,R013,R017
001,-3.425,-3.725,-3.375,-3.725,R013,R017
001,-3.375,-3.625,-3.325,-3.625,R013,R017
001,-3.325,-3.525,-3.275,-3.525,R013,R017
001,-3.275,-3.425,-3.225,-3.425,R013,R017
001,-3.225,-3.325,-3.175,-3.325,R013,R017
001,-3.175,-3.225,-3.125,-3.225,R013,R017
001,-3.825,-3.125,-3.775,-3.125,R017,R025
001,-3.775,-3.125,-3.725,-3.125,R017,R025
001,-3.725,-3.125,-3.675,-3.125,R017,R025
001,-3.675,-3.125,-3.625,-3.125,R017,R025
001,-3.625,-3.125,-3.575,-3.125,R017,R025
001,-3.125,-3.125,-3.075,-3.125,R013,R017
001,-3.575,-3.075,-3.525,-3.075,R017,R025
001,-4.025,-3.025,-3.975,-3.025,R017,R013
001,-3.975,-3.025,-3.925,-3.025,R017,R013
001,-3.525,-3.025,-3.475,-3.025,R017,R025
001,-3.075,-3.025,-3.025,-3.025,R013,R017
001,-3.925,-2.975,-3.875,-2.975,R017,R013
001,-3.475,-2.975,-3.425,-2.975,R017,R025
001,-3.875,-2.925,-3.825,-2.925,R017,R013
001,-3.425,-2.925,-3.375,-2.925,R017,R025
001,-3.025,-2.925,-2.975,-2.925,R013,R017
001,-3.375,-2.875,-3.325,-2.875,R017,R025
001,-3.325,-2.825,-3.275,-2.825,R017,R025
001,-2.975,-2.825,-2.925,-2.825,R013,R017
001,-3.275,-2.775,-3.225,-2.775,R017,R025
001,-3.225,-2.725,-3.175,-2.725,R017,R025
001,-2.925,-2.725,-2.875,-2.725,R013,R017
001,-3.175,-2.675,-3.125,-2.675,R017,R025
001,-3.125,-2.625,-3.075,-2.625,R017,R025
001,-2.875,-2.625,-2.825,-2.625,R013,R017
001,-3.075,-2.575,-3.025,-2.575,R017,R025
001,-3.025,-2.525,-2.975,-2.525,R017,R025
001,-2.825,-2.525,-2.775,-2.525,R013,R017
001,-2.975,-2.475,-2.925,-2.475,R017,R025
001,-4.025,-2.425,-3.975,-2.425,R013,R012
001,-3.975,-2.425,-3.925,-2.425,R013,R012
001,-3.925,-2.425,-3.875,-2.425,R013,R006
001,-3.875,-2.425,-3.825,-2.425,R013,R006
001,-2.925,-2.425,-2.875,-2.425,R017,R025
001,-2.775,-2.425,-2.725,-2.425,R013,R012
001,-2.725,-2.425,-2.675,-2.425,R013,R012
001,-2.675,-2.425,-2.625,-2.425,R013,R012
001,-2.625,-2.425,-2.575,-2.425,R013,R012
001,-2.575,-2.425,-2.525,-2.425,R013,R012
001,-2.525,-2.425,-2.475,-2.425,R013,R012
001,-2.475,-2.425,-2.425,-2.425,R013,R012
001,-2.425,-2.425,-2.375,-2.425,R013,R012
001,-2.375,-2.425,-2.325,-2.425,R013,R012
001,-2.325,-2.425,-2.275,-2.425,R013,R012
001,-2.275,-2.425,-2.225,-2.425,R013,R012
001,-2.225,-2.425,-2.175,-2.425,R013,R012
001,-2.175,-2.425,-2.125,-2.425,R013,R012
001,-2.125,-2.425,-2.075,-2.425,R013,R012
001,-2.075,-2.425,-2.025,-2.425,R013,R012
001,-2.025,-2.425,-1.975,-2.425,R013,R012
001,-1.975,-2.425,-1.925,-2.425,R013,R012
001,-1.925,-2.425,-1.875,-2.425,R013,R011
001,-1.875,-2.425,-1.825,-2.425,R013,R011
001,-1.825,-2.425,-1.775,-2.425,R013,R011
001,-1.775,-2.425,-1.725,-2.425,R013,R011
001,-1.725,-2.425,-1.675,-2.425,R013,R011
001,-1.675,-2.425,-1.625,-2.425,R013,R011
001,-1.625,-2.425,-1.575,-2.425,R013,R011
001,-1.575,-2.425,-1.525,-2.425,R013,R011
001,-1.525,-2.425,-1.475,-2.425,R013,R011
001,-1.475,-2.425,-1.425,-2.425,R013,R011
001,-1.425,-2.425,-1.375,-2.425,R013,R011
001,-1.375,-2.425,-1.325,-2.425,R013,R011
001,-1.325,-2.425,-1.275,-2.425,R013,R011
001,-1.275,-2.425,-1.225,-2.425,R013,R011
001,-1.225,-2.425,-1.175,-2.425,R013,R011
001,-1.175,-2.425,-1.125,-2.425,R013,R011
001,-1.125,-2.425,-1.075,-2.425,R013,R011
001,-1.075,-2.425,-1.025,-2.425,R013,R011
001,-1.025,-2.425,-0.975,-2.425,R010,R011
001,-0.975,-2.425,-0.925,-2.425,R001,R002
001,-0.925,-2.425,-0.875,-2.425,R001,R002
001,-0.875,-2.425,-0.825,-2.425,R001,R002
001,-0.825,-2.425,-0.775,-2.425,R001,R002
001,-0.775,-2.425,-0.725,-2.425,R001,R002
001,-0.725,-2.425,-0.675,-2.425,R001,R002
001,-0.675,-2.425,-0.625,-2.425,R001,R002
001,-0.625,-2.425,-0.575,-2.425,R001,R002
001,-0.575,-2.425,-0.525,-2.425,R001,R002
001,-0.525,-2.425,-0.475,-2.425,R001,R002
001,-0.475,-2.425,-0.425,-2.425,R001,R002
001,-0.425,-2.425,-0.375,-2.425,R001,R002
001,-0.375,-2.425,-0.325,-2.425,R001,R002
001,-0.325,-2.425,-0.275,-2.425,R001,R002
001,-0.275,-2.425,-0.225,-2.425,R001,R002
001,-0.225,-2.425,-0.175,-2.425,R001,R002
001,-0.175,-2.425,-0.125,-2.425,R001,R002
001,-0.125,-2.425,-0.075,-2.425,R001,R002
001,-0.075,-2.425,-0.025,-2.425,R001,R002
001,-0.025,-2.425,0.025,-2.425,R001,R002
001,-3.925,-2.375,-3.875,-2.375,R006,R012
001,-3.825,-2.375,-3.775,-2.375,R025,R006
001,-2.875,-2.375,-2.825,-2.375,R017,R025
001,-3.875,-2.325,-3.825,-2.325,R006,R012
001,-3.775,-2.325,-3.725,-2.325,R025,R006
001,-3.225,-2.325,-3.175,-2.325,R025,R021
001,-3.175,-2.325,-3.125,-2.325,R025,R021
001,-3.125,-2.325,-3.075,-2.325,R025,R021
001,-2.825,-2.325,-2.775,-2.325,R017,R012
001,-3.825,-2.275,-3.775,-2.275,R006,R012
001,-3.725,-2.275,-3.675,-2.275,R025,R006
001,-3.275,-2.275,-3.225,-2.275,R025,R021
001,-3.075,-2.275,-3.025,-2.275,R025,R021
001,-3.025,-2.275,-2.975,-2.275,R025,R021
001,-2.975,-2.275,-2.925,-2.275,R025,R021
001,-3.775,-2.225,-3.725,-2.225,R006,R012
001,-3.675,-2.225,-3.625,-2.225,R025,R006
001,-3.325,-2.225,-3.275,-2.225,R025,R021
001,-2.925,-2.225,-2.875,-2.225,R025,R021
001,-2.875,-2.225,-2.825,-2.225,R025,R021
001,-2.825,-2.225,-2.775,-2.225,R012,R021
001,-2.775,-2.225,-2.725,-2.225,R012,R021
001,-3.725,-2.175,-3.675,-2.175,R006,R012
001,-3.625,-2.175,-3.575,-2.175,R025,R006
001,-3.575,-2.175,-3.525,-2.175,R025,R006
001,-3.525,-2.175,-3.475,-2.175,R025,R006
001,-3.475,-2.175,-3.425,-2.175,R025,R006
001,-3.425,-2.175,-3.375,-2.175,R025,R006
001,-3.375,-2.175,-3.325,-2.175,R025,R006
001,-2.725,-2.175,-2.675,-2.175,R012,R021
001,-3.675,-2.125,-3.625,-2.125,R006,R012
001,-2.675,-2.125,-2.625,-2.125,R012,R021
001,-2.625,-2.125,-2.575,-2.125,R012,R021
001,-3.625,-2.075,-3.575,-2.075,R006,R012
001,-3.325,-2.075,-3.275,-2.075,R021,R006
001,-2.575,-2.075,-2.525,-2.075,R012,R021
001,-3.575,-2.025,-3.525,-2.025,R006,R012
001,-2.525,-2.025,-2.475,-2.025,R012,R021
001,-2.475,-2.025,-2.425,-2.025,R012,R021
001,-3.525,-1.975,-3.475,-1.975,R006,R012
001,-3.275,-1.975,-3.225,-1.975,R021,R006
001,-2.425,-1.975,-2.375,-1.975,R012,R021
001,-3.475,-1.925,-3.425,-1.925,R006,R012
001,-3.425,-1.925,-3.375,-1.925,R006,R004
001,-3.375,-1.925,-3.325,-1.925,R006,R004
001,-3.325,-1.925,-3.275,-1.925,R006,R004
001,-3.275,-1.925,-3.225,-1.925,R006,R004
001,-2.375,-1.925,-2.325,-1.925,R012,R021
001,-2.325,-1.925,-2.275,-1.925,R012,R021
001,-3.425,-1.875,-3.375,-1.875,R004,R012
001,-3.225,-1.875,-3.175,-1.875,R021,R004
001,-2.275,-1.875,-2.225,-1.875,R012,R021
001,-3.375,-1.825,-3.325,-1.825,R004,R012
001,-2.225,-1.825,-2.175,-1.825,R012,R021
001,-2.175,-1.825,-2.125,-1.825,R012,R021
001,-3.325,-1.775,-3.275,-1.775,R004,R012
001,-3.175,-1.775,-3.125,-1.775,R021,R004
001,-2.125,-1.775,-2.075,-1.775,R012,R021
001,-3.275,-1.725,-3.225,-1.725,R004,R012
001,-2.075,-1.725,-2.025,-1.725,R012,R021
001,-2.025,-1.725,-1.975,-1.725,R012,R021
001,-3.225,-1.675,-3.175,-1.675,R004,R012
001,-3.125,-1.675,-3.075,-1.675,R021,R004
001,-3.075,-1.675,-3.025,-1.675,R021,R004
001,-3.025,-1.675,-2.975,-1.675,R021,R003
001,-2.975,-1.675,-2.925,-1.675,R021,R003
001,-2.925,-1.675,-2.875,-1.675,R021,R003
001,-2.875,-1.675,-2.825,-1.675,R021,R003
001,-2.825,-1.675,-2.775,-1.675,R021,R003
001,-2.775,-1.675,-2.725,-1.675,R021,R003
001,-2.725,-1.675,-2.675,-1.675,R021,R003
001,-2.675,-1.675,-2.625,-1.675,R021,R003
001,-2.625,-1.675,-2.575,-1.675,R021,R003
001,-2.575,-1.675,-2.525,-1.675,R021,R003
001,-2.525,-1.675,-2.475,-1.675,R021,R003
001,-2.475,-1.675,-2.425,-1.675,R021,R003
001,-2.425,-1.675,-2.375,-1.675,R021,R003
001,-2.375,-1.675,-2.325,-1.675,R021,R003
001,-2.325,-1.675,-2.275,-1.675,R021,R003
001,-2.275,-1.675,-2.225,-1.675,R021,R003
001,-2.225,-1.675,-2.175,-1.675,R021,R003
001,-2.175,-1.675,-2.125,-1.675,R021,R003
001,-2.125,-1.675,-2.075,-1.675,R021,R003
001,-2.075,-1.675,-2.025,-1.675,R021,R003
001,-2.025,-1.675,-1.975,-1.675,R021,R003
001,-0.925,-1.675,-0.875,-1.675,R002,R022
001,-0.875,-1.675,-0.825,-1.675,R002,R022
001,-0.825,-1.675,-0.775,-1.675,R002,R022
001,-0.775,-1.675,-0.725,-1.675,R002,R022
001,-0.725,-1.675,-0.675,-1.675,R002,R022
001,-0.675,-1.675,-0.625,-1.675,R002,R022
001,-0.625,-1.675,-0.575,-1.675,R002,R022
001,-0.575,-1.675,-0.525,-1.675,R002,R022
001,-0.525,-1.675,-0.475,-1.675,R002,R022
001,-0.475,-1.675,-0.425,-1.675,R002,R022
001,-0.425,-1.675,-0.375,-1.675,R002,R022
001,-0.375,-1.675,-0.325,-1.675,R002,R022
001,-0.325,-1.675,-0.275,-1.675,R002,R022
001,-0.275,-1.675,-0.225,-1.675,R002,R022
001,-0.225,-1.675,-0.175,-1.675,R002,R022
001,-0.175,-1.675,-0.125,-1.675,R002,R022
001,-0.125,-1.675,-0.075,-1.675,R002,R022
001,-0.075,-1.675,-0.025,-1.675,R002,R022
001,-0.025,-1.675,0.025,-1.675,R002,R022
001,-3.175,-1.625,-3.125,-1.625,R004,R012
001,-1.975,-1.625,-1.925,-1.625,R012,R003
001,-1.925,-1.625,-1.875,-1.625,R011,R005
001,-0.975,-1.625,-0.925,-1.625,R002,R022
001,-3.075,-1.575,-3.025,-1.575,R004,R003
001,-1.875,-1.575,-1.825,-1.575,R011,R005
001,-1.025,-1.575,-0.975,-1.575,R011,R014
001,-4.025,-1.525,-3.975,-1.525,R012,R009
001,-3.975,-1.525,-3.925,-1.525,R012,R009
001,-3.925,-1.525,-3.875,-1.525,R012,R009
001,-3.875,-1.525,-3.825,-1.525,R012,R009
001,-3.825,-1.525,-3.775,-1.525,R012,R009
001,-3.775,-1.525,-3.725,-1.525,R012,R009
001,-3.725,-1.525,-3.675,-1.525,R012,R009
001,-3.675,-1.525,-3.625,-1.525,R012,R009
001,-3.625,-1.525,-3.575,-1.525,R012,R009
001,-3.575,-1.525,-3.525,-1.525,R012,R009
001,-3.525,-1.525,-3.475,-1.525,R012,R009
001,-3.475,-1.525,-3.425,-1.525,R012,R009
001,-3.425,-1.525,-3.375,-1.525,R012,R009
001,-3.375,-1.525,-3.325,-1.525,R012,R009
001,-3.325,-1.525,-3.275,-1.525,R012,R009
001,-3.275,-1.525,-3.225,-1.525,R012,R009
001,-3.225,-1.525,-3.175,-1.525,R012,R009
001,-3.175,-1.525,-3.125,-1.525,R012,R009
001,-3.125,-1.525,-3.075,-1.525,R004,R009
001,-1.825,-1.525,-1.775,-1.525,R011,R005
001,-1.775,-1.525,-1.725,-1.525,R011,R005
001,-1.725,-1.525,-1.675,-1.525,R011,R016
001,-1.675,-1.525,-1.625,-1.525,R011,R016
001,-1.625,-1.525,-1.575,-1.525,R011,R016
001,-1.575,-1.525,-1.525,-1.525,R011,R016
001,-1.525,-1.525,-1.475,-1.525,R011,R016
001,-1.475,-1.525,-1.425,-1.525,R011,R016
001,-1.425,-1.525,-1.375,-1.525,R011,R016
001,-1.375,-1.525,-1.325,-1.525,R011,R016
001,-1.325,-1.525,-1.275,-1.525,R011,R016
001,-1.275,-1.525,-1.225,-1.525,R011,R016
001,-1.225,-1.525,-1.175,-1.525,R011,R016
001,-1.175,-1.525,-1.125,-1.525,R011,R016
001,-1.125,-1.525,-1.075,-1.525,R011,R016
001,-1.075,-1.525,-1.025,-1.525,R011,R016
001,-0.925,-1.525,-0.875,-1.525,R022,R024
001,-0.875,-1.525,-0.825,-1.525,R022,R024
001,-0.825,-1.525,-0.775,-1.525,R022,R024
001,-0.775,-1.525,-0.725,-1.525,R022,R024
001,-0.725,-1.525,-0.675,-1.525,R022,R024
001,-0.675,-1.525,-0.625,-1.525,R022,R024
001,-0.625,-1.525,-0.575,-1.525,R022,R023
001,-0.575,-1.525,-0.525,-1.525,R022,R023
001,-0.525,-1.525,-0.475,-1.525,R022,R023
001,-0.475,-1.525,-0.425,-1.525,R022,R023
001,-0.425,-1.525,-0.375,-1.525,R022,R023
001,-0.375,-1.525,-0.325,-1.525,R022,R023
001,-0.325,-1.525,-0.275,-1.525,R022,R023
001,-0.275,-1.525,-0.225,-1.525,R022,R023
001,-0.225,-1.525,-0.175,-1.525,R022,R023
001,-0.175,-1.525,-0.125,-1.525,R022,R023
001,-0.125,-1.525,-0.075,-1.525,R022,R023
001,-0.075,-1.525,-0.025,-1.525,R022,R023
001,-0.025,-1.525,0.025,-1.525,R022,R023
001,-1.725,-1.475,-1.675,-1.475,R016,R005
001,-0.925,-1.475,-0.875,-1.475,R024,R022
001,-3.075,-1.425,-3.025,-1.425,R003,R009
001,-1.675,-1.425,-1.625,-1.425,R016,R005
001,-0.975,-1.425,-0.925,-1.425,R022,R002
001,-1.625,-1.375,-1.575,-1.375,R016,R005
001,-0.875,-1.375,-0.825,-1.375,R024,R022
001,-3.025,-1.325,-2.975,-1.325,R003,R009
001,-1.575,-1.325,-1.525,-1.325,R016,R005
001,-0.975,-1.325,-0.925,-1.325,R002,R005
001,-0.925,-1.325,-0.875,-1.325,R022,R005
001,-1.525,-1.275,-1.475,-1.275,R016,R005
001,-0.825,-1.275,-0.775,-1.275,R024,R022
001,-2.975,-1.225,-2.925,-1.225,R003,R007
001,-1.475,-1.225,-1.425,-1.225,R016,R005
001,-0.875,-1.225,-0.825,-1.225,R022,R005
001,-1.425,-1.175,-1.375,-1.175,R016,R005
001,-0.775,-1.175,-0.725,-1.175,R024,R022
001,-0.725,-1.175,-0.675,-1.175,R024,R023
001,-0.675,-1.175,-0.625,-1.175,R024,R023
001,-2.925,-1.125,-2.875,-1.125,R003,R007
001,-1.375,-1.125,-1.325,-1.125,R016,R005
001,-0.825,-1.125,-0.775,-1.125,R022,R005
001,-1.325,-1.075,-1.275,-1.075,R016,R005
001,-0.725,-1.075,-0.675,-1.075,R023,R022
001,-2.875,-1.025,-2.825,-1.025,R003,R007
001,-1.275,-1.025,-1.225,-1.025,R016,R005
001,-1.025,-1.025,-0.975,-1.025,R014,R016
001,-0.775,-1.025,-0.725,-1.025,R022,R005
001,-1.225,-0.975,-1.175,-0.975,R016,R005
001,-0.675,-0.975,-0.625,-0.975,R023,R022
001,-2.825,-0.925,-2.775,-0.925,R003,R007
001,-1.175,-0.925,-1.125,-0.925,R016,R018
001,-0.725,-0.925,-0.675,-0.925,R022,R005
001,-1.175,-0.875,-1.125,-0.875,R018,R005
001,-1.125,-0.875,-1.075,-0.875,R016,R018
001,-1.025,-0.875,-0.975,-0.875,R016,R015
001,-0.625,-0.875,-0.575,-0.875,R023,R022
001,-2.775,-0.825,-2.725,-0.825,R003,R007
001,-1.125,-0.825,-1.075,-0.825,R018,R005
001,-1.075,-0.825,-1.025,-0.825,R016,R018
001,-0.675,-0.825,-0.625,-0.825,R022,R005
001,-1.075,-0.775,-1.025,-0.775,R018,R005
001,-1.025,-0.775,-0.975,-0.775,R015,R018
001,-0.575,-0.775,-0.525,-0.775,R023,R022
001,-4.025,-0.725,-3.975,-0.725,R009,R007
001,-3.975,-0.725,-3.925,-0.725,R009,R007
001,-3.925,-0.725,-3.875,-0.725,R009,R007
001,-3.875,-0.725,-3.825,-0.725,R009,R007
001,-3.825,-0.725,-3.775,-0.725,R009,R007
001,-3.775,-0.725,-3.725,-0.725,R009,R007
001,-3.725,-0.725,-3.675,-0.725,R009,R007
001,-3.675,-0.725,-3.625,-0.725,R009,R007
001,-3.625,-0.725,-3.575,-0.725,R009,R007
001,-3.575,-0.725,-3.525,-0.725,R009,R007
001,-3.525,-0.725,-3.475,-0.725,R009,R007
001,-3.475,-0.725,-3.425,-0.725,R009,R007
001,-3.425,-0.725,-3.375,-0.725,R009,R007
001,-3.375,-0.725,-3.325,-0.725,R009,R007
001,-3.325,-0.725,-3.275,-0.725,R009,R007
001,-3.275,-0.725,-3.225,-0.725,R009,R007
001,-3.225,-0.725,-3.175,-0.725,R009,R007
001,-3.175,-0.725,-3.125,-0.725,R009,R007
001,-3.125,-0.725,-3.075,-0.725,R009,R007
001,-3.075,-0.725,-3.025,-0.725,R009,R007
001,-3.025,-0.725,-2.975,-0.725,R009,R007
001,-2.725,-0.725,-2.675,-0.725,R003,R007
001,-1.025,-0.725,-0.975,-0.725,R018,R005
001,-0.625,-0.725,-0.575,-0.725,R022,R005
001,-0.525,-0.675,-0.475,-0.675,R023,R022
001,-2.675,-0.625,-2.625,-0.625,R003,R007
001,-0.575,-0.625,-0.525,-0.625,R022,R005
001,-0.475,-0.575,-0.425,-0.575,R023,R022
001,-2.625,-0.525,-2.575,-0.525,R003,R007
001,-0.525,-0.525,-0.475,-0.525,R022,R005
001,-0.425,-0.475,-0.375,-0.475,R023,R022
001,-2.575,-0.425,-2.525,-0.425,R003,R007
001,-0.475,-0.425,-0.425,-0.425,R022,R005
001,-0.425,-0.375,-0.375,-0.375,R022,R019
001,-0.375,-0.375,-0.325,-0.375,R023,R019
001,-0.325,-0.375,-0.275,-0.375,R023,R019
001,-0.275,-0.375,-0.225,-0.375,R023,R019
001,-0.225,-0.375,-0.175,-0.375,R023,R019
001,-0.175,-0.375,-0.125,-0.375,R023,R019
001,-0.125,-0.375,-0.075,-0.375,R023,R019
001,-0.075,-0.375,-0.025,-0.375,R023,R019
001,-0.025,-0.375,0.025,-0.375,R023,R019
001,-2.525,-0.325,-2.475,-0.325,R003,R007
001,-0.475,-0.325,-0.425,-0.325,R005,R019
001,-2.475,-0.225,-2.425,-0.225,R003,R007
001,-0.525,-0.225,-0.475,-0.225,R005,R019
001,-4.025,-0.125,-3.975,-0.125,R007,R003
001,-3.975,-0.125,-3.925,-0.125,R007,R003
001,-3.925,-0.125,-3.875,-0.125,R007,R003
001,-3.875,-0.125,-3.825,-0.125,R007,R003
001,-3.825,-0.125,-3.775,-0.125,R007,R003
001,-3.775,-0.125,-3.725,-0.125,R007,R003
001,-3.725,-0.125,-3.675,-0.125,R007,R003
001,-3.675,-0.125,-3.625,-0.125,R007,R003
001,-3.625,-0.125,-3.575,-0.125,R007,R003
001,-3.575,-0.125,-3.525,-0.125,R007,R003
001,-3.525,-0.125,-3.475,-0.125,R007,R003
001,-3.475,-0.125,-3.425,-0.125,R007,R003
001,-3.425,-0.125,-3.375,-0.125,R007,R003
001,-3.375,-0.125,-3.325,-0.125,R007,R003
001,-3.325,-0.125,-3.275,-0.125,R007,R003
001,-3.275,-0.125,-3.225,-0.125,R007,R003
001,-3.225,-0.125,-3.175,-0.125,R007,R003
001,-3.175,-0.125,-3.125,-0.125,R007,R003
001,-3.125,-0.125,-3.075,-0.125,R007,R003
001,-3.075,-0.125,-3.025,-0.125,R007,R003
001,-3.025,-0.125,-2.975,-0.125,R007,R003
001,-2.975,-0.125,-2.925,-0.125,R007,R003
001,-2.925,-0.125,-2.875,-0.125,R007,R003
001,-2.875,-0.125,-2.825,-0.125,R007,R003
001,-2.825,-0.125,-2.775,-0.125,R007,R003
001,-2.775,-0.125,-2.725,-0.125,R007,R003
001,-2.725,-0.125,-2.675,-0.125,R007,R003
001,-2.675,-0.125,-2.625,-0.125,R007,R003
001,-2.625,-0.125,-2.575,-0.125,R007,R003
001,-2.575,-0.125,-2.525,-0.125,R007,R003
001,-2.525,-0.125,-2.475,-0.125,R007,R003
001,-2.475,-0.125,-2.425,-0.125,R007,R003
001,-0.675,-0.125,-0.625,-0.125,R005,R008
001,-0.625,-0.125,-0.575,-0.125,R005,R008
001,-0.575,-0.125,-0.525,-0.125,R005,R019
001,-0.725,-0.075,-0.675,-0.075,R005,R008
001,-0.575,-0.075,-0.525,-0.075,R019,R020
001,-0.525,-0.075,-0.475,-0.075,R019,R020
001,-0.625,-0.025,-0.575,-0.025,R008,R020
001,-0.475,-0.025,-0.425,-0.025,R019,R020
001,-0.425,-0.025,-0.375,-0.025,R019,R020
011,-3.925,-4.025,-3.925,-3.975,R061,R056
011,-3.725,-4.025,-3.725,-3.975,R056,R054
011,-2.975,-4.025,-2.975,-3.975,R054,R028
011,-0.825,-4.025,-0.825,-3.975,R028,R027
011,-0.675,-4.025,-0.675,-3.975,R027,R012
011,-0.325,-4.025,-0.325,-3.975,R012,R010
011,-3.875,-3.975,-3.875,-3.925,R061,R056
011,-3.675,-3.975,-3.675,-3.925,R056,R054
011,-2.925,-3.975,-2.925,-3.925,R054,R028
011,-0.825,-3.975,-0.825,-3.925,R028,R027
011,-0.675,-3.975,-0.675,-3.925,R027,R012
011,-0.325,-3.975,-0.325,-3.925,R012,R010
011,-3.825,-3.925,-3.825,-3.875,R061,R056
011,-3.625,-3.925,-3.625,-3.875,R056,R054
011,-2.875,-3.925,-2.875,-3.875,R054,R028
011,-0.825,-3.925,-0.825,-3.875,R028,R027
011,-0.675,-3.925,-0.675,-3.875,R027,R012
011,-0.325,-3.925,-0.325,-3.875,R012,R010
011,-3.775,-3.875,-3.775,-3.825,R061,R056
011,-3.575,-3.875,-3.575,-3.825,R056,R054
011,-2.825,-3.875,-2.825,-3.825,R054,R028
011,-0.825,-3.875,-0.825,-3.825,R028,R027
011,-0.675,-3.875,-0.675,-3.825,R027,R012
011,-0.325,-3.875,-0.325,-3.825,R012,R010
011,-3.775,-3.825,-3.775,-3.775,R061,R056
011,-3.525,-3.825,-3.525,-3.775,R056,R054
011,-2.775,-3.825,-2.775,-3.775,R054,R028
011,-0.825,-3.825,-0.825,-3.775,R028,R027
011,-0.675,-3.825,-0.675,-3.775,R027,R012
011,-0.325,-3.825,-0.325,-3.775,R012,R010
011,-3.725,-3.775,-3.725,-3.725,R061,R056
011,-3.475,-3.775,-3.475,-3.725,R056,R054
011,-2.725,-3.775,-2.725,-3.725,R054,R028
011,-0.825,-3.775,-0.825,-3.725,R028,R027
011,-0.675,-3.775,-0.675,-3.725,R027,R012
011,-0.325,-3.775,-0.325,-3.725,R012,R010
011,-3.675,-3.725,-3.675,-3.675,R061,R056
011,-3.425,-3.725,-3.425,-3.675,R056,R054
011,-2.675,-3.725,-2.675,-3.675,R054,R028
011,-0.825,-3.725,-0.825,-3.675,R028,R027
011,-0.675,-3.725,-0.675,-3.675,R027,R012
011,-0.325,-3.725,-0.325,-3.675,R012,R010
011,-3.625,-3.675,-3.625,-3.625,R061,R056
011,-3.425,-3.675,-3.425,-3.625,R056,R054
011,-2.625,-3.675,-2.625,-3.625,R054,R028
011,-0.825,-3.675,-0.825,-3.625,R028,R027
011,-0.675,-3.675,-0.675,-3.625,R027,R012
011,-0.325,-3.675,-0.325,-3.625,R012,R010
011,-3.625,-3.625,-3.625,-3.575,R061,R056
011,-3.375,-3.625,-3.375,-3.575,R056,R054
011,-2.575,-3.625,-2.575,-3.575,R054,R028
011,-0.825,-3.625,-0.825,-3.575,R028,R027
011,-0.675,-3.625,-0.675,-3.575,R027,R012
011,-0.325,-3.625,-0.325,-3.575,R012,R010
011,-3.575,-3.575,-3.575,-3.525,R061,R056
011,-3.325,-3.575,-3.325,-3.525,R056,R054
011,-2.525,-3.575,-2.525,-3.525,R054,R028
011,-0.825,-3.575,-0.825,-3.525,R028,R027
011,-0.675,-3.575,-0.675,-3.525,R027,R012
011,-0.325,-3.575,-0.325,-3.525,R012,R010
011,-3.525,-3.525,-3.525,-3.475,R061,R056
011,-3.275,-3.525,-3.275,-3.475,R056,R054
011,-2.475,-3.525,-2.475,-3.475,R054,R028
011,-0.825,-3.525,-0.825,-3.475,R028,R027
011,-0.675,-3.525,-0.675,-3.475,R027,R012
011,-0.325,-3.525,-0.325,-3.475,R012,R010
011,-3.475,-3.475,-3.475,-3.425,R061,R056
011,-3.225,-3.475,-3.225,-3.425,R056,R054
011,-2.425,-3.475,-2.425,-3.425,R054,R028
011,-0.825,-3.475,-0.825,-3.425,R028,R027
011,-0.675,-3.475,-0.675,-3.425,R027,R012
011,-0.325,-3.475,-0.325,-3.425,R012,R010
011,-3.475,-3.425,-3.475,-3.375,R061,R057
011,-3.425,-3.425,-3.425,-3.375,R057,R056
011,-3.175,-3.425,-3.175,-3.375,R056,R054
011,-2.375,-3.425,-2.375,-3.375,R054,R028
011,-0.825,-3.425,-0.825,-3.375,R028,R027
011,-0.675,-3.425,-0.675,-3.375,R027,R012
011,-0.325,-3.425,-0.325,-3.375,R012,R010
011,-3.425,-3.375,-3.425,-3.325,R061,R057
011,-3.375,-3.375,-3.375,-3.325,R057,R056
011,-3.125,-3.375,-3.125,-3.325,R056,R054
011,-2.325,-3.375,-2.325,-3.325,R054,R028
011,-0.825,-3.375,-0.825,-3.325,R028,R027
011,-0.675,-3.375,-0.675,-3.325,R027,R012
011,-0.325,-3.375,-0.325,-3.325,R012,R010
011,-3.375,-3.325,-3.375,-3.275,R061,R057
011,-3.325,-3.325,-3.325,-3.275,R057,R056
011,-3.075,-3.325,-3.075,-3.275,R056,R054
011,-2.275,-3.325,-2.275,-3.275,R054,R028
011,-0.825,-3.325,-0.825,-3.275,R028,R027
011,-0.675,-3.325,-0.675,-3.275,R027,R012
011,-0.325,-3.325,-0.325,-3.275,R012,R010
011,-3.325,-3.275,-3.325,-3.225,R061,R056
011,-3.025,-3.275,-3.025,-3.225,R056,R054
011,-2.225,-3.275,-2.225,-3.225,R054,R028
011,-0.825,-3.275,-0.825,-3.225,R028,R027
011,-0.675,-3.275,-0.675,-3.225,R027,R012
011,-0.325,-3.275,-0.325,-3.225,R012,R010
011,-3.325,-3.225,-3.325,-3.175,R061,R057
011,-3.275,-3.225,-3.275,-3.175,R057,R056
011,-2.975,-3.225,-2.975,-3.175,R056,R054
011,-2.175,-3.225,-2.175,-3.175,R054,R028
011,-0.825,-3.225,-0.825,-3.175,R028,R027
011,-0.675,-3.225,-0.675,-3.175,R027,R012
011,-0.325,-3.225,-0.325,-3.175,R012,R010
011,-3.275,-3.175,-3.275,-3.125,R061,R057
011,-3.225,-3.175,-3.225,-3.125,R057,R056
011,-2.925,-3.175,-2.925,-3.125,R056,R054
011,-2.125,-3.175,-2.125,-3.125,R054,R028
011,-0.825,-3.175,-0.825,-3.125,R028,R027
011,-0.675,-3.175,-0.675,-3.125,R027,R012
011,-0.325,-3.175,-0.325,-3.125,R012,R010
011,-3.225,-3.125,-3.225,-3.075,R061,R057
011,-3.175,-3.125,-3.175,-3.075,R057,R056
011,-2.875,-3.125,-2.875,-3.075,R056,R054
011,-2.075,-3.125,-2.075,-3.075,R054,R028
011,-0.825,-3.125,-0.825,-3.075,R028,R027
011,-0.675,-3.125,-0.675,-3.075,R027,R012
011,-0.325,-3.125,-0.325,-3.075,R012,R010
011,-3.175,-3.075,-3.175,-3.025,R061,R057
011,-3.125,-3.075,-3.125,-3.025,R057,R056
011,-2.825,-3.075,-2.825,-3.025,R056,R054
011,-2.025,-3.075,-2.025,-3.025,R054,R028
011,-0.825,-3.075,-0.825,-3.025,R028,R027
011,-0.675,-3.075,-0.675,-3.025,R027,R012
011,-0.325,-3.075,-0.325,-3.025,R012,R010
011,-3.175,-3.025,-3.175,-2.975,R061,R057
011,-3.075,-3.025,-3.075,-2.975,R057,R056
011,-2.775,-3.025,-2.775,-2.975,R056,R054
011,-1.975,-3.025,-1.975,-2.975,R054,R028
011,-0.825,-3.025,-0.825,-2.975,R028,R027
011,-0.675,-3.025,-0.675,-2.975,R027,R012
011,-0.325,-3.025,-0.325,-2.975,R012,R010
011,-3.975,-2.975,-3.975,-2.925,R029,R061
011,-3.125,-2.975,-3.125,-2.925,R061,R057
011,-3.075,-2.975,-3.075,-2.925,R057,R056
011,-2.725,-2.975,-2.725,-2.925,R056,R054
011,-1.925,-2.975,-1.925,-2.925,R054,R028
011,-0.825,-2.975,-0.825,-2.925,R028,R027
011,-0.675,-2.975,-0.675,-2.925,R027,R012
011,-0.325,-2.975,-0.325,-2.925,R012,R010
011,-3.925,-2.925,-3.925,-2.875,R029,R061
011,-3.075,-2.925,-3.075,-2.875,R061,R057
011,-3.025,-2.925,-3.025,-2.875,R057,R056
011,-2.675,-2.925,-2.675,-2.875,R056,R054
011,-1.875,-2.925,-1.875,-2.875,R054,R028
011,-0.825,-2.925,-0.825,-2.875,R028,R027
011,-0.675,-2.925,-0.675,-2.875,R027,R012
011,-0.325,-2.925,-0.325,-2.875,R012,R010
011,-3.875,-2.875,-3.875,-2.825,R029,R061
011,-3.025,-2.875,-3.025,-2.825,R061,R057
011,-2.975,-2.875,-2.975,-2.825,R057,R056
011,-2.625,-2.875,-2.625,-2.825,R056,R054
011,-1.825,-2.875,-1.825,-2.825,R054,R028
011,-0.825,-2.875,-0.825,-2.825,R028,R027
011,-0.675,-2.875,-0.675,-2.825,R027,R012
011,-0.325,-2.875,-0.325,-2.825,R012,R010
011,-3.775,-2.825,-3.775,-2.775,R029,R061
011,-3.025,-2.825,-3.025,-2.775,R061,R057
011,-2.925,-2.825,-2.925,-2.775,R057,R056
011,-2.575,-2.825,-2.575,-2.775,R056,R054
011,-1.775,-2.825,-1.775,-2.775,R054,R028
011,-0.825,-2.825,-0.825,-2.775,R028,R027
011,-0.675,-2.825,-0.675,-2.775,R027,R012
011,-0.325,-2.825,-0.325,-2.775,R012,R010
011,-3.725,-2.775,-3.725,-2.725,R029,R061
011,-2.975,-2.775,-2.975,-2.725,R061,R057
011,-2.875,-2.775,-2.875,-2.725,R057,R056
011,-2.525,-2.775,-2.525,-2.725,R056,R054
011,-1.725,-2.775,-1.725,-2.725,R054,R028
011,-0.825,-2.775,-0.825,-2.725,R028,R027
011,-0.675,-2.775,-0.675,-2.725,R027,R012
011,-0.325,-2.775,-0.325,-2.725,R012,R010
011,-3.675,-2.725,-3.675,-2.675,R029,R061
011,-2.925,-2.725,-2.925,-2.675,R061,R057
011,-2.825,-2.725,-2.825,-2.675,R057,R056
011,-2.475,-2.725,-2.475,-2.675,R056,R054
011,-1.675,-2.725,-1.675,-2.675,R054,R028
011,-0.825,-2.725,-0.825,-2.675,R028,R027
011,-0.675,-2.725,-0.675,-2.675,R027,R012
011,-0.325,-2.725,-0.325,-2.675,R012,R010
011,-3.975,-2.675,-3.975,-2.625,R026,R029
011,-3.625,-2.675,-3.625,-2.625,R029,R061
011,-2.875,-2.675,-2.875,-2.625,R061,R057
011,-2.775,-2.675,-2.775,-2.625,R057,R056
011,-2.425,-2.675,-2.425,-2.625,R056,R054
011,-1.625,-2.675,-1.625,-2.625,R054,R028
011,-0.825,-2.675,-0.825,-2.625,R028,R027
011,-0.675,-2.675,-0.675,-2.625,R027,R012
011,-0.325,-2.675,-0.325,-2.625,R012,R010
011,-3.925,-2.625,-3.925,-2.575,R026,R029
011,-3.525,-2.625,-3.525,-2.575,R029,R061
011,-2.875,-2.625,-2.875,-2.575,R061,R062
011,-2.825,-2.625,-2.825,-2.575,R062,R057
011,-2.725,-2.625,-2.725,-2.575,R057,R056
011,-2.375,-2.625,-2.375,-2.575,R056,R054
011,-1.575,-2.625,-1.575,-2.575,R054,R028
011,-0.825,-2.625,-0.825,-2.575,R028,R027
011,-0.675,-2.625,-0.675,-2.575,R027,R012
011,-0.325,-2.625,-0.325,-2.575,R012,R010
011,-3.975,-2.575,-3.975,-2.525,R024,R026
011,-3.875,-2.575,-3.875,-2.525,R026,R029
011,-3.475,-2.575,-3.475,-2.525,R029,R061
011,-2.825,-2.575,-2.825,-2.525,R061,R062
011,-2.775,-2.575,-2.775,-2.525,R062,R057
011,-2.675,-2.575,-2.675,-2.525,R057,R056
011,-2.325,-2.575,-2.325,-2.525,R056,R054
011,-1.525,-2.575,-1.525,-2.525,R054,R028
011,-0.825,-2.575,-0.825,-2.525,R028,R027
011,-0.675,-2.575,-0.675,-2.525,R027,R012
011,-0.325,-2.575,-0.325,-2.525,R012,R010
011,-3.875,-2.525,-3.875,-2.475,R024,R026
011,-3.825,-2.525,-3.825,-2.475,R026,R029
011,-3.425,-2.525,-3.425,-2.475,R029,R061
011,-2.775,-2.525,-2.775,-2.475,R061,R062
011,-2.725,-2.525,-2.725,-2.475,R062,R057
011,-2.625,-2.525,-2.625,-2.475,R057,R056
011,-2.275,-2.525,-2.275,-2.475,R056,R054
011,-1.475,-2.525,-1.475,-2.475,R054,R028
011,-0.825,-2.525,-0.825,-2.475,R028,R027
011,-0.675,-2.525,-0.675,-2.475,R027,R012
011,-0.325,-2.525,-0.325,-2.475,R012,R010
011,-3.975,-2.475,-3.975,-2.425,R022,R024
011,-3.825,-2.475,-3.825,-2.425,R024,R026
011,-3.775,-2.475,-3.775,-2.425,R026,R029
011,-3.375,-2.475,-3.375,-2.425,R029,R061
011,-2.725,-2.475,-2.725,-2.425,R061,R062
011,-2.675,-2.475,-2.675,-2.425,R062,R057
011,-2.575,-2.475,-2.575,-2.425,R057,R056
011,-2.225,-2.475,-2.225,-2.425,R056,R054
011,-1.425,-2.475,-1.425,-2.425,R054,R028
011,-0.825,-2.475,-0.825,-2.425,R028,R027
011,-0.675,-2.475,-0.675,-2.425,R027,R012
011,-0.325,-2.475,-0.325,-2.425,R012,R010
011,-3.875,-2.425,-3.875,-2.375,R022,R024
011,-3.775,-2.425,-3.775,-2.375,R024,R026
011,-3.725,-2.425,-3.725,-2.375,R026,R029
011,-3.325,-2.425,-3.325,-2.375,R029,R061
011,-2.725,-2.425,-2.725,-2.375,R061,R062
011,-2.625,-2.425,-2.625,-2.375,R062,R057
011,-2.525,-2.425,-2.525,-2.375,R057,R056
011,-2.175,-2.425,-2.175,-2.375,R056,R054
011,-1.375,-2.425,-1.375,-2.375,R054,R028
011,-0.825,-2.425,-0.825,-2.375,R028,R027
011,-0.675,-2.425,-0.675,-2.375,R027,R012
011,-0.325,-2.425,-0.325,-2.375,R012,R010
011,-3.825,-2.375,-3.825,-2.325,R022,R024
011,-3.725,-2.375,-3.725,-2.325,R024,R026
011,-3.675,-2.375,-3.675,-2.325,R026,R029
011,-3.275,-2.375,-3.275,-2.325,R029,R061
011,-2.675,-2.375,-2.675,-2.325,R061,R062
011,-2.575,-2.375,-2.575,-2.325,R062,R057
011,-2.475,-2.375,-2.475,-2.325,R057,R056
011,-2.125,-2.375,-2.125,-2.325,R056,R054
011,-1.325,-2.375,-1.325,-2.325,R054,R028
011,-0.825,-2.375,-0.825,-2.325,R028,R027
011,-0.675,-2.375,-0.675,-2.325,R027,R012
011,-0.325,-2.375,-0.325,-2.325,R012,R010
011,-3.775,-2.325,-3.775,-2.275,R022,R024
011,-3.625,-2.325,-3.625,-2.275,R024,R029
011,-3.225,-2.325,-3.225,-2.275,R029,R061
011,-2.625,-2.325,-2.625,-2.275,R061,R062
011,-2.525,-2.325,-2.525,-2.275,R062,R057
011,-2.425,-2.325,-2.425,-2.275,R057,R056
011,-2.075,-2.325,-2.075,-2.275,R056,R054
011,-1.275,-2.325,-1.275,-2.275,R054,R028
011,-0.825,-2.325,-0.825,-2.275,R028,R027
011,-0.675,-2.325,-0.675,-2.275,R027,R012
011,-0.325,-2.325,-0.325,-2.275,R012,R010
011,-3.725,-2.275,-3.725,-2.225,R022,R024
011,-3.575,-2.275,-3.575,-2.225,R024,R029
011,-3.175,-2.275,-3.175,-2.225,R029,R061
011,-2.575,-2.275,-2.575,-2.225,R061,R062
011,-2.425,-2.275,-2.425,-2.225,R062,R057
011,-2.375,-2.275,-2.375,-2.225,R057,R056
011,-2.025,-2.275,-2.025,-2.225,R056,R054
011,-1.225,-2.275,-1.225,-2.225,R054,R028
011,-0.825,-2.275,-0.825,-2.225,R028,R027
011,-0.675,-2.275,-0.675,-2.225,R027,R012
011,-0.325,-2.275,-0.325,-2.225,R012,R010
011,-3.625,-2.225,-3.625,-2.175,R022,R024
011,-3.525,-2.225,-3.525,-2.175,R024,R029
011,-3.125,-2.225,-3.125,-2.175,R029,R061
011,-2.525,-2.225,-2.525,-2.175,R061,R062
011,-2.375,-2.225,-2.375,-2.175,R062,R057
011,-2.325,-2.225,-2.325,-2.175,R057,R056
011,-1.975,-2.225,-1.975,-2.175,R056,R054
011,-1.175,-2.225,-1.175,-2.175,R054,R028
011,-0.825,-2.225,-0.825,-2.175,R028,R027
011,-0.675,-2.225,-0.675,-2.175,R027,R012
011,-0.325,-2.225,-0.325,-2.175,R012,R010
011,-3.575,-2.175,-3.575,-2.125,R022,R024
011,-3.475,-2.175,-3.475,-2.125,R024,R029
011,-3.075,-2.175,-3.075,-2.125,R029,R061
011,-2.475,-2.175,-2.475,-2.125,R061,R062
011,-2.325,-2.175,-2.325,-2.125,R062,R057
011,-2.275,-2.175,-2.275,-2.125,R057,R056
011,-1.925,-2.175,-1.925,-2.125,R056,R054
011,-1.125,-2.175,-1.125,-2.125,R054,R028
011,-0.825,-2.175,-0.825,-2.125,R028,R027
011,-0.675,-2.175,-0.675,-2.125,R027,R012
011,-0.325,-2.175,-0.325,-2.125,R012,R010
011,-3.525,-2.125,-3.525,-2.075,R022,R024
011,-3.425,-2.125,-3.425,-2.075,R024,R025
011,-3.375,-2.125,-3.375,-2.075,R025,R029
011,-3.025,-2.125,-3.025,-2.075,R029,R061
011,-2.425,-2.125,-2.425,-2.075,R061,R062
011,-2.275,-2.125,-2.275,-2.075,R062,R057
011,-2.225,-2.125,-2.225,-2.075,R057,R056
011,-1.875,-2.125,-1.875,-2.075,R056,R054
011,-1.075,-2.125,-1.075,-2.075,R054,R028
011,-0.825,-2.125,-0.825,-2.075,R028,R027
011,-0.675,-2.125,-0.675,-2.075,R027,R012
011,-0.325,-2.125,-0.325,-2.075,R012,R010
011,-3.475,-2.075,-3.475,-2.025,R022,R024
011,-3.375,-2.075,-3.375,-2.025,R024,R025
011,-3.325,-2.075,-3.325,-2.025,R025,R029
011,-2.975,-2.075,-2.975,-2.025,R029,R061
011,-2.375,-2.075,-2.375,-2.025,R061,R062
011,-2.225,-2.075,-2.225,-2.025,R062,R057
011,-2.175,-2.075,-2.175,-2.025,R057,R056
011,-1.825,-2.075,-1.825,-2.025,R056,R054
011,-1.025,-2.075,-1.025,-2.025,R054,R028
011,-0.825,-2.075,-0.825,-2.025,R028,R027
011,-0.675,-2.075,-0.675,-2.025,R027,R012
011,-0.325,-2.075,-0.325,-2.025,R012,R010
011,-3.375,-2.025,-3.375,-1.975,R022,R024
011,-3.325,-2.025,-3.325,-1.975,R024,R025
011,-3.275,-2.025,-3.275,-1.975,R025,R029
011,-2.925,-2.025,-2.925,-1.975,R029,R061
011,-2.575,-2.025,-2.575,-1.975,R061,R062
011,-2.475,-2.025,-2.475,-1.975,R062,R061
011,-2.325,-2.025,-2.325,-1.975,R061,R062
011,-2.175,-2.025,-2.175,-1.975,R062,R057
011,-2.125,-2.025,-2.125,-1.975,R057,R056
011,-1.775,-2.025,-1.775,-1.975,R056,R054
011,-0.975,-2.025,-0.975,-1.975,R054,R028
011,-0.825,-2.025,-0.825,-1.975,R028,R027
011,-0.675,-2.025,-0.675,-1.975,R027,R012
011,-0.325,-2.025,-0.325,-1.975,R012,R010
011,-3.325,-1.975,-3.325,-1.925,R022,R024
011,-3.275,-1.975,-3.275,-1.925,R024,R025
011,-3.225,-1.975,-3.225,-1.925,R025,R029
011,-2.875,-1.975,-2.875,-1.925,R029,R061
011,-2.525,-1.975,-2.525,-1.925,R061,R062
011,-2.425,-1.975,-2.425,-1.925,R062,R061
011,-2.275,-1.975,-2.275,-1.925,R061,R062
011,-2.075,-1.975,-2.075,-1.925,R062,R059
011,-1.025,-1.975,-1.025,-1.925,R059,R054
011,-0.925,-1.975,-0.925,-1.925,R054,R028
011,-0.825,-1.975,-0.825,-1.925,R028,R027
011,-0.675,-1.975,-0.675,-1.925,R027,R012
011,-0.325,-1.975,-0.325,-1.925,R012,R010
011,-3.275,-1.925,-3.275,-1.875,R022,R024
011,-3.225,-1.925,-3.225,-1.875,R024,R025
011,-3.125,-1.925,-3.125,-1.875,R025,R029
011,-2.825,-1.925,-2.825,-1.875,R029,R061
011,-2.475,-1.925,-2.475,-1.875,R061,R062
011,-2.325,-1.925,-2.325,-1.875,R062,R060
011,-2.225,-1.925,-2.225,-1.875,R060,R062
011,-2.025,-1.925,-2.025,-1.875,R062,R059
011,-0.975,-1.925,-0.975,-1.875,R059,R054
011,-0.875,-1.925,-0.875,-1.875,R054,R028
011,-0.825,-1.925,-0.825,-1.875,R028,R027
011,-0.675,-1.925,-0.675,-1.875,R027,R012
011,-0.325,-1.925,-0.325,-1.875,R012,R010
011,-3.225,-1.875,-3.225,-1.825,R022,R024
011,-3.175,-1.875,-3.175,-1.825,R024,R025
011,-3.075,-1.875,-3.075,-1.825,R025,R029
011,-2.775,-1.875,-2.775,-1.825,R029,R061
011,-2.425,-1.875,-2.425,-1.825,R061,R062
011,-2.325,-1.875,-2.325,-1.825,R062,R060
011,-2.125,-1.875,-2.125,-1.825,R060,R062
011,-2.025,-1.875,-2.025,-1.825,R062,R059
011,-0.925,-1.875,-0.925,-1.825,R059,R054
011,-0.825,-1.875,-0.825,-1.825,R054,R027
011,-0.675,-1.875,-0.675,-1.825,R027,R012
011,-0.325,-1.875,-0.325,-1.825,R012,R010
011,-3.125,-1.825,-3.125,-1.775,R022,R025
011,-3.025,-1.825,-3.025,-1.775,R025,R029
011,-2.725,-1.825,-2.725,-1.775,R029,R061
011,-2.425,-1.825,-2.425,-1.775,R061,R062
011,-2.275,-1.825,-2.275,-1.775,R062,R060
011,-2.025,-1.825,-2.025,-1.775,R060,R062
011,-1.975,-1.825,-1.975,-1.775,R062,R059
011,-0.875,-1.825,-0.875,-1.775,R059,R054
011,-0.825,-1.825,-0.825,-1.775,R054,R053
011,-0.775,-1.825,-0.775,-1.775,R053,R027
011,-0.675,-1.825,-0.675,-1.775,R027,R012
011,-0.325,-1.825,-0.325,-1.775,R012,R010
011,-3.975,-1.775,-3.975,-1.725,R067,R022
011,-3.075,-1.775,-3.075,-1.725,R022,R025
011,-2.975,-1.775,-2.975,-1.725,R025,R029
011,-2.675,-1.775,-2.675,-1.725,R029,R061
011,-2.375,-1.775,-2.375,-1.725,R061,R062
011,-2.275,-1.775,-2.275,-1.725,R062,R060
011,-1.975,-1.775,-1.975,-1.725,R060,R059
011,-0.825,-1.775,-0.825,-1.725,R059,R053
011,-0.725,-1.775,-0.725,-1.725,R053,R027
011,-0.675,-1.775,-0.675,-1.725,R027,R012
011,-0.325,-1.775,-0.325,-1.725,R012,R010
011,-3.925,-1.725,-3.925,-1.675,R067,R022
011,-3.025,-1.725,-3.025,-1.675,R022,R025
011,-2.875,-1.725,-2.875,-1.675,R025,R029
011,-2.625,-1.725,-2.625,-1.675,R029,R061
011,-2.325,-1.725,-2.325,-1.675,R061,R062
011,-2.225,-1.725,-2.225,-1.675,R062,R060
011,-1.925,-1.725,-1.925,-1.675,R060,R059
011,-0.825,-1.725,-0.825,-1.675,R059,R058
011,-0.775,-1.725,-0.775,-1.675,R058,R053
011,-0.675,-1.725,-0.675,-1.675,R053,R012
011,-0.325,-1.725,-0.325,-1.675,R012,R010
011,-3.825,-1.675,-3.825,-1.625,R067,R022
011,-2.975,-1.675,-2.975,-1.625,R022,R025
011,-2.825,-1.675,-2.825,-1.625,R025,R029
011,-2.575,-1.675,-2.575,-1.625,R029,R061
011,-2.275,-1.675,-2.275,-1.625,R061,R062
011,-2.225,-1.675,-2.225,-1.625,R062,R060
011,-1.925,-1.675,-1.925,-1.625,R060,R058
011,-1.875,-1.675,-1.875,-1.625,R058,R059
011,-0.825,-1.675,-0.825,-1.625,R059,R058
011,-0.725,-1.675,-0.725,-1.625,R058,R053
011,-0.675,-1.675,-0.675,-1.625,R053,R012
011,-0.325,-1.675,-0.325,-1.625,R012,R010
011,-3.925,-1.625,-3.925,-1.575,R069,R067
011,-3.775,-1.625,-3.775,-1.575,R067,R022
011,-2.925,-1.625,-2.925,-1.575,R022,R023
011,-2.875,-1.625,-2.875,-1.575,R023,R025
011,-2.775,-1.625,-2.775,-1.575,R025,R029
011,-2.525,-1.625,-2.525,-1.575,R029,R061
011,-2.225,-1.625,-2.225,-1.575,R061,R062
011,-2.175,-1.625,-2.175,-1.575,R062,R060
011,-1.925,-1.625,-1.925,-1.575,R060,R058
011,-0.675,-1.625,-0.675,-1.575,R058,R012
011,-0.325,-1.625,-0.325,-1.575,R012,R010
011,-3.875,-1.575,-3.875,-1.525,R069,R067
011,-3.675,-1.575,-3.675,-1.525,R067,R022
011,-2.875,-1.575,-2.875,-1.525,R022,R023
011,-2.825,-1.575,-2.825,-1.525,R023,R025
011,-2.725,-1.575,-2.725,-1.525,R025,R029
011,-2.475,-1.575,-2.475,-1.525,R029,R061
011,-2.225,-1.575,-2.225,-1.525,R061,R060
011,-1.925,-1.575,-1.925,-1.525,R060,R058
011,-0.675,-1.575,-0.675,-1.525,R058,R013
011,-0.625,-1.575,-0.625,-1.525,R013,R012
011,-0.325,-1.575,-0.325,-1.525,R012,R010
011,-3.775,-1.525,-3.775,-1.475,R069,R067
011,-3.625,-1.525,-3.625,-1.475,R067,R022
011,-2.825,-1.525,-2.825,-1.475,R022,R023
011,-2.775,-1.525,-2.775,-1.475,R023,R025
011,-2.625,-1.525,-2.625,-1.475,R025,R029
011,-2.425,-1.525,-2.425,-1.475,R029,R060
011,-1.925,-1.525,-1.925,-1.475,R060,R058
011,-0.675,-1.525,-0.675,-1.475,R058,R013
011,-0.575,-1.525,-0.575,-1.475,R013,R012
011,-0.325,-1.525,-0.325,-1.475,R012,R010
011,-3.725,-1.475,-3.725,-1.425,R069,R067
011,-3.575,-1.475,-3.575,-1.425,R067,R066
011,-3.525,-1.475,-3.525,-1.425,R066,R022
011,-2.775,-1.475,-2.775,-1.425,R022,R023
011,-2.725,-1.475,-2.725,-1.425,R023,R025
011,-2.575,-1.475,-2.575,-1.425,R025,R029
011,-2.375,-1.475,-2.375,-1.425,R029,R060
011,-1.925,-1.475,-1.925,-1.425,R060,R058
011,-1.175,-1.475,-1.175,-1.425,R058,R013
011,-0.525,-1.475,-0.525,-1.425,R013,R012
011,-0.325,-1.475,-0.325,-1.425,R012,R010
011,-3.625,-1.425,-3.625,-1.375,R069,R067
011,-3.525,-1.425,-3.525,-1.375,R067,R066
011,-3.475,-1.425,-3.475,-1.375,R066,R022
011,-2.725,-1.425,-2.725,-1.375,R022,R023
011,-2.625,-1.425,-2.625,-1.375,R023,R025
011,-2.525,-1.425,-2.525,-1.375,R025,R029
011,-2.325,-1.425,-2.325,-1.375,R029,R060
011,-1.925,-1.425,-1.925,-1.375,R060,R058
011,-1.825,-1.425,-1.825,-1.375,R058,R064
011,-1.775,-1.425,-1.775,-1.375,R064,R063
011,-1.625,-1.425,-1.625,-1.375,R063,R058
011,-1.125,-1.425,-1.125,-1.375,R058,R013
011,-0.475,-1.425,-0.475,-1.375,R013,R012
011,-0.325,-1.425,-0.325,-1.375,R012,R010
011,-3.575,-1.375,-3.575,-1.325,R069,R067
011,-3.475,-1.375,-3.475,-1.325,R067,R066
011,-3.375,-1.375,-3.375,-1.325,R066,R022
011,-2.675,-1.375,-2.675,-1.325,R022,R023
011,-2.575,-1.375,-2.575,-1.325,R023,R025
011,-2.475,-1.375,-2.475,-1.325,R025,R029
011,-2.275,-1.375,-2.275,-1.325,R029,R060
011,-1.875,-1.375,-1.875,-1.325,R060,R058
011,-1.775,-1.375,-1.775,-1.325,R058,R064
011,-1.725,-1.375,-1.725,-1.325,R064,R063
011,-1.575,-1.375,-1.575,-1.325,R063,R058
011,-1.125,-1.375,-1.125,-1.325,R058,R013
011,-0.425,-1.375,-0.425,-1.325,R013,R012
011,-0.325,-1.375,-0.325,-1.325,R012,R010
011,-3.475,-1.325,-3.475,-1.275,R068,R067
011,-3.425,-1.325,-3.425,-1.275,R067,R066
011,-3.325,-1.325,-3.325,-1.275,R066,R021
011,-3.275,-1.325,-3.275,-1.275,R021,R022
011,-2.625,-1.325,-2.625,-1.275,R022,R023
011,-2.525,-1.325,-2.525,-1.275,R023,R025
011,-2.375,-1.325,-2.375,-1.275,R025,R029
011,-2.225,-1.325,-2.225,-1.275,R029,R060
011,-1.875,-1.325,-1.875,-1.275,R060,R058
011,-1.775,-1.325,-1.775,-1.275,R058,R064
011,-1.725,-1.325,-1.725,-1.275,R064,R063
011,-1.525,-1.325,-1.525,-1.275,R063,R058
011,-1.075,-1.325,-1.075,-1.275,R058,R013
011,-0.375,-1.325,-0.375,-1.275,R013,R012
011,-0.325,-1.325,-0.325,-1.275,R012,R010
011,-3.425,-1.275,-3.425,-1.225,R068,R067
011,-3.375,-1.275,-3.375,-1.225,R067,R066
011,-3.225,-1.275,-3.225,-1.225,R066,R018
011,-2.625,-1.275,-2.625,-1.225,R018,R020
011,-2.575,-1.275,-2.575,-1.225,R020,R023
011,-2.475,-1.275,-2.475,-1.225,R023,R025
011,-2.325,-1.275,-2.325,-1.225,R025,R029
011,-2.175,-1.275,-2.175,-1.225,R029,R060
011,-1.825,-1.275,-1.825,-1.225,R060,R058
011,-1.725,-1.275,-1.725,-1.225,R058,R064
011,-1.675,-1.275,-1.675,-1.225,R064,R063
011,-1.475,-1.275,-1.475,-1.225,R063,R058
011,-1.075,-1.275,-1.075,-1.225,R058,R013
011,-0.325,-1.275,-0.325,-1.225,R013,R010
011,-3.325,-1.225,-3.325,-1.175,R068,R066
011,-3.175,-1.225,-3.175,-1.175,R066,R018
011,-2.525,-1.225,-2.525,-1.175,R018,R023
011,-2.375,-1.225,-2.375,-1.175,R023,R025
011,-2.275,-1.225,-2.275,-1.175,R025,R029
011,-2.125,-1.225,-2.125,-1.175,R029,R060
011,-1.775,-1.225,-1.775,-1.175,R060,R058
011,-1.725,-1.225,-1.725,-1.175,R058,R064
011,-1.675,-1.225,-1.675,-1.175,R064,R063
011,-1.425,-1.225,-1.425,-1.175,R063,R058
011,-1.025,-1.225,-1.025,-1.175,R058,R013
011,-0.325,-1.225,-0.325,-1.175,R013,R011
011,-0.275,-1.225,-0.275,-1.175,R011,R010
011,-3.275,-1.175,-3.275,-1.125,R068,R066
011,-3.075,-1.175,-3.075,-1.125,R066,R018
011,-2.475,-1.175,-2.475,-1.125,R018,R019
011,-2.425,-1.175,-2.425,-1.125,R019,R023
011,-2.325,-1.175,-2.325,-1.125,R023,R025
011,-2.225,-1.175,-2.225,-1.125,R025,R029
011,-2.075,-1.175,-2.075,-1.125,R029,R060
011,-1.725,-1.175,-1.725,-1.125,R060,R058
011,-1.675,-1.175,-1.675,-1.125,R058,R064
011,-1.625,-1.175,-1.625,-1.125,R064,R063
011,-1.375,-1.175,-1.375,-1.125,R063,R058
011,-1.025,-1.175,-1.025,-1.125,R058,R013
011,-0.325,-1.175,-0.325,-1.125,R013,R011
011,-0.225,-1.175,-0.225,-1.125,R011,R010
011,-3.175,-1.125,-3.175,-1.075,R068,R066
011,-3.025,-1.125,-3.025,-1.075,R066,R018
011,-2.425,-1.125,-2.425,-1.075,R018,R019
011,-2.325,-1.125,-2.325,-1.075,R019,R023
011,-2.275,-1.125,-2.275,-1.075,R023,R025
011,-2.125,-1.125,-2.125,-1.075,R025,R029
011,-2.075,-1.125,-2.075,-1.075,R029,R060
011,-1.725,-1.125,-1.725,-1.075,R060,R058
011,-1.675,-1.125,-1.675,-1.075,R058,R064
011,-1.625,-1.125,-1.625,-1.075,R064,R063
011,-1.325,-1.125,-1.325,-1.075,R063,R058
011,-0.975,-1.125,-0.975,-1.075,R058,R013
011,-0.325,-1.125,-0.325,-1.075,R013,R011
011,-0.175,-1.125,-0.175,-1.075,R011,R010
011,-3.125,-1.075,-3.125,-1.025,R068,R066
011,-2.925,-1.075,-2.925,-1.025,R066,R018
011,-2.375,-1.075,-2.375,-1.025,R018,R019
011,-2.225,-1.075,-2.225,-1.025,R019,R025
011,-2.075,-1.075,-2.075,-1.025,R025,R060
011,-1.675,-1.075,-1.675,-1.025,R060,R058
011,-1.625,-1.075,-1.625,-1.025,R058,R064
011,-1.575,-1.075,-1.575,-1.025,R064,R063
011,-1.275,-1.075,-1.275,-1.025,R063,R058
011,-0.975,-1.075,-0.975,-1.025,R058,R013
011,-0.325,-1.075,-0.325,-1.025,R013,R011
011,-0.125,-1.075,-0.125,-1.025,R011,R010
011,-3.025,-1.025,-3.025,-0.975,R068,R066
011,-2.925,-1.025,-2.925,-0.975,R066,R065
011,-2.875,-1.025,-2.875,-0.975,R065,R015
011,-2.325,-1.025,-2.325,-0.975,R015,R017
011,-2.125,-1.025,-2.125,-0.975,R017,R025
011,-2.075,-1.025,-2.075,-0.975,R025,R060
011,-1.675,-1.025,-1.675,-0.975,R060,R058
011,-1.625,-1.025,-1.625,-0.975,R058,R045
011,-1.575,-1.025,-1.575,-0.975,R045,R063
011,-1.225,-1.025,-1.225,-0.975,R063,R058
011,-0.925,-1.025,-0.925,-0.975,R058,R013
011,-0.325,-1.025,-0.325,-0.975,R013,R011
011,-0.075,-1.025,-0.075,-0.975,R011,R010
011,-2.975,-0.975,-2.975,-0.925,R068,R066
011,-2.875,-0.975,-2.875,-0.925,R066,R065
011,-2.775,-0.975,-2.775,-0.925,R065,R015
011,-2.275,-0.975,-2.275,-0.925,R015,R017
011,-2.075,-0.975,-2.075,-0.925,R017,R060
011,-1.675,-0.975,-1.675,-0.925,R060,R058
011,-1.575,-0.975,-1.575,-0.925,R058,R045
011,-1.525,-0.975,-1.525,-0.925,R045,R063
011,-1.175,-0.975,-1.175,-0.925,R063,R058
011,-0.925,-0.975,-0.925,-0.925,R058,R013
011,-0.325,-0.975,-0.325,-0.925,R013,R011
011,-0.025,-0.975,-0.025,-0.925,R011,R010
011,-2.875,-0.925,-2.875,-0.875,R068,R065
011,-2.725,-0.925,-2.725,-0.875,R065,R015
011,-2.225,-0.925,-2.225,-0.875,R015,R017
011,-2.075,-0.925,-2.075,-0.875,R017,R060
011,-1.675,-0.925,-1.675,-0.875,R060,R058
011,-1.525,-0.925,-1.525,-0.875,R058,R044
011,-1.425,-0.925,-1.425,-0.875,R044,R063
011,-1.125,-0.925,-1.125,-0.875,R063,R058
011,-0.875,-0.925,-0.875,-0.875,R058,R013
011,-0.325,-0.925,-0.325,-0.875,R013,R011
011,-2.825,-0.875,-2.825,-0.825,R068,R065
011,-2.625,-0.875,-2.625,-0.825,R065,R015
011,-2.175,-0.875,-2.175,-0.825,R015,R017
011,-2.075,-0.875,-2.075,-0.825,R017,R055
011,-2.025,-0.875,-2.025,-0.825,R055,R060
011,-1.675,-0.875,-1.675,-0.825,R060,R058
011,-1.475,-0.875,-1.475,-0.825,R058,R044
011,-1.375,-0.875,-1.375,-0.825,R044,R063
011,-1.075,-0.875,-1.075,-0.825,R063,R058
011,-0.875,-0.875,-0.875,-0.825,R058,R013
011,-0.325,-0.875,-0.325,-0.825,R013,R011
011,-2.725,-0.825,-2.725,-0.775,R068,R065
011,-2.575,-0.825,-2.575,-0.775,R065,R015
011,-2.125,-0.825,-2.125,-0.775,R015,R017
011,-2.075,-0.825,-2.075,-0.775,R017,R055
011,-1.975,-0.825,-1.975,-0.775,R055,R060
011,-1.675,-0.825,-1.675,-0.775,R060,R058
011,-1.475,-0.825,-1.475,-0.775,R058,R043
011,-1.425,-0.825,-1.425,-0.775,R043,R044
011,-1.325,-0.825,-1.325,-0.775,R044,R063
011,-1.025,-0.825,-1.025,-0.775,R063,R058
011,-0.825,-0.825,-0.825,-0.775,R058,R013
011,-0.325,-0.825,-0.325,-0.775,R013,R011
011,-2.675,-0.775,-2.675,-0.725,R068,R065
011,-2.475,-0.775,-2.475,-0.725,R065,R015
011,-2.075,-0.775,-2.075,-0.725,R015,R016
011,-2.025,-0.775,-2.025,-0.725,R016,R039
011,-1.975,-0.775,-1.975,-0.725,R039,R055
011,-1.875,-0.775,-1.875,-0.725,R055,R060
011,-1.675,-0.775,-1.675,-0.725,R060,R058
011,-1.425,-0.775,-1.425,-0.725,R058,R043
011,-1.325,-0.775,-1.325,-0.725,R043,R044
011,-1.275,-0.775,-1.275,-0.725,R044,R063
011,-0.975,-0.775,-0.975,-0.725,R063,R058
011,-0.825,-0.775,-0.825,-0.725,R058,R013
011,-0.325,-0.775,-0.325,-0.725,R013,R011
011,-2.675,-0.725,-2.675,-0.675,R050,R068
011,-2.575,-0.725,-2.575,-0.675,R068,R065
011,-2.425,-0.725,-2.425,-0.675,R065,R015
011,-2.075,-0.725,-2.075,-0.675,R015,R016
011,-1.975,-0.725,-1.975,-0.675,R016,R039
011,-1.925,-0.725,-1.925,-0.675,R039,R055
011,-1.825,-0.725,-1.825,-0.675,R055,R060
011,-1.675,-0.725,-1.675,-0.675,R060,R058
011,-1.425,-0.725,-1.425,-0.675,R058,R043
011,-1.275,-0.725,-1.275,-0.675,R043,R044
011,-1.175,-0.725,-1.175,-0.675,R044,R063
011,-0.925,-0.725,-0.925,-0.675,R063,R058
011,-0.775,-0.725,-0.775,-0.675,R058,R006
011,-0.425,-0.725,-0.425,-0.675,R006,R007
011,-2.575,-0.675,-2.575,-0.625,R050,R068
011,-2.525,-0.675,-2.525,-0.625,R068,R065
011,-2.325,-0.675,-2.325,-0.625,R065,R015
011,-2.075,-0.675,-2.075,-0.625,R015,R016
011,-1.925,-0.675,-1.925,-0.625,R016,R039
011,-1.825,-0.675,-1.825,-0.625,R039,R055
011,-1.725,-0.675,-1.725,-0.625,R055,R060
011,-1.675,-0.675,-1.675,-0.625,R060,R058
011,-1.375,-0.675,-1.375,-0.625,R058,R043
011,-1.225,-0.675,-1.225,-0.625,R043,R044
011,-0.925,-0.675,-0.925,-0.625,R044,R037
011,-0.875,-0.675,-0.875,-0.625,R037,R035
011,-0.825,-0.675,-0.825,-0.625,R035,R038
011,-0.375,-0.675,-0.375,-0.625,R038,R007
011,-0.025,-0.675,-0.025,-0.625,R007,R008
011,-2.425,-0.625,-2.425,-0.575,R050,R046
011,-2.225,-0.625,-2.225,-0.575,R046,R015
011,-2.075,-0.625,-2.075,-0.575,R015,R016
011,-1.875,-0.625,-1.875,-0.575,R016,R039
011,-1.675,-0.625,-1.675,-0.575,R039,R042
011,-1.625,-0.625,-1.625,-0.575,R042,R041
011,-1.475,-0.625,-1.475,-0.575,R041,R035
011,-1.325,-0.625,-1.325,-0.575,R035,R043
011,-1.175,-0.625,-1.175,-0.575,R043,R044
011,-0.925,-0.625,-0.925,-0.575,R044,R037
011,-0.825,-0.625,-0.825,-0.575,R037,R038
011,-0.375,-0.625,-0.375,-0.575,R038,R007
011,-0.075,-0.625,-0.075,-0.575,R007,R008
011,-0.025,-0.625,-0.025,-0.575,R008,R009
011,-2.275,-0.575,-2.275,-0.525,R050,R046
011,-2.125,-0.575,-2.125,-0.525,R046,R015
011,-2.075,-0.575,-2.075,-0.525,R015,R016
011,-1.825,-0.575,-1.825,-0.525,R016,R039
011,-1.575,-0.575,-1.575,-0.525,R039,R041
011,-1.425,-0.575,-1.425,-0.525,R041,R035
011,-1.225,-0.575,-1.225,-0.525,R035,R043
011,-1.075,-0.575,-1.075,-0.525,R043,R044
011,-0.925,-0.575,-0.925,-0.525,R044,R037
011,-0.775,-0.575,-0.775,-0.525,R037,R038
011,-0.325,-0.575,-0.325,-0.525,R038,R007
011,-0.075,-0.575,-0.075,-0.525,R007,R008
011,-0.025,-0.575,-0.025,-0.525,R008,R009
011,-2.175,-0.525,-2.175,-0.475,R050,R046
011,-1.975,-0.525,-1.975,-0.475,R046,R016
011,-1.775,-0.525,-1.775,-0.475,R016,R039
011,-1.525,-0.525,-1.525,-0.475,R039,R041
011,-1.375,-0.525,-1.375,-0.475,R041,R035
011,-1.175,-0.525,-1.175,-0.475,R035,R043
011,-0.925,-0.525,-0.925,-0.475,R043,R037
011,-0.725,-0.525,-0.725,-0.475,R037,R038
011,-0.325,-0.525,-0.325,-0.475,R038,R007
011,-0.075,-0.525,-0.075,-0.475,R007,R008
011,-0.025,-0.525,-0.025,-0.475,R008,R009
011,-2.025,-0.475,-2.025,-0.425,R050,R046
011,-1.875,-0.475,-1.875,-0.425,R046,R014
011,-1.725,-0.475,-1.725,-0.425,R014,R039
011,-1.425,-0.475,-1.425,-0.425,R039,R041
011,-1.325,-0.475,-1.325,-0.425,R041,R035
011,-1.125,-0.475,-1.125,-0.425,R035,R043
011,-1.075,-0.475,-1.075,-0.425,R043,R037
011,-1.025,-0.475,-1.025,-0.425,R037,R043
011,-0.925,-0.475,-0.925,-0.425,R043,R037
011,-0.675,-0.475,-0.675,-0.425,R037,R038
011,-0.325,-0.475,-0.325,-0.425,R038,R007
011,-0.075,-0.475,-0.075,-0.425,R007,R008
011,-0.025,-0.475,-0.025,-0.425,R008,R009
011,-1.925,-0.425,-1.925,-0.375,R050,R046
011,-1.725,-0.425,-1.725,-0.375,R046,R014
011,-1.675,-0.425,-1.675,-0.375,R014,R039
011,-1.375,-0.425,-1.375,-0.375,R039,R041
011,-1.275,-0.425,-1.275,-0.375,R041,R035
011,-1.075,-0.425,-1.075,-0.375,R035,R043
011,-1.025,-0.425,-1.025,-0.375,R043,R037
011,-0.975,-0.425,-0.975,-0.375,R037,R043
011,-0.925,-0.425,-0.925,-0.375,R043,R037
011,-0.675,-0.425,-0.675,-0.375,R037,R002
011,-0.125,-0.425,-0.125,-0.375,R002,R001
011,-1.775,-0.375,-1.775,-0.325,R050,R046
011,-1.625,-0.375,-1.625,-0.325,R046,R039
011,-1.275,-0.375,-1.275,-0.325,R039,R041
011,-1.225,-0.375,-1.225,-0.325,R041,R035
011,-1.025,-0.375,-1.025,-0.325,R035,R037
011,-0.925,-0.375,-0.925,-0.325,R037,R043
011,-0.875,-0.375,-0.875,-0.325,R043,R037
011,-0.675,-0.375,-0.675,-0.325,R037,R002
011,-0.125,-0.375,-0.125,-0.325,R002,R001
011,-1.675,-0.325,-1.675,-0.275,R050,R046
011,-1.475,-0.325,-1.475,-0.275,R046,R039
011,-1.225,-0.325,-1.225,-0.275,R039,R041
011,-1.175,-0.325,-1.175,-0.275,R041,R035
011,-1.025,-0.325,-1.025,-0.275,R035,R037
011,-0.875,-0.325,-0.875,-0.275,R037,R043
011,-0.825,-0.325,-0.825,-0.275,R043,R037
011,-0.775,-0.325,-0.775,-0.275,R037,R003
011,-0.675,-0.325,-0.675,-0.275,R003,R002
011,-0.125,-0.325,-0.125,-0.275,R002,R001
011,-1.525,-0.275,-1.525,-0.225,R050,R046
011,-1.375,-0.275,-1.375,-0.225,R046,R039
011,-1.125,-0.275,-1.125,-0.225,R039,R035
011,-0.975,-0.275,-0.975,-0.225,R035,R037
011,-0.825,-0.275,-0.825,-0.225,R037,R043
011,-0.775,-0.275,-0.775,-0.225,R043,R030
011,-0.725,-0.275,-0.725,-0.225,R030,R003
011,-0.625,-0.275,-0.625,-0.225,R003,R002
011,-0.125,-0.275,-0.125,-0.225,R002,R001
011,-1.425,-0.225,-1.425,-0.175,R050,R047
011,-1.225,-0.225,-1.225,-0.175,R047,R040
011,-1.075,-0.225,-1.075,-0.175,R040,R036
011,-0.975,-0.225,-0.975,-0.175,R036,R035
011,-0.925,-0.225,-0.925,-0.175,R035,R037
011,-0.775,-0.225,-0.775,-0.175,R037,R043
011,-0.725,-0.225,-0.725,-0.175,R043,R032
011,-0.675,-0.225,-0.675,-0.175,R032,R005
011,-0.625,-0.225,-0.625,-0.175,R005,R004
011,-0.575,-0.225,-0.575,-0.175,R004,R002
011,-0.125,-0.225,-0.125,-0.175,R002,R001
011,-1.475,-0.175,-1.475,-0.125,R050,R051
011,-1.275,-0.175,-1.275,-0.125,R051,R047
011,-1.125,-0.175,-1.125,-0.125,R047,R040
011,-1.025,-0.175,-1.025,-0.125,R040,R034
011,-0.975,-0.175,-0.975,-0.125,R034,R033
011,-0.825,-0.175,-0.825,-0.125,R033,R030
011,-0.725,-0.175,-0.725,-0.125,R030,R032
011,-0.625,-0.175,-0.625,-0.125,R032,R005
011,-0.575,-0.175,-0.575,-0.125,R005,R004
011,-0.525,-0.175,-0.525,-0.125,R004,R002
011,-0.125,-0.175,-0.125,-0.125,R002,R001
011,-1.475,-0.125,-1.475,-0.075,R050,R051
011,-1.175,-0.125,-1.175,-0.075,R051,R047
011,-1.025,-0.125,-1.025,-0.075,R047,R052
011,-0.925,-0.125,-0.925,-0.075,R052,R033
011,-0.775,-0.125,-0.775,-0.075,R033,R030
011,-0.675,-0.125,-0.675,-0.075,R030,R032
011,-0.575,-0.125,-0.575,-0.075,R032,R004
011,-0.475,-0.125,-0.475,-0.075,R004,R002
011,-0.125,-0.125,-0.125,-0.075,R002,R001
011,-1.525,-0.075,-1.525,-0.025,R050,R051
011,-1.175,-0.075,-1.175,-0.025,R051,R049
011,-1.125,-0.075,-1.125,-0.025,R049,R047
011,-1.025,-0.075,-1.025,-0.025,R047,R052
011,-0.825,-0.075,-0.825,-0.025,R052,R033
011,-0.725,-0.075,-0.725,-0.025,R033,R030
011,-0.675,-0.075,-0.675,-0.025,R030,R031
011,-0.625,-0.075,-0.625,-0.025,R031,R032
011,-0.525,-0.075,-0.525,-0.025,R032,R004
011,-0.425,-0.075,-0.425,-0.025,R004,R002
011,-0.125,-0.075,-0.125,-0.025,R002,R001
011,-1.525,-0.025,-1.525,0.025,R048,R049
011,-1.075,-0.025,-1.075,0.025,R049,R047
011,-1.025,-0.025,-1.025,0.025,R047,R052
011,-0.775,-0.025,-0.775,0.025,R052,R033
011,-0.725,-0.025,-0.725,0.025,R033,R030
011,-0.675,-0.025,-0.675,0.025,R030,R031
011,-0.475,-0.025,-0.475,0.025,R031,R004
011,-0.375,-0.025,-0.375,0.025,R004,R001
011,-3.925,-3.975,-3.875,-3.975,R056,R061
011,-3.725,-3.975,-3.675,-3.975,R054,R056
011,-2.975,-3.975,-2.925,-3.975,R028,R054
011,-3.875,-3.925,-3.825,-3.925,R056,R061
011,-3.675,-3.925,-3.625,-3.925,R054,R056
011,-2.925,-3.925,-2.875,-3.925,R028,R054
011,-3.825,-3.875,-3.775,-3.875,R056,R061
011,-3.625,-3.875,-3.575,-3.875,R054,R056
011,-2.875,-3.875,-2.825,-3.875,R028,R054
011,-3.575,-3.825,-3.525,-3.825,R054,R056
011,-2.825,-3.825,-2.775,-3.825,R028,R054
011,-3.775,-3.775,-3.725,-3.775,R056,R061
011,-3.525,-3.775,-3.475,-3.775,R054,R056
011,-2.775,-3.775,-2.725,-3.775,R028,R054
011,-3.725,-3.725,-3.675,-3.725,R056,R061
011,-3.475,-3.725,-3.425,-3.725,R054,R056
011,-2.725,-3.725,-2.675,-3.725,R028,R054
011,-3.675,-3.675,-3.625,-3.675,R056,R061
011,-2.675,-3.675,-2.625,-3.675,R028,R054
011,-3.425,-3.625,-3.375,-3.625,R054,R056
011,-2.625,-3.625,-2.575,-3.625,R028,R054
011,-3.625,-3.575,-3.575,-3.575,R056,R061
011,-3.375,-3.575,-3.325,-3.575,R054,R056
011,-2.575,-3.575,-2.525,-3.575,R028,R054
011,-3.575,-3.525,-3.525,-3.525,R056,R061
011,-3.325,-3.525,-3.275,-3.525,R054,R056
011,-2.525,-3.525,-2.475,-3.525,R028,R054
011,-3.525,-3.475,-3.475,-3.475,R056,R061
011,-3.275,-3.475,-3.225,-3.475,R054,R056
011,-2.475,-3.475,-2.425,-3.475,R028,R054
011,-3.475,-3.425,-3.425,-3.425,R056,R057
011,-3.225,-3.425,-3.175,-3.425,R054,R056
011,-2.425,-3.425,-2.375,-3.425,R028,R054
011,-3.475,-3.375,-3.425,-3.375,R057,R061
011,-3.425,-3.375,-3.375,-3.375,R056,R057
011,-3.175,-3.375,-3.125,-3.375,R054,R056
011,-2.375,-3.375,-2.325,-3.375,R028,R054
011,-3.425,-3.325,-3.375,-3.325,R057,R061
011,-3.375,-3.325,-3.325,-3.325,R056,R057
011,-3.125,-3.325,-3.075,-3.325,R054,R056
011,-2.325,-3.325,-2.275,-3.325,R028,R054
011,-3.375,-3.275,-3.325,-3.275,R057,R061
011,-3.075,-3.275,-3.025,-3.275,R054,R056
011,-2.275,-3.275,-2.225,-3.275,R028,R054
011,-3.325,-3.225,-3.275,-3.225,R056,R057
011,-3.025,-3.225,-2.975,-3.225,R054,R056
011,-2.225,-3.225,-2.175,-3.225,R028,R054
011,-3.325,-3.175,-3.275,-3.175,R057,R061
011,-3.275,-3.175,-3.225,-3.175,R056,R057
011,-2.975,-3.175,-2.925,-3.175,R054,R056
011,-2.175,-3.175,-2.125,-3.175,R028,R054
011,-3.275,-3.125,-3.225,-3.125,R057,R061
011,-3.225,-3.125,-3.175,-3.125,R056,R057
011,-2.925,-3.125,-2.875,-3.125,R054,R056
011,-2.125,-3.125,-2.075,-3.125,R028,R054
011,-3.225,-3.075,-3.175,-3.075,R057,R061
011,-3.175,-3.075,-3.125,-3.075,R056,R057
011,-2.875,-3.075,-2.825,-3.075,R054,R056
011,-2.075,-3.075,-2.025,-3.075,R028,R054
011,-3.125,-3.025,-3.075,-3.025,R056,R057
011,-2.825,-3.025,-2.775,-3.025,R054,R056
011,-2.025,-3.025,-1.975,-3.025,R028,R054
011,-4.025,-2.975,-3.975,-2.975,R061,R029
011,-3.175,-2.975,-3.125,-2.975,R057,R061
011,-2.775,-2.975,-2.725,-2.975,R054,R056
011,-1.975,-2.975,-1.925,-2.975,R028,R054
011,-3.975,-2.925,-3.925,-2.925,R061,R029
011,-3.125,-2.925,-3.075,-2.925,R057,R061
011,-3.075,-2.925,-3.025,-2.925,R056,R057
011,-2.725,-2.925,-2.675,-2.925,R054,R056
011,-1.925,-2.925,-1.875,-2.925,R028,R054
011,-3.925,-2.875,-3.875,-2.875,R061,R029
011,-3.075,-2.875,-3.025,-2.875,R057,R061
011,-3.025,-2.875,-2.975,-2.875,R056,R057
011,-2.675,-2.875,-2.625,-2.875,R054,R056
011,-1.875,-2.875,-1.825,-2.875,R028,R054
011,-3.875,-2.825,-3.825,-2.825,R061,R029
011,-3.825,-2.825,-3.775,-2.825,R061,R029
011,-2.975,-2.825,-2.925,-2.825,R056,R057
011,-2.625,-2.825,-2.575,-2.825,R054,R056
011,-1.825,-2.825,-1.775,-2.825,R028,R054
011,-3.775,-2.775,-3.725,-2.775,R061,R029
011,-3.025,-2.775,-2.975,-2.775,R057,R061
011,-2.925,-2.775,-2.875,-2.775,R056,R057
011,-2.575,-2.775,-2.525,-2.775,R054,R056
011,-1.775,-2.775,-1.725,-2.775,R028,R054
011,-3.725,-2.725,-3.675,-2.725,R061,R029
011,-2.975,-2.725,-2.925,-2.725,R057,R061
011,-2.875,-2.725,-2.825,-2.725,R056,R057
011,-2.525,-2.725,-2.475,-2.725,R054,R056
011,-1.725,-2.725,-1.675,-2.725,R028,R054
011,-4.025,-2.675,-3.975,-2.675,R029,R026
011,-3.675,-2.675,-3.625,-2.675,R061,R029
011,-2.925,-2.675,-2.875,-2.675,R057,R061
011,-2.825,-2.675,-2.775,-2.675,R056,R057
011,-2.475,-2.675,-2.425,-2.675,R054,R056
011,-1.675,-2.675,-1.625,-2.675,R028,R054
011,-3.975,-2.625,-3.925,-2.625,R029,R026
011,-3.625,-2.625,-3.575,-2.625,R061,R029
011,-3.575,-2.625,-3.525,-2.625,R061,R029
011,-2.875,-2.625,-2.825,-2.625,R057,R062
011,-2.775,-2.625,-2.725,-2.625,R056,R057
011,-2.425,-2.625,-2.375,-2.625,R054,R056
011,-1.625,-2.625,-1.575,-2.625,R028,R054
011,-4.025,-2.575,-3.975,-2.575,R026,R024
011,-3.925,-2.575,-3.875,-2.575,R029,R026
011,-3.525,-2.575,-3.475,-2.575,R061,R029
011,-2.875,-2.575,-2.825,-2.575,R062,R061
011,-2.825,-2.575,-2.775,-2.575,R057,R062
011,-2.725,-2.575,-2.675,-2.575,R056,R057
011,-2.375,-2.575,-2.325,-2.575,R054,R056
011,-1.575,-2.575,-1.525,-2.575,R028,R054
011,-3.975,-2.525,-3.925,-2.525,R026,R024
011,-3.925,-2.525,-3.875,-2.525,R026,R024
011,-3.875,-2.525,-3.825,-2.525,R029,R026
011,-3.475,-2.525,-3.425,-2.525,R061,R029
011,-2.825,-2.525,-2.775,-2.525,R062,R061
011,-2.775,-2.525,-2.725,-2.525,R057,R062
011,-2.675,-2.525,-2.625,-2.525,R056,R057
011,-2.325,-2.525,-2.275,-2.525,R054,R056
011,-1.525,-2.525,-1.475,-2.525,R028,R054
011,-4.025,-2.475,-3.975,-2.475,R024,R022
011,-3.875,-2.475,-3.825,-2.475,R026,R024
011,-3.825,-2.475,-3.775,-2.475,R029,R026
011,-3.425,-2.475,-3.375,-2.475,R061,R029
011,-2.775,-2.475,-2.725,-2.475,R062,R061
011,-2.725,-2.475,-2.675,-2.475,R057,R062
011,-2.625,-2.475,-2.575,-2.475,R056,R057
011,-2.275,-2.475,-2.225,-2.475,R054,R056
011,-1.475,-2.475,-1.425,-2.475,R028,R054
011,-3.975,-2.425,-3.925,-2.425,R024,R022
011,-3.925,-2.425,-3.875,-2.425,R024,R022
011,-3.825,-2.425,-3.775,-2.425,R026,R024
011,-3.775,-2.425,-3.725,-2.425,R029,R026
011,-3.375,-2.425,-3.325,-2.425,R061,R029
011,-2.675,-2.425,-2.625,-2.425,R057,R062
011,-2.575,-2.425,-2.525,-2.425,R056,R057
011,-2.225,-2.425,-2.175,-2.425,R054,R056
011,-1.425,-2.425,-1.375,-2.425,R028,R054
011,-3.875,-2.375,-3.825,-2.375,R024,R022
011,-3.775,-2.375,-3.725,-2.375,R026,R024
011,-3.725,-2.375,-3.675,-2.375,R029,R026
011,-3.325,-2.375,-3.275,-2.375,R061,R029
011,-2.725,-2.375,-2.675,-2.375,R062,R061
011,-2.625,-2.375,-2.575,-2.375,R057,R062
011,-2.525,-2.375,-2.475,-2.375,R056,R057
011,-2.175,-2.375,-2.125,-2.375,R054,R056
011,-1.375,-2.375,-1.325,-2.375,R028,R054
011,-3.825,-2.325,-3.775,-2.325,R024,R022
011,-3.725,-2.325,-3.675,-2.325,R026,R024
011,-3.675,-2.325,-3.625,-2.325,R029,R024
011,-3.275,-2.325,-3.225,-2.325,R061,R029
011,-2.675,-2.325,-2.625,-2.325,R062,R061
011,-2.575,-2.325,-2.525,-2.325,R057,R062
011,-2.475,-2.325,-2.425,-2.325,R056,R057
011,-2.125,-2.325,-2.075,-2.325,R054,R056
011,-1.325,-2.325,-1.275,-2.325,R028,R054
011,-3.775,-2.275,-3.725,-2.275,R024,R022
011,-3.625,-2.275,-3.575,-2.275,R029,R024
011,-3.225,-2.275,-3.175,-2.275,R061,R029
011,-2.625,-2.275,-2.575,-2.275,R062,R061
011,-2.525,-2.275,-2.475,-2.275,R057,R062
011,-2.475,-2.275,-2.425,-2.275,R057,R062
011,-2.425,-2.275,-2.375,-2.275,R056,R057
011,-2.075,-2.275,-2.025,-2.275,R054,R056
011,-1.275,-2.275,-1.225,-2.275,R028,R054
011,-3.725,-2.225,-3.675,-2.225,R024,R022
011,-3.675,-2.225,-3.625,-2.225,R024,R022
011,-3.575,-2.225,-3.525,-2.225,R029,R024
011,-3.175,-2.225,-3.125,-2.225,R061,R029
011,-2.575,-2.225,-2.525,-2.225,R062,R061
011,-2.425,-2.225,-2.375,-2.225,R057,R062
011,-2.375,-2.225,-2.325,-2.225,R056,R057
011,-2.025,-2.225,-1.975,-2.225,R054,R056
011,-1.225,-2.225,-1.175,-2.225,R028,R054
011,-3.625,-2.175,-3.575,-2.175,R024,R022
011,-3.525,-2.175,-3.475,-2.175,R029,R024
011,-3.125,-2.175,-3.075,-2.175,R061,R029
011,-2.525,-2.175,-2.475,-2.175,R062,R061
011,-2.375,-2.175,-2.325,-2.175,R057,R062
011,-2.325,-2.175,-2.275,-2.175,R056,R057
011,-1.975,-2.175,-1.925,-2.175,R054,R056
011,-1.175,-2.175,-1.125,-2.175,R028,R054
011,-3.575,-2.125,-3.525,-2.125,R024,R022
011,-3.475,-2.125,-3.425,-2.125,R029,R024
011,-3.425,-2.125,-3.375,-2.125,R029,R025
011,-3.075,-2.125,-3.025,-2.125,R061,R029
011,-2.475,-2.125,-2.425,-2.125,R062,R061
011,-2.325,-2.125,-2.275,-2.125,R057,R062
011,-2.275,-2.125,-2.225,-2.125,R056,R057
011,-1.925,-2.125,-1.875,-2.125,R054,R056
011,-1.125,-2.125,-1.075,-2.125,R028,R054
011,-3.525,-2.075,-3.475,-2.075,R024,R022
011,-3.425,-2.075,-3.375,-2.075,R025,R024
011,-3.375,-2.075,-3.325,-2.075,R029,R025
011,-3.025,-2.075,-2.975,-2.075,R061,R029
011,-2.425,-2.075,-2.375,-2.075,R062,R061
011,-2.275,-2.075,-2.225,-2.075,R057,R062
011,-2.225,-2.075,-2.175,-2.075,R056,R057
011,-1.875,-2.075,-1.825,-2.075,R054,R056
011,-1.075,-2.075,-1.025,-2.075,R028,R054
011,-3.475,-2.025,-3.425,-2.025,R024,R022
011,-3.425,-2.025,-3.375,-2.025,R024,R022
011,-3.375,-2.025,-3.325,-2.025,R025,R024
011,-3.325,-2.025,-3.275,-2.025,R029,R025
011,-2.975,-2.025,-2.925,-2.025,R061,R029
011,-2.575,-2.025,-2.525,-2.025,R061,R062
011,-2.525,-2.025,-2.475,-2.025,R061,R062
011,-2.375,-2.025,-2.325,-2.025,R062,R061
011,-2.225,-2.025,-2.175,-2.025,R057,R062
011,-2.175,-2.025,-2.125,-2.025,R056,R057
011,-1.825,-2.025,-1.775,-2.025,R054,R056
011,-1.025,-2.025,-0.975,-2.025,R028,R054
011,-3.375,-1.975,-3.325,-1.975,R024,R022
011,-3.325,-1.975,-3.275,-1.975,R025,R024
011,-3.275,-1.975,-3.225,-1.975,R029,R025
011,-2.925,-1.975,-2.875,-1.975,R061,R029
011,-2.575,-1.975,-2.525,-1.975,R062,R061
011,-2.475,-1.975,-2.425,-1.975,R061,R062
011,-2.325,-1.975,-2.275,-1.975,R062,R061
011,-2.175,-1.975,-2.125,-1.975,R057,R062
011,-2.125,-1.975,-2.075,-1.975,R056,R062
011,-2.075,-1.975,-2.025,-1.975,R056,R059
011,-2.025,-1.975,-1.975,-1.975,R056,R059
011,-1.975,-1.975,-1.925,-1.975,R056,R059
011,-1.925,-1.975,-1.875,-1.975,R056,R059
011,-1.875,-1.975,-1.825,-1.975,R056,R059
011,-1.825,-1.975,-1.775,-1.975,R056,R059
011,-1.775,-1.975,-1.725,-1.975,R054,R059
011,-1.725,-1.975,-1.675,-1.975,R054,R059
011,-1.675,-1.975,-1.625,-1.975,R054,R059
011,-1.625,-1.975,-1.575,-1.975,R054,R059
011,-1.575,-1.975,-1.525,-1.975,R054,R059
011,-1.525,-1.975,-1.475,-1.975,R054,R059
011,-1.475,-1.975,-1.425,-1.975,R054,R059
011,-1.425,-1.975,-1.375,-1.975,R054,R059
011,-1.375,-1.975,-1.325,-1.975,R054,R059
011,-1.325,-1.975,-1.275,-1.975,R054,R059
011,-1.275,-1.975,-1.225,-1.975,R054,R059
011,-1.225,-1.975,-1.175,-1.975,R054,R059
011,-1.175,-1.975,-1.125,-1.975,R054,R059
011,-1.125,-1.975,-1.075,-1.975,R054,R059
011,-1.075,-1.975,-1.025,-1.975,R054,R059
011,-0.975,-1.975,-0.925,-1.975,R028,R054
011,-3.325,-1.925,-3.275,-1.925,R024,R022
011,-3.275,-1.925,-3.225,-1.925,R025,R024
011,-3.225,-1.925,-3.175,-1.925,R029,R025
011,-3.175,-1.925,-3.125,-1.925,R029,R025
011,-2.875,-1.925,-2.825,-1.925,R061,R029
011,-2.525,-1.925,-2.475,-1.925,R062,R061
011,-2.425,-1.925,-2.375,-1.925,R061,R062
011,-2.375,-1.925,-2.325,-1.925,R061,R062
011,-2.325,-1.925,-2.275,-1.925,R061,R060
011,-2.275,-1.925,-2.225,-1.925,R062,R060
011,-2.075,-1.925,-2.025,-1.925,R059,R062
011,-1.025,-1.925,-0.975,-1.925,R054,R059
011,-0.925,-1.925,-0.875,-1.925,R028,R054
011,-3.275,-1.875,-3.225,-1.875,R024,R022
011,-3.225,-1.875,-3.175,-1.875,R025,R024
011,-3.125,-1.875,-3.075,-1.875,R029,R025
011,-2.825,-1.875,-2.775,-1.875,R061,R029
011,-2.475,-1.875,-2.425,-1.875,R062,R061
011,-2.225,-1.875,-2.175,-1.875,R062,R060
011,-2.175,-1.875,-2.125,-1.875,R062,R060
011,-0.975,-1.875,-0.925,-1.875,R054,R059
011,-0.875,-1.875,-0.825,-1.875,R028,R054
011,-3.225,-1.825,-3.175,-1.825,R024,R022
011,-3.175,-1.825,-3.125,-1.825,R025,R022
011,-3.075,-1.825,-3.025,-1.825,R029,R025
011,-2.775,-1.825,-2.725,-1.825,R061,R029
011,-2.325,-1.825,-2.275,-1.825,R060,R062
011,-2.125,-1.825,-2.075,-1.825,R062,R060
011,-2.075,-1.825,-2.025,-1.825,R062,R060
011,-2.025,-1.825,-1.975,-1.825,R059,R062
011,-0.925,-1.825,-0.875,-1.825,R054,R059
011,-0.825,-1.825,-0.775,-1.825,R027,R053
011,-4.025,-1.775,-3.975,-1.775,R022,R067
011,-3.125,-1.775,-3.075,-1.775,R025,R022
011,-3.025,-1.775,-2.975,-1.775,R029,R025
011,-2.725,-1.775,-2.675,-1.775,R061,R029
011,-2.425,-1.775,-2.375,-1.775,R062,R061
011,-2.025,-1.775,-1.975,-1.775,R062,R060
011,-0.875,-1.775,-0.825,-1.775,R054,R059
011,-0.775,-1.775,-0.725,-1.775,R027,R053
011,-3.975,-1.725,-3.925,-1.725,R022,R067
011,-3.075,-1.725,-3.025,-1.725,R025,R022
011,-2.975,-1.725,-2.925,-1.725,R029,R025
011,-2.925,-1.725,-2.875,-1.725,R029,R025
011,-2.675,-1.725,-2.625,-1.725,R061,R029
011,-2.375,-1.725,-2.325,-1.725,R062,R061
011,-2.275,-1.725,-2.225,-1.725,R060,R062
011,-1.975,-1.725,-1.925,-1.725,R059,R060
011,-0.825,-1.725,-0.775,-1.725,R053,R058
011,-0.725,-1.725,-0.675,-1.725,R027,R053
011,-3.925,-1.675,-3.875,-1.675,R022,R067
011,-3.875,-1.675,-3.825,-1.675,R022,R067
011,-3.025,-1.675,-2.975,-1.675,R025,R022
011,-2.875,-1.675,-2.825,-1.675,R029,R025
011,-2.625,-1.675,-2.575,-1.675,R061,R029
011,-2.325,-1.675,-2.275,-1.675,R062,R061
011,-1.925,-1.675,-1.875,-1.675,R059,R058
011,-0.775,-1.675,-0.725,-1.675,R053,R058
011,-4.025,-1.625,-3.975,-1.625,R067,R069
011,-3.975,-1.625,-3.925,-1.625,R067,R069
011,-3.825,-1.625,-3.775,-1.625,R022,R067
011,-2.975,-1.625,-2.925,-1.625,R025,R022
011,-2.925,-1.625,-2.875,-1.625,R025,R023
011,-2.825,-1.625,-2.775,-1.625,R029,R025
011,-2.575,-1.625,-2.525,-1.625,R061,R029
011,-2.275,-1.625,-2.225,-1.625,R062,R061
011,-2.225,-1.625,-2.175,-1.625,R060,R062
011,-1.875,-1.625,-1.825,-1.625,R059,R058
011,-1.825,-1.625,-1.775,-1.625,R059,R058
011,-1.775,-1.625,-1.725,-1.625,R059,R058
011,-1.725,-1.625,-1.675,-1.625,R059,R058
011,-1.675,-1.625,-1.625,-1.625,R059,R058
011,-1.625,-1.625,-1.575,-1.625,R059,R058
011,-1.575,-1.625,-1.525,-1.625,R059,R058
011,-1.525,-1.625,-1.475,-1.625,R059,R058
011,-1.475,-1.625,-1.425,-1.625,R059,R058
011,-1.425,-1.625,-1.375,-1.625,R059,R058
011,-1.375,-1.625,-1.325,-1.625,R059,R058
011,-1.325,-1.625,-1.275,-1.625,R059,R058
011,-1.275,-1.625,-1.225,-1.625,R059,R058
011,-1.225,-1.625,-1.175,-1.625,R059,R058
011,-1.175,-1.625,-1.125,-1.625,R059,R058
011,-1.125,-1.625,-1.075,-1.625,R059,R058
011,-1.075,-1.625,-1.025,-1.625,R059,R058
011,-1.025,-1.625,-0.975,-1.625,R059,R058
011,-0.975,-1.625,-0.925,-1.625,R059,R058
011,-0.925,-1.625,-0.875,-1.625,R059,R058
011,-0.875,-1.625,-0.825,-1.625,R059,R058
011,-0.725,-1.625,-0.675,-1.625,R053,R058
011,-3.925,-1.575,-3.875,-1.575,R067,R069
011,-3.775,-1.575,-3.725,-1.575,R022,R067
011,-3.725,-1.575,-3.675,-1.575,R022,R067
011,-2.925,-1.575,-2.875,-1.575,R023,R022
011,-2.875,-1.575,-2.825,-1.575,R025,R023
011,-2.775,-1.575,-2.725,-1.575,R029,R025
011,-2.525,-1.575,-2.475,-1.575,R061,R029
011,-2.225,-1.575,-2.175,-1.575,R062,R060
011,-0.675,-1.575,-0.625,-1.575,R012,R013
011,-3.875,-1.525,-3.825,-1.525,R067,R069
011,-3.825,-1.525,-3.775,-1.525,R067,R069
011,-3.675,-1.525,-3.625,-1.525,R022,R067
011,-2.875,-1.525,-2.825,-1.525,R023,R022
011,-2.825,-1.525,-2.775,-1.525,R025,R023
011,-2.725,-1.525,-2.675,-1.525,R029,R025
011,-2.675,-1.525,-2.625,-1.525,R029,R025
011,-2.475,-1.525,-2.425,-1.525,R061,R029
011,-2.425,-1.525,-2.375,-1.525,R061,R060
011,-2.375,-1.525,-2.325,-1.525,R061,R060
011,-2.325,-1.525,-2.275,-1.525,R061,R060
011,-2.275,-1.525,-2.225,-1.525,R061,R060
011,-0.625,-1.525,-0.575,-1.525,R012,R013
011,-3.775,-1.475,-3.725,-1.475,R067,R069
011,-3.625,-1.475,-3.575,-1.475,R022,R067
011,-3.575,-1.475,-3.525,-1.475,R022,R066
011,-2.825,-1.475,-2.775,-1.475,R023,R022
011,-2.775,-1.475,-2.725,-1.475,R025,R023
011,-2.625,-1.475,-2.575,-1.475,R029,R025
011,-2.425,-1.475,-2.375,-1.475,R060,R029
011,-1.175,-1.475,-1.125,-1.475,R058,R013
011,-1.125,-1.475,-1.075,-1.475,R058,R013
011,-1.075,-1.475,-1.025,-1.475,R058,R013
011,-1.025,-1.475,-0.975,-1.475,R058,R013
011,-0.975,-1.475,-0.925,-1.475,R058,R013
011,-0.925,-1.475,-0.875,-1.475,R058,R013
011,-0.875,-1.475,-0.825,-1.475,R058,R013
011,-0.825,-1.475,-0.775,-1.475,R058,R013
011,-0.775,-1.475,-0.725,-1.475,R058,R013
011,-0.725,-1.475,-0.675,-1.475,R058,R013
011,-0.575,-1.475,-0.525,-1.475,R012,R013
011,-3.725,-1.425,-3.675,-1.425,R067,R069
011,-3.675,-1.425,-3.625,-1.425,R067,R069
011,-3.575,-1.425,-3.525,-1.425,R066,R067
011,-3.525,-1.425,-3.475,-1.425,R022,R066
011,-2.775,-1.425,-2.725,-1.425,R023,R022
011,-2.725,-1.425,-2.675,-1.425,R025,R023
011,-2.675,-1.425,-2.625,-1.425,R025,R023
011,-2.575,-1.425,-2.525,-1.425,R029,R025
011,-2.375,-1.425,-2.325,-1.425,R060,R029
011,-1.825,-1.425,-1.775,-1.425,R058,R064
011,-1.775,-1.425,-1.725,-1.425,R058,R063
011,-1.725,-1.425,-1.675,-1.425,R058,R063
011,-1.675,-1.425,-1.625,-1.425,R058,R063
011,-1.175,-1.425,-1.125,-1.425,R013,R058
011,-0.525,-1.425,-0.475,-1.425,R012,R013
011,-3.625,-1.375,-3.575,-1.375,R067,R069
011,-3.525,-1.375,-3.475,-1.375,R066,R067
011,-3.475,-1.375,-3.425,-1.375,R022,R066
011,-3.425,-1.375,-3.375,-1.375,R022,R066
011,-2.725,-1.375,-2.675,-1.375,R023,R022
011,-2.625,-1.375,-2.575,-1.375,R025,R023
011,-2.525,-1.375,-2.475,-1.375,R029,R025
011,-2.325,-1.375,-2.275,-1.375,R060,R029
011,-1.925,-1.375,-1.875,-1.375,R058,R060
011,-1.825,-1.375,-1.775,-1.375,R064,R058
011,-1.775,-1.375,-1.725,-1.375,R063,R064
011,-1.625,-1.375,-1.575,-1.375,R058,R063
011,-0.475,-1.375,-0.425,-1.375,R012,R013
011,-4.025,-1.325,-3.975,-1.325,R069,R068
011,-3.975,-1.325,-3.925,-1.325,R069,R068
011,-3.925,-1.325,-3.875,-1.325,R069,R068
011,-3.875,-1.325,-3.825,-1.325,R069,R068
011,-3.825,-1.325,-3.775,-1.325,R069,R068
011,-3.775,-1.325,-3.725,-1.325,R069,R068
011,-3.725,-1.325,-3.675,-1.325,R069,R068
011,-3.675,-1.325,-3.625,-1.325,R069,R068
011,-3.625,-1.325,-3.575,-1.325,R069,R068
011,-3.575,-1.325,-3.525,-1.325,R067,R068
011,-3.525,-1.325,-3.475,-1.325,R067,R068
011,-3.475,-1.325,-3.425,-1.325,R066,R067
011,-3.375,-1.325,-3.325,-1.325,R022,R066
011,-3.325,-1.325,-3.275,-1.325,R022,R021
011,-2.675,-1.325,-2.625,-1.325,R023,R022
011,-2.575,-1.325,-2.525,-1.325,R025,R023
011,-2.475,-1.325,-2.425,-1.325,R029,R025
011,-2.425,-1.325,-2.375,-1.325,R029,R025
011,-2.275,-1.325,-2.225,-1.325,R060,R029
011,-1.575,-1.325,-1.525,-1.325,R058,R063
011,-1.125,-1.325,-1.075,-1.325,R013,R058
011,-0.425,-1.325,-0.375,-1.325,R012,R013
011,-3.475,-1.275,-3.425,-1.275,R067,R068
011,-3.425,-1.275,-3.375,-1.275,R066,R067
011,-3.325,-1.275,-3.275,-1.275,R021,R066
011,-3.275,-1.275,-3.225,-1.275,R022,R066
011,-3.225,-1.275,-3.175,-1.275,R022,R018
011,-3.175,-1.275,-3.125,-1.275,R022,R018
011,-3.125,-1.275,-3.075,-1.275,R022,R018
011,-3.075,-1.275,-3.025,-1.275,R022,R018
011,-3.025,-1.275,-2.975,-1.275,R022,R018
011,-2.975,-1.275,-2.925,-1.275,R022,R018
011,-2.925,-1.275,-2.875,-1.275,R022,R018
011,-2.875,-1.275,-2.825,-1.275,R022,R018
011,-2.825,-1.275,-2.775,-1.275,R022,R018
011,-2.775,-1.275,-2.725,-1.275,R022,R018
011,-2.725,-1.275,-2.675,-1.275,R022,R018
011,-2.675,-1.275,-2.625,-1.275,R022,R018
011,-2.625,-1.275,-2.575,-1.275,R023,R020
011,-2.525,-1.275,-2.475,-1.275,R025,R023
011,-2.375,-1.275,-2.325,-1.275,R029,R025
011,-2.225,-1.275,-2.175,-1.275,R060,R029
011,-1.875,-1.275,-1.825,-1.275,R058,R060
011,-1.775,-1.275,-1.725,-1.275,R064,R058
011,-1.725,-1.275,-1.675,-1.275,R063,R064
011,-1.525,-1.275,-1.475,-1.275,R058,R063
011,-0.375,-1.275,-0.325,-1.275,R012,R013
011,-3.425,-1.225,-3.375,-1.225,R067,R068
011,-3.375,-1.225,-3.325,-1.225,R066,R068
011,-3.225,-1.225,-3.175,-1.225,R018,R066
011,-2.625,-1.225,-2.575,-1.225,R020,R018
011,-2.575,-1.225,-2.525,-1.225,R023,R018
011,-2.475,-1.225,-2.425,-1.225,R025,R023
011,-2.425,-1.225,-2.375,-1.225,R025,R023
011,-2.325,-1.225,-2.275,-1.225,R029,R025
011,-2.175,-1.225,-2.125,-1.225,R060,R029
011,-1.825,-1.225,-1.775,-1.225,R058,R060
011,-1.475,-1.225,-1.425,-1.225,R058,R063
011,-1.075,-1.225,-1.025,-1.225,R013,R058
011,-0.325,-1.225,-0.275,-1.225,R010,R011
011,-3.325,-1.175,-3.275,-1.175,R066,R068
011,-3.175,-1.175,-3.125,-1.175,R018,R066
011,-3.125,-1.175,-3.075,-1.175,R018,R066
011,-2.525,-1.175,-2.475,-1.175,R023,R018
011,-2.475,-1.175,-2.425,-1.175,R023,R019
011,-2.375,-1.175,-2.325,-1.175,R025,R023
011,-2.275,-1.175,-2.225,-1.175,R029,R025
011,-2.125,-1.175,-2.075,-1.175,R060,R029
011,-1.775,-1.175,-1.725,-1.175,R058,R060
011,-1.725,-1.175,-1.675,-1.175,R064,R058
011,-1.675,-1.175,-1.625,-1.175,R063,R064
011,-1.425,-1.175,-1.375,-1.175,R058,R063
011,-0.275,-1.175,-0.225,-1.175,R010,R011
011,-3.275,-1.125,-3.225,-1.125,R066,R068
011,-3.225,-1.125,-3.175,-1.125,R066,R068
011,-3.075,-1.125,-3.025,-1.125,R018,R066
011,-2.475,-1.125,-2.425,-1.125,R019,R018
011,-2.425,-1.125,-2.375,-1.125,R023,R019
011,-2.375,-1.125,-2.325,-1.125,R023,R019
011,-2.325,-1.125,-2.275,-1.125,R025,R023
011,-2.225,-1.125,-2.175,-1.125,R029,R025
011,-2.175,-1.125,-2.125,-1.125,R029,R025
011,-1.375,-1.125,-1.325,-1.125,R058,R063
011,-1.025,-1.125,-0.975,-1.125,R013,R058
011,-0.225,-1.125,-0.175,-1.125,R010,R011
011,-3.175,-1.075,-3.125,-1.075,R066,R068
011,-3.025,-1.075,-2.975,-1.075,R018,R066
011,-2.975,-1.075,-2.925,-1.075,R018,R066
011,-2.425,-1.075,-2.375,-1.075,R019,R018
011,-2.325,-1.075,-2.275,-1.075,R023,R019
011,-2.275,-1.075,-2.225,-1.075,R025,R019
011,-2.125,-1.075,-2.075,-1.075,R029,R025
011,-1.725,-1.075,-1.675,-1.075,R058,R060
011,-1.675,-1.075,-1.625,-1.075,R064,R058
011,-1.625,-1.075,-1.575,-1.075,R063,R064
011,-1.325,-1.075,-1.275,-1.075,R058,R063
011,-0.175,-1.075,-0.125,-1.075,R010,R011
011,-3.125,-1.025,-3.075,-1.025,R066,R068
011,-3.075,-1.025,-3.025,-1.025,R066,R068
011,-2.925,-1.025,-2.875,-1.025,R018,R065
011,-2.875,-1.025,-2.825,-1.025,R018,R015
011,-2.825,-1.025,-2.775,-1.025,R018,R015
011,-2.775,-1.025,-2.725,-1.025,R018,R015
011,-2.725,-1.025,-2.675,-1.025,R018,R015
011,-2.675,-1.025,-2.625,-1.025,R018,R015
011,-2.625,-1.025,-2.575,-1.025,R018,R015
011,-2.575,-1.025,-2.525,-1.025,R018,R015
011,-2.525,-1.025,-2.475,-1.025,R018,R015
011,-2.475,-1.025,-2.425,-1.025,R018,R015
011,-2.425,-1.025,-2.375,-1.025,R018,R015
011,-2.375,-1.025,-2.325,-1.025,R019,R015
011,-2.325,-1.025,-2.275,-1.025,R019,R017
011,-2.275,-1.025,-2.225,-1.025,R019,R017
011,-2.225,-1.025,-2.175,-1.025,R025,R017
011,-2.175,-1.025,-2.125,-1.025,R025,R017
011,-1.625,-1.025,-1.575,-1.025,R064,R045
011,-1.275,-1.025,-1.225,-1.025,R058,R063
011,-0.975,-1.025,-0.925,-1.025,R013,R058
011,-0.125,-1.025,-0.075,-1.025,R010,R011
011,-3.025,-0.975,-2.975,-0.975,R066,R068
011,-2.925,-0.975,-2.875,-0.975,R065,R066
011,-2.875,-0.975,-2.825,-0.975,R015,R065
011,-2.825,-0.975,-2.775,-0.975,R015,R065
011,-2.325,-0.975,-2.275,-0.975,R017,R015
011,-2.125,-0.975,-2.075,-0.975,R025,R017
011,-1.625,-0.975,-1.575,-0.975,R045,R058
011,-1.575,-0.975,-1.525,-0.975,R063,R045
011,-1.225,-0.975,-1.175,-0.975,R058,R063
011,-0.075,-0.975,-0.025,-0.975,R010,R011
011,-2.975,-0.925,-2.925,-0.925,R066,R068
011,-2.925,-0.925,-2.875,-0.925,R066,R068
011,-2.775,-0.925,-2.725,-0.925,R015,R065
011,-2.275,-0.925,-2.225,-0.925,R017,R015
011,-1.575,-0.925,-1.525,-0.925,R045,R058
011,-1.525,-0.925,-1.475,-0.925,R063,R044
011,-1.475,-0.925,-1.425,-0.925,R063,R044
011,-1.175,-0.925,-1.125,-0.925,R058,R063
011,-0.925,-0.925,-0.875,-0.925,R013,R058
011,-0.025,-0.925,0.025,-0.925,R010,R011
011,-2.875,-0.875,-2.825,-0.875,R065,R068
011,-2.725,-0.875,-2.675,-0.875,R015,R065
011,-2.675,-0.875,-2.625,-0.875,R015,R065
011,-2.225,-0.875,-2.175,-0.875,R017,R015
011,-2.075,-0.875,-2.025,-0.875,R060,R055
011,-1.525,-0.875,-1.475,-0.875,R044,R058
011,-1.425,-0.875,-1.375,-0.875,R063,R044
011,-1.125,-0.875,-1.075,-0.875,R058,R063
011,-2.825,-0.825,-2.775,-0.825,R065,R068
011,-2.775,-0.825,-2.725,-0.825,R065,R068
011,-2.625,-0.825,-2.575,-0.825,R015,R065
011,-2.175,-0.825,-2.125,-0.825,R017,R015
011,-2.025,-0.825,-1.975,-0.825,R060,R055
011,-1.475,-0.825,-1.425,-0.825,R044,R043
011,-1.375,-0.825,-1.325,-0.825,R063,R044
011,-1.075,-0.825,-1.025,-0.825,R058,R063
011,-0.875,-0.825,-0.825,-0.825,R013,R058
011,-2.725,-0.775,-2.675,-0.775,R065,R068
011,-2.575,-0.775,-2.525,-0.775,R015,R065
011,-2.525,-0.775,-2.475,-0.775,R015,R065
011,-2.125,-0.775,-2.075,-0.775,R017,R015
011,-2.075,-0.775,-2.025,-0.775,R055,R016
011,-2.025,-0.775,-1.975,-0.775,R055,R039
011,-1.975,-0.775,-1.925,-0.775,R060,R055
011,-1.925,-0.775,-1.875,-0.775,R060,R055
011,-1.475,-0.775,-1.425,-0.775,R043,R058
011,-1.425,-0.775,-1.375,-0.775,R044,R043
011,-1.375,-0.775,-1.325,-0.775,R044,R043
011,-1.325,-0.775,-1.275,-0.775,R063,R044
011,-1.025,-0.775,-0.975,-0.775,R058,R063
011,-4.025,-0.725,-3.975,-0.725,R068,R050
011,-3.975,-0.725,-3.925,-0.725,R068,R050
011,-3.925,-0.725,-3.875,-0.725,R068,R050
011,-3.875,-0.725,-3.825,-0.725,R068,R050
011,-3.825,-0.725,-3.775,-0.725,R068,R050
011,-3.775,-0.725,-3.725,-0.725,R068,R050
011,-3.725,-0.725,-3.675,-0.725,R068,R050
011,-3.675,-0.725,-3.625,-0.725,R068,R050
011,-3.625,-0.725,-3.575,-0.725,R068,R050
011,-3.575,-0.725,-3.525,-0.725,R068,R050
011,-3.525,-0.725,-3.475,-0.725,R068,R050
011,-3.475,-0.725,-3.425,-0.725,R068,R050
011,-3.425,-0.725,-3.375,-0.725,R068,R050
011,-3.375,-0.725,-3.325,-0.725,R068,R050
011,-3.325,-0.725,-3.275,-0.725,R068,R050
011,-3.275,-0.725,-3.225,-0.725,R068,R050
011,-3.225,-0.725,-3.175,-0.725,R068,R050
011,-3.175,-0.725,-3.125,-0.725,R068,R050
011,-3.125,-0.725,-3.075,-0.725,R068,R050
011,-3.075,-0.725,-3.025,-0.725,R068,R050
011,-3.025,-0.725,-2.975,-0.725,R068,R050
011,-2.975,-0.725,-2.925,-0.725,R068,R050
011,-2.925,-0.725,-2.875,-0.725,R068,R050
011,-2.875,-0.725,-2.825,-0.725,R068,R050
011,-2.825,-0.725,-2.775,-0.725,R068,R050
011,-2.775,-0.725,-2.725,-0.725,R068,R050
011,-2.725,-0.725,-2.675,-0.725,R068,R050
011,-2.675,-0.725,-2.625,-0.725,R065,R068
011,-2.625,-0.725,-2.575,-0.725,R065,R068
011,-2.475,-0.725,-2.425,-0.725,R015,R065
011,-2.025,-0.725,-1.975,-0.725,R039,R016
011,-1.975,-0.725,-1.925,-0.725,R055,R039
011,-1.875,-0.725,-1.825,-0.725,R060,R055
011,-1.325,-0.725,-1.275,-0.725,R044,R043
011,-1.275,-0.725,-1.225,-0.725,R063,R044
011,-1.225,-0.725,-1.175,-0.725,R063,R044
011,-0.975,-0.725,-0.925,-0.725,R058,R063
011,-0.825,-0.725,-0.775,-0.725,R013,R058
011,-0.775,-0.725,-0.725,-0.725,R013,R006
011,-0.725,-0.725,-0.675,-0.725,R013,R006
011,-0.675,-0.725,-0.625,-0.725,R013,R006
011,-0.625,-0.725,-0.575,-0.725,R013,R006
011,-0.575,-0.725,-0.525,-0.725,R013,R006
011,-0.525,-0.725,-0.475,-0.725,R013,R006
011,-0.475,-0.725,-0.425,-0.725,R013,R006
011,-0.425,-0.725,-0.375,-0.725,R013,R007
011,-0.375,-0.725,-0.325,-0.725,R013,R007
011,-0.325,-0.725,-0.275,-0.725,R011,R007
011,-0.275,-0.725,-0.225,-0.725,R011,R007
011,-0.225,-0.725,-0.175,-0.725,R011,R007
011,-0.175,-0.725,-0.125,-0.725,R011,R007
011,-0.125,-0.725,-0.075,-0.725,R011,R007
011,-0.075,-0.725,-0.025,-0.725,R011,R007
011,-0.025,-0.725,0.025,-0.725,R011,R007
011,-2.675,-0.675,-2.625,-0.675,R068,R050
011,-2.625,-0.675,-2.575,-0.675,R068,R050
011,-2.575,-0.675,-2.525,-0.675,R065,R068
011,-2.425,-0.675,-2.375,-0.675,R015,R065
011,-2.375,-0.675,-2.325,-0.675,R015,R065
011,-1.975,-0.675,-1.925,-0.675,R039,R016
011,-1.925,-0.675,-1.875,-0.675,R055,R039
011,-1.875,-0.675,-1.825,-0.675,R055,R039
011,-1.825,-0.675,-1.775,-0.675,R060,R055
011,-1.775,-0.675,-1.725,-0.675,R060,R055
011,-1.425,-0.675,-1.375,-0.675,R043,R058
011,-1.275,-0.675,-1.225,-0.675,R044,R043
011,-1.175,-0.675,-1.125,-0.675,R063,R044
011,-1.125,-0.675,-1.075,-0.675,R063,R044
011,-1.075,-0.675,-1.025,-0.675,R063,R044
011,-1.025,-0.675,-0.975,-0.675,R063,R044
011,-0.975,-0.675,-0.925,-0.675,R063,R044
011,-0.925,-0.675,-0.875,-0.675,R058,R037
011,-0.875,-0.675,-0.825,-0.675,R058,R035
011,-0.825,-0.675,-0.775,-0.675,R058,R038
011,-0.775,-0.675,-0.725,-0.675,R006,R038
011,-0.725,-0.675,-0.675,-0.675,R006,R038
011,-0.675,-0.675,-0.625,-0.675,R006,R038
011,-0.625,-0.675,-0.575,-0.675,R006,R038
011,-0.575,-0.675,-0.525,-0.675,R006,R038
011,-0.525,-0.675,-0.475,-0.675,R006,R038
011,-0.475,-0.675,-0.425,-0.675,R006,R038
011,-0.425,-0.675,-0.375,-0.675,R007,R038
011,-0.025,-0.675,0.025,-0.675,R007,R008
011,-2.575,-0.625,-2.525,-0.625,R068,R050
011,-2.525,-0.625,-2.475,-0.625,R065,R050
011,-2.475,-0.625,-2.425,-0.625,R065,R050
011,-2.425,-0.625,-2.375,-0.625,R065,R046
011,-2.375,-0.625,-2.325,-0.625,R065,R046
011,-2.325,-0.625,-2.275,-0.625,R015,R046
011,-2.275,-0.625,-2.225,-0.625,R015,R046
011,-1.925,-0.625,-1.875,-0.625,R039,R016
011,-1.825,-0.625,-1.775,-0.625,R055,R039
011,-1.775,-0.625,-1.725,-0.625,R055,R039
011,-1.725,-0.625,-1.675,-0.625,R060,R039
011,-1.675,-0.625,-1.625,-0.625,R058,R042
011,-1.625,-0.625,-1.575,-0.625,R058,R041
011,-1.575,-0.625,-1.525,-0.625,R058,R041
011,-1.525,-0.625,-1.475,-0.625,R058,R041
011,-1.475,-0.625,-1.425,-0.625,R058,R035
011,-1.425,-0.625,-1.375,-0.625,R058,R035
011,-1.375,-0.625,-1.325,-0.625,R043,R035
011,-1.225,-0.625,-1.175,-0.625,R044,R043
011,-0.875,-0.625,-0.825,-0.625,R035,R037
011,-0.075,-0.625,-0.025,-0.625,R007,R008
011,-0.025,-0.625,0.025,-0.625,R008,R009
011,-2.425,-0.575,-2.375,-0.575,R046,R050
011,-2.375,-0.575,-2.325,-0.575,R046,R050
011,-2.325,-0.575,-2.275,-0.575,R046,R050
011,-2.225,-0.575,-2.175,-0.575,R015,R046
011,-2.175,-0.575,-2.125,-0.575,R015,R046
011,-1.875,-0.575,-1.825,-0.575,R039,R016
011,-1.675,-0.575,-1.625,-0.575,R042,R039
011,-1.625,-0.575,-1.575,-0.575,R041,R039
011,-1.475,-0.575,-1.425,-0.575,R035,R041
011,-1.325,-0.575,-1.275,-0.575,R043,R035
011,-1.275,-0.575,-1.225,-0.575,R043,R035
011,-1.175,-0.575,-1.125,-0.575,R044,R043
011,-1.125,-0.575,-1.075,-0.575,R044,R043
011,-0.825,-0.575,-0.775,-0.575,R038,R037
011,-0.375,-0.575,-0.325,-0.575,R007,R038
011,-2.275,-0.525,-2.225,-0.525,R046,R050
011,-2.225,-0.525,-2.175,-0.525,R046,R050
011,-2.125,-0.525,-2.075,-0.525,R015,R046
011,-2.075,-0.525,-2.025,-0.525,R016,R046
011,-2.025,-0.525,-1.975,-0.525,R016,R046
011,-1.825,-0.525,-1.775,-0.525,R039,R016
011,-1.575,-0.525,-1.525,-0.525,R041,R039
011,-1.425,-0.525,-1.375,-0.525,R035,R041
011,-1.225,-0.525,-1.175,-0.525,R043,R035
011,-1.075,-0.525,-1.025,-0.525,R044,R043
011,-1.025,-0.525,-0.975,-0.525,R044,R043
011,-0.975,-0.525,-0.925,-0.525,R044,R043
011,-0.775,-0.525,-0.725,-0.525,R038,R037
011,-2.175,-0.475,-2.125,-0.475,R046,R050
011,-2.125,-0.475,-2.075,-0.475,R046,R050
011,-2.075,-0.475,-2.025,-0.475,R046,R050
011,-1.975,-0.475,-1.925,-0.475,R016,R046
011,-1.925,-0.475,-1.875,-0.475,R016,R046
011,-1.875,-0.475,-1.825,-0.475,R016,R014
011,-1.825,-0.475,-1.775,-0.475,R016,R014
011,-1.775,-0.475,-1.725,-0.475,R039,R014
011,-1.525,-0.475,-1.475,-0.475,R041,R039
011,-1.475,-0.475,-1.425,-0.475,R041,R039
011,-1.375,-0.475,-1.325,-0.475,R035,R041
011,-1.175,-0.475,-1.125,-0.475,R043,R035
011,-1.075,-0.475,-1.025,-0.475,R043,R037
011,-0.725,-0.475,-0.675,-0.475,R038,R037
011,-2.025,-0.425,-1.975,-0.425,R046,R050
011,-1.975,-0.425,-1.925,-0.425,R046,R050
011,-1.875,-0.425,-1.825,-0.425,R014,R046
011,-1.825,-0.425,-1.775,-0.425,R014,R046
011,-1.775,-0.425,-1.725,-0.425,R014,R046
011,-1.725,-0.425,-1.675,-0.425,R039,R014
011,-1.425,-0.425,-1.375,-0.425,R041,R039
011,-1.325,-0.425,-1.275,-0.425,R035,R041
011,-1.125,-0.425,-1.075,-0.425,R043,R035
011,-1.075,-0.425,-1.025,-0.425,R037,R043
011,-1.025,-0.425,-0.975,-0.425,R043,R037
011,-0.675,-0.425,-0.625,-0.425,R038,R002
011,-0.625,-0.425,-0.575,-0.425,R038,R002
011,-0.575,-0.425,-0.525,-0.425,R038,R002
011,-0.525,-0.425,-0.475,-0.425,R038,R002
011,-0.475,-0.425,-0.425,-0.425,R038,R002
011,-0.425,-0.425,-0.375,-0.425,R038,R002
011,-0.375,-0.425,-0.325,-0.425,R038,R002
011,-0.325,-0.425,-0.275,-0.425,R007,R002
011,-0.275,-0.425,-0.225,-0.425,R007,R002
011,-0.225,-0.425,-0.175,-0.425,R007,R002
011,-0.175,-0.425,-0.125,-0.425,R007,R002
011,-0.125,-0.425,-0.075,-0.425,R007,R001
011,-0.075,-0.425,-0.025,-0.425,R008,R001
011,-0.025,-0.425,0.025,-0.425,R009,R001
011,-1.925,-0.375,-1.875,-0.375,R046,R050
011,-1.875,-0.375,-1.825,-0.375,R046,R050
011,-1.825,-0.375,-1.775,-0.375,R046,R050
011,-1.725,-0.375,-1.675,-0.375,R014,R046
011,-1.675,-0.375,-1.625,-0.375,R039,R046
011,-1.375,-0.375,-1.325,-0.375,R041,R039
011,-1.325,-0.375,-1.275,-0.375,R041,R039
011,-1.275,-0.375,-1.225,-0.375,R035,R041
011,-1.075,-0.375,-1.025,-0.375,R043,R035
011,-0.975,-0.375,-0.925,-0.375,R043,R037
011,-0.925,-0.375,-0.875,-0.375,R037,R043
011,-1.775,-0.325,-1.725,-0.325,R046,R050
011,-1.725,-0.325,-1.675,-0.325,R046,R050
011,-1.625,-0.325,-1.575,-0.325,R039,R046
011,-1.575,-0.325,-1.525,-0.325,R039,R046
011,-1.525,-0.325,-1.475,-0.325,R039,R046
011,-1.275,-0.325,-1.225,-0.325,R041,R039
011,-1.225,-0.325,-1.175,-0.325,R035,R041
011,-0.925,-0.325,-0.875,-0.325,R043,R037
011,-0.875,-0.325,-0.825,-0.325,R037,R043
011,-0.775,-0.325,-0.725,-0.325,R037,R003
011,-0.725,-0.325,-0.675,-0.325,R037,R003
011,-1.675,-0.275,-1.625,-0.275,R046,R050
011,-1.625,-0.275,-1.575,-0.275,R046,R050
011,-1.575,-0.275,-1.525,-0.275,R046,R050
011,-1.475,-0.275,-1.425,-0.275,R039,R046
011,-1.425,-0.275,-1.375,-0.275,R039,R046
011,-1.225,-0.275,-1.175,-0.275,R041,R039
011,-1.175,-0.275,-1.125,-0.275,R035,R039
011,-1.025,-0.275,-0.975,-0.275,R037,R035
011,-0.875,-0.275,-0.825,-0.275,R043,R037
011,-0.825,-0.275,-0.775,-0.275,R037,R043
011,-0.775,-0.275,-0.725,-0.275,R003,R030
011,-0.675,-0.275,-0.625,-0.275,R002,R003
011,-1.525,-0.225,-1.475,-0.225,R046,R050
011,-1.475,-0.225,-1.425,-0.225,R046,R050
011,-1.425,-0.225,-1.375,-0.225,R046,R047
011,-1.375,-0.225,-1.325,-0.225,R039,R047
011,-1.325,-0.225,-1.275,-0.225,R039,R047
011,-1.275,-0.225,-1.225,-0.225,R039,R047
011,-1.225,-0.225,-1.175,-0.225,R039,R040
011,-1.175,-0.225,-1.125,-0.225,R039,R040
011,-1.125,-0.225,-1.075,-0.225,R035,R040
011,-1.075,-0.225,-1.025,-0.225,R035,R036
011,-1.025,-0.225,-0.975,-0.225,R035,R036
011,-0.975,-0.225,-0.925,-0.225,R037,R035
011,-0.825,-0.225,-0.775,-0.225,R043,R037
011,-0.775,-0.225,-0.725,-0.225,R030,R043
011,-0.725,-0.225,-0.675,-0.225,R003,R032
011,-0.675,-0.225,-0.625,-0.225,R003,R005
011,-0.625,-0.225,-0.575,-0.225,R002,R004
011,-1.475,-0.175,-1.425,-0.175,R050,R051
011,-1.425,-0.175,-1.375,-0.175,R047,R051
011,-1.375,-0.175,-1.325,-0.175,R047,R051
011,-1.325,-0.175,-1.275,-0.175,R047,R051
011,-1.225,-0.175,-1.175,-0.175,R040,R047
011,-1.175,-0.175,-1.125,-0.175,R040,R047
011,-1.075,-0.175,-1.025,-0.175,R036,R040
011,-1.025,-0.175,-0.975,-0.175,R036,R034
011,-0.975,-0.175,-0.925,-0.175,R035,R033
011,-0.925,-0.175,-0.875,-0.175,R037,R033
011,-0.875,-0.175,-0.825,-0.175,R037,R033
011,-0.825,-0.175,-0.775,-0.175,R037,R030
011,-0.775,-0.175,-0.725,-0.175,R043,R030
011,-0.675,-0.175,-0.625,-0.175,R005,R032
011,-0.625,-0.175,-0.575,-0.175,R004,R005
011,-0.575,-0.175,-0.525,-0.175,R002,R004
011,-1.275,-0.125,-1.225,-0.125,R047,R051
011,-1.225,-0.125,-1.175,-0.125,R047,R051
011,-1.125,-0.125,-1.075,-0.125,R040,R047
011,-1.075,-0.125,-1.025,-0.125,R040,R047
011,-1.025,-0.125,-0.975,-0.125,R034,R052
011,-0.975,-0.125,-0.925,-0.125,R033,R052
011,-0.825,-0.125,-0.775,-0.125,R030,R033
011,-0.725,-0.125,-0.675,-0.125,R032,R030
011,-0.625,-0.125,-0.575,-0.125,R005,R032
011,-0.525,-0.125,-0.475,-0.125,R002,R004
011,-1.525,-0.075,-1.475,-0.075,R050,R051
011,-1.175,-0.075,-1.125,-0.075,R047,R049
011,-0.925,-0.075,-0.875,-0.075,R033,R052
011,-0.875,-0.075,-0.825,-0.075,R033,R052
011,-0.775,-0.075,-0.725,-0.075,R030,R033
011,-0.675,-0.075,-0.625,-0.075,R032,R031
011,-0.575,-0.075,-0.525,-0.075,R004,R032
011,-0.475,-0.075,-0.425,-0.075,R002,R004
011,-4.025,-0.025,-3.975,-0.025,R050,R048
011,-3.975,-0.025,-3.925,-0.025,R050,R048
011,-3.925,-0.025,-3.875,-0.025,R050,R048
011,-3.875,-0.025,-3.825,-0.025,R050,R048
011,-3.825,-0.025,-3.775,-0.025,R050,R048
011,-3.775,-0.025,-3.725,-0.025,R050,R048
011,-3.725,-0.025,-3.675,-0.025,R050,R048
011,-3.675,-0.025,-3.625,-0.025,R050,R048
011,-3.625,-0.025,-3.575,-0.025,R050,R048
011,-3.575,-0.025,-3.525,-0.025,R050,R048
011,-3.525,-0.025,-3.475,-0.025,R050,R048
011,-3.475,-0.025,-3.425,-0.025,R050,R048
011,-3.425,-0.025,-3.375,-0.025,R050,R048
011,-3.375,-0.025,-3.325,-0.025,R050,R048
011,-3.325,-0.025,-3.275,-0.025,R050,R048
011,-3.275,-0.025,-3.225,-0.025,R050,R048
011,-3.225,-0.025,-3.175,-0.025,R050,R048
011,-3.175,-0.025,-3.125,-0.025,R050,R048
011,-3.125,-0.025,-3.075,-0.025,R050,R048
011,-3.075,-0.025,-3.025,-0.025,R050,R048
011,-3.025,-0.025,-2.975,-0.025,R050,R048
011,-2.975,-0.025,-2.925,-0.025,R050,R048
011,-2.925,-0.025,-2.875,-0.025,R050,R048
011,-2.875,-0.025,-2.825,-0.025,R050,R048
011,-2.825,-0.025,-2.775,-0.025,R050,R048
011,-2.775,-0.025,-2.725,-0.025,R050,R048
011,-2.725,-0.025,-2.675,-0.025,R050,R048
011,-2.675,-0.025,-2.625,-0.025,R050,R048
011,-2.625,-0.025,-2.575,-0.025,R050,R048
011,-2.575,-0.025,-2.525,-0.025,R050,R048
011,-2.525,-0.025,-2.475,-0.025,R050,R048
011,-2.475,-0.025,-2.425,-0.025,R050,R048
011,-2.425,-0.025,-2.375,-0.025,R050,R048
011,-2.375,-0.025,-2.325,-0.025,R050,R048
011,-2.325,-0.025,-2.275,-0.025,R050,R048
011,-2.275,-0.025,-2.225,-0.025,R050,R048
011,-2.225,-0.025,-2.175,-0.025,R050,R048
011,-2.175,-0.025,-2.125,-0.025,R050,R048
011,-2.125,-0.025,-2.075,-0.025,R050,R048
011,-2.075,-0.025,-2.025,-0.025,R050,R048
011,-2.025,-0.025,-1.975,-0.025,R050,R048
011,-1.975,-0.025,-1.925,-0.025,R050,R048
011,-1.925,-0.025,-1.875,-0.025,R050,R048
011,-1.875,-0.025,-1.825,-0.025,R050,R048
011,-1.825,-0.025,-1.775,-0.025,R050,R048
011,-1.775,-0.025,-1.725,-0.025,R050,R048
011,-1.725,-0.025,-1.675,-0.025,R050,R048
011,-1.675,-0.025,-1.625,-0.025,R050,R048
011,-1.625,-0.025,-1.575,-0.025,R050,R048
011,-1.575,-0.025,-1.525,-0.025,R050,R048
011,-1.525,-0.025,-1.475,-0.025,R051,R049
011,-1.475,-0.025,-1.425,-0.025,R051,R049
011,-1.425,-0.025,-1.375,-0.025,R051,R049
011,-1.375,-0.025,-1.325,-0.025,R051,R049
011,-1.325,-0.025,-1.275,-0.025,R051,R049
011,-1.275,-0.025,-1.225,-0.025,R051,R049
011,-1.225,-0.025,-1.175,-0.025,R051,R049
011,-1.125,-0.025,-1.075,-0.025,R047,R049
011,-0.825,-0.025,-0.775,-0.025,R033,R052
011,-0.625,-0.025,-0.575,-0.025,R032,R031
011,-0.575,-0.025,-0.525,-0.025,R032,R031
011,-0.525,-0.025,-0.475,-0.025,R004,R031
011,-0.425,-0.025,-0.375,-0.025,R002,R004
011,-0.375,-0.025,-0.325,-0.025,R002,R001
011,-0.325,-0.025,-0.275,-0.025,R002,R001
011,-0.275,-0.025,-0.225,-0.025,R002,R001
011,-0.225,-0.025,-0.175,-0.025,R002,R001
011,-0.175,-0.025,-0.125,-0.025,R002,R001
